cost_price,current_price,price_to_cost_ratio,target_margin,competitor_median_price,competitor_gap_pct,inventory_coverage_days,available_quantity,ema_daily_sales,demand_velocity_ratio,organic_sales_ratio,rolling_avg_sales_7d,day_of_week,month_of_year,is_festival_period,seasonal_multiplier,is_promotional_event_active,category_encoded,tier_encoded,target_price
2185.43,3207.33,1.4676,0.1787,3099.79,-3.3527,5.79,242,41.813,1.0152,0.7041,33.299,6,1,1,1.0419,0,5,1,3112.22
4778.21,6847.06,1.433,0.1947,7302.07,6.6452,257.49,442,1.717,2.7154,0.9001,2.115,3,2,0,0.986,0,3,1,5796.7
3793.97,4931.14,1.2997,0.2709,5470.0,10.9277,27.33,468,17.122,0.5302,0.7391,16.982,3,3,1,1.0975,1,3,2,5176.05
3193.96,5321.71,1.6662,0.168,4651.23,-12.5988,19.64,428,21.789,0.548,0.638,27.914,1,11,1,1.0804,0,6,2,4533.76
1202.08,1869.4,1.5551,0.2739,2135.23,14.22,5.89,269,45.646,1.3514,0.8082,38.932,0,9,0,0.9684,0,2,0,1714.65
1201.98,2266.74,1.8858,0.1176,2220.34,-2.0472,8.68,222,25.569,1.9304,0.7021,33.123,5,12,1,1.0661,0,2,0,1963.41
761.38,896.36,1.1773,0.2554,737.42,-17.7325,28.49,405,14.215,2.0463,0.8061,11.848,4,3,1,1.0424,1,5,1,910.1
4397.79,7464.32,1.6973,0.2695,8595.62,15.1561,15.07,303,20.112,0.4056,0.8163,18.521,2,6,0,0.979,1,8,2,6393.36
3205.02,5764.25,1.7985,0.1364,5912.62,2.5741,7.01,157,22.385,0.4116,0.8015,23.648,2,9,0,0.9709,0,0,0,4945.18
3686.33,6619.03,1.7956,0.1861,5820.31,-12.0671,8.39,284,33.83,0.9431,0.6977,37.754,6,11,1,1.0628,0,4,0,5529.89
592.63,1127.87,1.9032,0.1331,1045.51,-7.302,11.62,35,3.013,1.4254,0.9254,3.412,2,7,0,1.0068,0,0,2,950.96
4864.59,8608.77,1.7697,0.2413,8847.66,2.7749,24.7,496,20.083,0.8264,0.7178,19.797,4,10,1,1.0452,1,0,2,7224.86
4245.99,8231.44,1.9386,0.2071,7817.15,-5.033,9.09,297,32.681,0.5551,0.7031,24.383,4,12,1,1.0523,0,2,2,7021.59
1455.53,2085.42,1.4328,0.2271,1863.01,-10.6647,1.88,28,14.883,0.5291,0.8316,14.848,2,6,0,1.01,0,2,2,2183.87
1318.21,2079.78,1.5777,0.1393,2062.57,-0.8276,13.0,390,29.996,1.6788,0.8317,27.021,2,2,0,1.019,0,3,2,1852.72
1325.32,1539.98,1.162,0.1423,1345.97,-12.5982,22.42,415,18.507,1.7045,0.9331,20.257,3,6,0,0.9948,0,2,2,1524.12
1869.09,2160.51,1.1559,0.1083,1940.46,-10.1848,10.37,396,38.177,1.3707,0.861,30.899,5,10,1,1.0348,1,5,0,2173.55
2861.4,3874.65,1.3541,0.1644,4381.04,13.0694,63.99,254,3.969,0.9753,0.9702,3.717,0,12,1,1.1196,0,3,2,4063.42
2443.75,3019.71,1.2357,0.2119,2691.82,-10.8584,8.61,396,45.98,0.648,0.7339,58.839,1,1,1,1.0563,1,7,1,2810.32
1810.53,2482.56,1.3712,0.2716,2676.57,7.8147,46.44,437,9.409,0.3852,0.849,7.088,4,7,0,0.9751,0,0,2,2253.56
3253.34,4230.92,1.3005,0.2334,3808.63,-9.9812,16.08,141,8.769,0.4718,0.8162,9.307,0,6,0,0.9592,0,7,1,3809.26
1127.72,1324.22,1.1742,0.1871,1171.88,-11.5041,3.15,133,42.192,0.3609,0.7961,31.829,2,8,0,1.0058,1,0,1,1327.35
1814.65,3489.41,1.9229,0.2906,3142.08,-9.9538,3.28,143,43.595,0.8606,0.8371,34.623,6,2,0,0.9745,0,0,1,2998.67
2148.63,2485.94,1.157,0.2438,2454.42,-1.2681,53.28,296,5.556,1.2622,0.9529,5.905,5,1,1,1.0865,0,6,2,2846.43
2552.31,4532.07,1.7757,0.286,3890.83,-14.1488,9.55,435,45.527,1.0334,0.9505,43.997,2,9,0,0.9928,0,0,2,3853.96
4033.29,5159.89,1.2793,0.2055,4347.96,-15.7355,25.5,367,14.392,2.0301,0.8945,14.81,2,9,0,0.9781,1,8,1,4655.27
1398.53,2692.73,1.9254,0.1518,2969.26,10.2696,10.86,340,31.312,1.0935,0.5438,38.449,2,10,1,1.1194,1,7,2,2318.32
2814.05,5371.68,1.9089,0.1106,4347.41,-19.0679,55.95,244,4.361,0.4396,0.8788,5.191,3,7,0,1.0188,0,0,0,4391.16
3165.87,5400.38,1.7058,0.2452,5153.01,-4.5806,12.87,253,19.652,0.9339,0.7271,24.227,4,1,1,1.0534,0,1,0,4505.3
709.03,1220.52,1.7214,0.1243,1169.76,-4.1586,15.72,363,23.086,0.9482,0.6494,24.696,2,2,0,0.9625,0,1,0,1035.94
3233.95,3733.72,1.1545,0.1606,4320.72,15.7217,13.13,399,30.392,1.2837,0.8076,30.203,2,9,0,0.9695,0,1,0,4011.38
1267.36,2518.42,1.9871,0.2065,2794.93,10.9796,0.15,4,26.738,1.5277,0.756,26.084,4,5,0,0.9972,0,5,2,2103.66
792.73,1503.15,1.8962,0.2129,1509.56,0.4271,17.24,407,23.613,1.2662,0.6923,27.011,1,2,0,0.9558,0,3,1,1265.73
4769.98,9114.68,1.9108,0.2201,9041.08,-0.8075,8.87,426,48.022,0.784,0.86,48.636,3,5,0,0.9972,0,7,2,7870.21
4845.34,8287.27,1.7104,0.1333,8504.73,2.6241,44.51,448,10.066,1.994,0.8576,7.685,3,1,1,1.0595,0,0,0,7034.36
4137.79,5971.11,1.4431,0.1759,5631.54,-5.6869,30.31,265,8.742,1.5195,0.8326,6.864,6,10,1,1.0467,1,9,2,5272.97
1870.76,3572.41,1.9096,0.2234,3859.31,8.0311,13.63,490,35.958,0.2738,0.7106,32.874,6,12,1,1.0601,1,3,2,3039.68
939.52,1313.26,1.3978,0.294,1411.0,7.4428,51.15,238,4.653,1.4646,0.8399,3.446,0,5,0,0.9661,0,9,0,1152.35
3579.05,5827.78,1.6283,0.2455,6001.81,2.9862,10.1,249,24.662,0.6423,0.9039,20.803,3,7,0,0.9591,0,4,1,5045.97
2480.69,3063.08,1.2348,0.2845,2521.15,-17.6923,17.88,442,24.719,0.4159,0.7539,27.038,6,8,0,1.0159,0,8,2,2858.96
1049.17,2028.74,1.9337,0.2524,1725.92,-14.9265,17.91,290,16.191,1.1342,0.9414,11.455,6,11,1,1.077,0,4,2,1710.11
2728.3,3463.99,1.2697,0.2183,2825.62,-18.4289,0.64,30,46.592,3.1954,0.9662,49.502,0,3,1,1.0694,0,2,0,3932.65
654.75,878.12,1.3412,0.1384,954.88,8.7406,8.02,119,14.845,0.9738,0.7913,17.27,1,4,0,0.9928,1,3,1,752.96
4591.94,7459.21,1.6244,0.2333,7392.38,-0.896,5.15,78,15.134,0.8654,0.9348,12.139,4,12,1,1.0752,0,9,0,6959.54
1664.51,2995.25,1.7995,0.2247,3540.36,18.1992,31.57,394,12.481,1.0495,0.7838,10.092,2,11,1,1.0602,0,6,0,2579.41
3481.35,5836.3,1.6764,0.2205,6892.28,18.0931,0.98,8,8.144,3.3043,0.9832,5.842,5,2,0,0.9689,0,0,2,6196.42
1902.7,2563.53,1.3473,0.198,2869.28,11.9268,23.84,449,18.837,0.8746,0.8648,18.977,0,1,1,1.0291,0,5,1,2422.21
2840.31,3268.63,1.1508,0.2057,3194.17,-2.278,1.25,43,34.363,1.6351,0.4783,37.551,6,10,1,1.1123,0,7,0,3659.65
2960.2,5309.34,1.7936,0.1669,4919.32,-7.346,9.93,371,37.366,0.8195,0.5354,36.4,6,8,0,1.0126,0,0,2,4657.98
1331.85,2646.94,1.9874,0.2039,2330.34,-11.961,5.41,221,40.858,0.748,0.9213,38.147,5,7,0,0.9914,0,7,0,2199.05
4863.13,8940.51,1.8384,0.1395,7983.85,-10.7002,13.39,143,10.68,2.0261,0.9103,10.388,5,11,1,1.0782,0,6,2,7593.78
3988.1,6146.36,1.5412,0.261,7351.83,19.6127,43.34,119,2.746,0.5762,0.7639,3.21,3,8,0,1.0176,1,0,1,5156.31
4727.75,9068.77,1.9182,0.1372,9178.86,1.214,8.84,431,48.76,1.4525,0.4619,35.112,6,5,0,0.9642,0,8,0,8011.97
4526.72,6782.71,1.4984,0.117,5459.41,-19.5099,30.55,52,1.702,0.8429,0.762,1.992,5,5,0,0.9512,0,2,1,5634.42
3190.55,5092.74,1.5962,0.1872,4164.42,-18.2283,1.33,64,48.073,0.6848,0.7757,52.871,2,1,1,1.0613,0,1,1,4559.36
4648.43,7230.92,1.5556,0.2317,7111.66,-1.6494,4.21,175,41.612,0.8114,0.6511,35.156,1,9,0,0.9541,0,6,2,6583.02
898.22,1374.7,1.5305,0.1875,1343.62,-2.2607,1.51,69,45.692,0.3244,0.7411,46.37,4,11,1,1.0348,0,2,0,1203.51
1381.92,2499.78,1.8089,0.1554,2405.34,-3.7777,15.07,301,19.972,0.5915,0.9548,14.571,0,3,1,1.1017,0,0,0,2103.11
703.52,1124.06,1.5978,0.2116,1269.56,12.9441,11.25,120,10.663,1.0693,0.9049,9.893,3,1,1,1.0643,0,9,2,1166.98
1963.99,2787.31,1.4192,0.1694,3013.81,8.1262,12.24,376,30.717,0.8836,0.6823,24.709,5,4,0,0.9938,1,2,2,2349.87
2249.05,3079.92,1.3694,0.2866,2596.27,-15.7033,5.41,202,37.321,0.6232,0.8668,26.624,5,12,1,1.0695,0,5,1,3163.81
1721.07,2034.45,1.1821,0.2845,1922.7,-5.4928,38.85,288,7.412,2.0977,0.9578,6.777,2,4,0,0.9815,1,2,0,1979.23
4229.32,6960.26,1.6457,0.2005,7229.42,3.8672,4.47,179,40.083,0.6085,0.9113,45.521,2,8,0,0.9793,0,4,0,5930.93
2105.39,2832.73,1.3455,0.1656,2699.58,-4.7004,7.13,80,11.221,2.0515,0.5849,14.056,2,10,1,1.0627,0,8,2,3170.69
1764.21,2250.97,1.2759,0.2474,1988.34,-11.6678,2.15,54,25.092,1.0762,0.873,27.535,4,10,1,1.0659,0,6,2,2582.69
2942.13,5018.56,1.7058,0.1073,5275.61,5.1221,4.14,178,42.968,0.8766,0.9232,40.44,0,5,0,1.0069,0,1,2,4229.5
1134.16,1960.99,1.729,0.195,2041.2,4.09,9.26,97,10.478,1.0479,0.8312,13.618,4,10,1,1.0423,0,0,0,1646.48
4109.89,7353.95,1.7893,0.1673,8750.05,18.9844,8.48,109,12.852,1.1582,0.5561,11.179,5,12,1,1.0226,1,6,0,6404.26
835.48,1318.42,1.578,0.2841,1350.62,2.4428,103.78,423,4.076,0.6201,0.6831,3.311,3,5,0,0.9955,0,3,1,1092.89
4940.99,9437.03,1.9099,0.1024,10849.93,14.9719,18.57,152,8.184,0.6286,0.7031,8.006,0,1,1,1.0355,1,6,2,8059.52
3975.1,7735.12,1.9459,0.2106,9124.95,17.9678,54.52,446,8.18,0.9047,0.7178,8.204,1,11,1,1.0544,0,5,1,6780.56
1394.22,2560.16,1.8363,0.2481,2493.37,-2.6086,36.93,405,10.968,1.2442,0.5885,10.013,1,4,0,0.9751,0,6,0,2141.01
524.85,887.13,1.6903,0.197,728.47,-17.8843,31.48,473,15.024,1.3935,0.6402,16.786,5,8,0,0.9762,0,3,1,790.19
4169.58,5871.44,1.4082,0.1171,5034.16,-14.2602,3.03,124,40.934,1.864,0.4609,33.17,4,8,0,0.987,0,2,1,5058.02
3680.86,7308.36,1.9855,0.2945,7319.96,0.1588,1.96,90,45.872,0.541,0.7374,46.157,4,4,0,1.0085,0,4,1,6003.83
3780.53,5228.54,1.383,0.2036,6050.37,15.7183,14.01,293,20.908,1.1953,0.5615,20.909,5,3,1,1.0564,0,2,2,5753.34
3970.72,5250.31,1.3223,0.2228,5574.01,6.1653,53.83,392,7.282,0.9935,0.621,8.697,4,4,0,0.9644,0,2,0,4566.32
833.2,1271.32,1.5258,0.1473,1119.52,-11.9407,3.01,36,11.967,0.7661,0.7954,15.032,1,6,0,0.9999,0,3,2,1065.85
2113.1,2532.15,1.1983,0.1967,2735.78,8.0418,0.11,4,37.074,2.7233,0.5,40.706,1,3,1,1.0663,0,7,1,2815.34
1021.41,2024.15,1.9817,0.1858,2343.33,15.7688,9.86,337,34.194,1.2412,0.9742,30.201,0,11,1,1.1065,0,1,2,1879.13
4383.97,7234.28,1.6502,0.115,5874.89,-18.791,3.08,149,48.393,2.0431,0.7937,53.899,5,12,1,1.0253,0,3,0,5896.26
3304.84,5365.11,1.6234,0.1212,4813.17,-10.2875,213.46,365,1.71,0.186,0.9055,1.455,0,3,1,1.0364,0,2,0,4605.66
1989.04,3396.14,1.7074,0.2675,2925.0,-13.8728,10.45,395,37.787,1.688,0.8716,48.365,4,9,0,1.0109,0,6,1,2837.67
786.01,1235.98,1.5725,0.148,1376.44,11.3641,12.22,315,25.784,1.3074,0.718,30.771,5,3,1,1.1088,0,1,1,1205.56
1899.42,2236.1,1.1773,0.139,2586.25,15.6591,3.78,171,45.232,1.4204,0.8833,43.365,2,1,1,1.0554,0,0,2,2596.34
1963.32,3279.66,1.6705,0.201,3351.24,2.1823,13.85,405,29.232,0.8637,0.95,34.219,0,11,1,1.0387,0,9,0,2781.14
3783.23,6653.74,1.7587,0.2537,7580.48,13.9281,11.4,261,22.887,2.873,0.9067,21.632,1,3,1,1.1001,0,0,0,6188.89
3369.01,5067.79,1.5042,0.1124,5385.92,6.2775,14.36,483,33.627,0.9063,0.7548,25.044,6,11,1,1.0502,0,5,2,4621.48
4492.46,8058.13,1.7937,0.2154,8563.21,6.268,0.62,26,41.843,0.9907,0.8491,47.034,3,8,0,0.999,0,2,0,6989.9
2624.97,3525.2,1.343,0.1238,3637.6,3.1883,33.28,494,14.842,0.6131,0.85,13.993,6,9,0,0.9693,1,6,1,3018.71
1038.17,1389.17,1.3381,0.1073,1139.13,-17.9993,8.61,54,6.269,0.9805,0.728,7.887,2,4,0,1.0089,0,7,1,1206.15
3709.6,4775.02,1.2872,0.1105,5609.65,17.4791,17.91,398,22.218,0.9164,0.3889,19.639,5,6,0,0.9835,0,4,2,4573.16
3923.53,5752.67,1.4662,0.2668,5420.79,-5.7691,27.71,319,11.511,1.7092,0.9433,13.883,1,10,1,1.1189,0,4,2,5774.74
3025.75,5658.03,1.87,0.1236,6342.82,12.1031,11.25,248,22.048,1.3735,0.9109,24.434,2,8,0,0.9892,0,1,2,4900.79
3969.35,7358.09,1.8537,0.109,8270.45,12.3994,5.49,272,49.561,1.798,0.8776,60.068,3,7,0,0.9704,0,7,1,6224.8
2722.08,4016.16,1.4754,0.1876,4764.39,18.6304,8.86,258,29.132,0.9475,0.8965,25.494,5,8,0,1.0127,0,9,2,3898.46
2852.3,4708.43,1.6508,0.2688,4382.04,-6.932,7.57,265,34.986,0.8439,0.8323,34.175,4,11,1,1.0358,0,0,0,3926.6
2423.93,4272.65,1.7627,0.1525,5122.74,19.896,5.55,190,34.218,1.5559,0.8181,40.853,2,11,1,1.0702,0,9,2,4081.34
614.39,832.51,1.355,0.1843,766.1,-7.977,1.5,62,41.214,1.0822,0.7449,44.771,3,3,1,1.114,0,8,0,977.95
985.51,1274.19,1.2929,0.108,1249.4,-1.9452,7.28,344,47.262,0.3072,0.64,43.29,6,4,0,0.9672,0,0,1,1133.34
641.43,1267.65,1.9763,0.1898,1372.23,8.25,13.37,445,33.282,0.7975,0.9251,33.522,3,1,1,1.0858,0,0,0,1034.29
3363.85,5634.19,1.6749,0.2155,4856.64,-13.8005,13.98,340,24.329,0.3352,0.8424,31.57,2,4,0,0.9916,0,0,0,4714.08
1914.6,3798.96,1.9842,0.2142,3443.94,-9.3451,6.21,103,16.574,0.6651,0.3746,18.979,6,5,0,0.9782,0,6,0,3302.88
2788.57,4007.43,1.4371,0.1665,4373.09,9.1245,21.01,392,18.653,1.6703,0.8137,19.935,5,2,0,0.9505,0,3,1,3344.8
4584.05,8010.98,1.7476,0.1631,9531.09,18.9754,23.4,407,17.39,0.8452,0.9319,20.811,2,1,1,1.0658,0,6,0,6708.46
1621.82,2171.96,1.3392,0.1213,2374.21,9.312,16.98,287,16.899,0.8739,0.6949,16.311,6,5,0,1.0098,0,4,0,1865.09
2346.72,3219.75,1.372,0.1734,3686.36,14.492,7.36,258,35.037,0.9075,0.9963,44.498,2,8,0,0.9923,0,6,2,3186.57
3899.98,6181.92,1.5851,0.1199,5038.24,-18.5005,5.37,160,29.798,1.0055,0.8125,30.728,2,8,0,0.9718,1,9,2,5274.76
1529.59,2174.58,1.4217,0.2533,2241.58,3.081,15.6,170,10.898,0.8459,0.7427,9.766,4,11,1,1.0725,0,6,2,2139.0
846.41,1093.97,1.2925,0.2933,1275.17,16.5637,2.23,108,48.512,2.4802,0.8073,36.462,6,9,0,0.9961,0,3,0,1230.89
1803.88,2477.54,1.3734,0.294,2658.3,7.2959,6.33,139,21.959,0.4267,0.9751,20.321,1,8,0,0.9783,1,1,0,2150.66
1225.5,1446.56,1.1804,0.273,1548.66,7.0585,3.2,92,28.738,1.1213,0.7388,29.922,0,7,0,0.9848,1,7,1,1578.39
4683.64,8190.56,1.7488,0.2202,7217.65,-11.8784,13.21,468,35.427,1.3206,0.5724,39.748,4,11,1,1.0349,0,1,0,6828.85
4136.54,6487.33,1.5683,0.2402,7424.47,14.4456,3.28,102,31.07,0.6393,0.8543,38.063,2,1,1,1.094,0,8,0,6144.23
3350.32,4121.25,1.2301,0.157,4723.02,14.6018,13.85,225,16.242,1.381,0.8742,20.568,3,10,1,1.0639,0,4,1,4853.46
4421.57,5730.09,1.2959,0.2262,5991.4,4.5603,8.78,352,40.088,0.7161,0.7542,30.526,5,1,1,1.1022,1,8,0,5753.28
4116.52,5092.78,1.2372,0.1911,4943.29,-2.9353,24.85,159,6.398,1.2711,0.7537,6.785,4,12,1,1.0477,0,8,1,5516.13
1339.57,2238.02,1.6707,0.1964,2528.31,12.9709,13.95,403,28.881,0.5321,0.7487,31.768,0,8,0,0.9799,0,7,1,1884.31
4516.52,5555.67,1.2301,0.2516,5477.88,-1.4002,13.48,194,14.393,1.0447,0.7369,11.561,5,5,0,0.9936,0,7,2,6078.13
2927.04,5242.74,1.7911,0.1564,5919.29,12.9046,10.36,323,31.172,3.0493,0.7144,32.025,0,6,0,0.9517,0,3,0,4335.04
4133.48,4825.57,1.1674,0.1636,4796.45,-0.6034,12.33,144,11.682,0.636,0.6657,10.524,6,4,0,1.0006,0,3,2,5234.66
4532.41,6173.0,1.362,0.2849,6370.03,3.1918,6.21,241,38.838,0.8124,0.5142,28.99,4,4,0,0.972,0,1,0,6075.16
1931.02,3682.58,1.9071,0.1112,4047.92,9.9209,38.19,464,12.149,2.2815,0.6277,8.985,3,10,1,1.0924,0,3,2,3074.82
995.23,1752.36,1.7608,0.1971,1587.63,-9.4003,9.01,402,44.629,1.8556,0.7807,51.57,6,9,0,0.993,0,3,1,1475.93
1525.71,1849.19,1.212,0.2826,1661.94,-10.1262,3.03,131,43.216,2.3971,0.7831,46.21,3,8,0,0.9673,0,5,1,2074.62
2421.99,4475.72,1.848,0.2221,4776.21,6.7137,4.9,92,18.757,0.8314,0.8224,21.178,5,11,1,1.0215,1,2,1,3795.04
4181.07,6560.43,1.5691,0.2093,7751.57,18.1565,13.66,272,19.905,1.1894,0.9214,22.118,3,12,1,1.0286,1,1,1,5574.83
4373.29,8177.02,1.8698,0.1499,8000.51,-2.1586,5.4,191,35.374,1.2593,0.9623,27.612,1,4,0,0.9955,0,7,0,6818.66
531.28,882.27,1.6606,0.1687,1022.79,15.9281,3.87,21,5.428,0.6781,0.964,4.293,3,7,0,1.0002,0,1,0,771.76
2798.36,4839.93,1.7296,0.2704,4875.14,0.7275,38.87,193,4.965,0.5719,0.8578,4.228,0,8,0,0.999,0,7,2,4083.56
2378.35,4743.56,1.9945,0.2118,5642.81,18.9572,22.01,169,7.68,0.5377,0.8737,7.215,5,7,0,1.0042,0,6,0,4053.45
1499.49,2020.53,1.3475,0.2029,2256.57,11.6819,16.07,459,28.561,0.7782,0.944,36.087,2,5,0,0.9862,0,2,0,1724.41
1039.39,1746.55,1.6804,0.1199,1997.74,14.3823,51.56,428,8.301,0.5279,0.9842,9.167,2,10,1,1.0398,0,5,2,1457.1
2019.27,3112.24,1.5413,0.1032,3335.83,7.1842,0.68,10,14.603,0.7129,0.9172,12.458,6,1,1,1.1179,0,5,1,3182.89
4743.09,5613.61,1.1835,0.2927,6441.04,14.7397,5.5,180,32.699,0.6048,0.7898,23.987,0,6,0,0.9768,0,9,2,6419.76
1954.41,2271.61,1.1623,0.1754,2355.94,3.7119,130.84,231,1.766,1.2919,0.8593,1.961,3,8,0,1.017,0,4,2,2463.3
2834.56,3547.01,1.2513,0.2206,3642.55,2.6935,45.06,443,9.832,1.2184,0.9359,10.571,2,11,1,1.0679,1,7,1,3431.38
3663.59,6234.43,1.7017,0.1159,7166.38,14.9485,0.6,28,46.567,0.7515,0.9125,51.477,6,6,0,1.002,0,4,2,5482.7
2136.33,3486.69,1.6321,0.2366,2810.36,-19.3974,0.57,19,33.515,0.843,0.4798,28.713,5,8,0,0.9998,1,6,2,3048.1
4873.02,7896.31,1.6204,0.2865,7829.29,-0.8488,0.25,4,15.972,1.3468,0.669,16.135,0,6,0,0.9577,0,5,2,8177.12
4831.01,5686.48,1.1771,0.2151,6528.25,14.803,126.71,408,3.22,0.8374,0.6462,2.953,3,2,0,1.0165,1,6,0,5555.66
1633.02,2529.4,1.5489,0.1252,2221.97,-12.154,1.11,33,29.716,0.7425,0.6865,35.381,1,6,0,0.9705,0,8,1,2117.75
2737.62,5299.84,1.9359,0.2163,6270.79,18.3204,11.66,139,11.92,0.5145,0.777,8.841,6,9,0,0.9601,1,2,1,4478.72
1853.95,2758.59,1.488,0.2533,3024.08,9.6241,0.56,27,48.049,1.9207,0.7115,41.575,2,2,0,0.9513,0,9,2,2932.09
1781.78,2995.5,1.6812,0.1813,3309.94,10.4969,2.8,97,34.661,0.4446,0.7698,36.802,5,3,1,1.0429,1,6,0,2507.71
665.99,1207.34,1.8128,0.276,1287.25,6.619,5.36,261,48.732,0.8541,0.8341,40.113,3,9,0,0.9971,0,9,1,1044.16
3243.04,5890.45,1.8163,0.2297,5766.69,-2.101,5.75,245,42.596,0.6423,0.8147,47.01,5,7,0,0.9774,1,2,1,5035.72
2762.06,4395.5,1.5914,0.2798,4326.86,-1.5617,0.73,18,24.668,1.0754,0.9759,19.292,3,1,1,1.0233,0,1,2,4757.51
731.65,1374.97,1.8793,0.2247,1561.47,13.5643,0.33,11,33.809,0.7996,0.8082,24.129,5,11,1,1.0294,0,6,2,1360.93
1753.91,2600.47,1.4827,0.1263,2225.11,-14.4344,0.59,24,40.793,1.0428,0.6024,49.69,2,4,0,0.9619,0,3,2,2323.62
4587.2,8740.39,1.9054,0.1619,8817.55,0.8827,0.41,12,29.331,0.6568,0.741,26.4,3,4,0,0.9686,0,0,1,7416.29
1578.03,2136.96,1.3542,0.1404,1974.5,-7.6021,115.63,464,4.013,0.7971,0.9817,3.187,5,10,1,1.0897,1,5,2,1814.73
1152.03,1599.23,1.3882,0.2818,1909.04,19.3727,3.12,75,24.052,0.5099,0.6175,19.329,4,5,0,1.0087,0,5,2,1871.99
2702.54,3229.94,1.1952,0.2521,2588.73,-19.8523,34.87,258,7.398,0.604,0.7278,9.111,4,7,0,0.9594,0,5,2,3147.02
4935.43,9013.3,1.8262,0.2353,7440.2,-17.453,0.64,23,36.027,0.7933,0.8006,39.366,1,5,0,0.9766,1,1,0,7568.85
1589.25,2391.02,1.5045,0.1602,2838.03,18.6955,0.2,7,34.351,1.0856,0.8989,43.756,0,10,1,1.0405,0,0,2,2761.35
3524.61,4739.72,1.3447,0.1368,4822.74,1.7517,7.39,367,49.653,0.9292,0.9473,58.591,4,6,0,0.9664,0,2,1,4053.3
3927.29,5290.14,1.347,0.2513,4525.26,-14.4586,7.14,227,31.812,1.9775,0.9565,36.918,4,9,0,1.0119,0,1,2,5428.44
1569.37,3007.21,1.9162,0.1948,2945.43,-2.0544,9.33,375,40.207,0.4692,0.7965,40.202,1,2,0,1.0015,0,5,1,2518.17
3776.97,7020.75,1.8588,0.1452,6522.72,-7.0937,8.62,122,14.146,0.8774,0.8675,16.869,4,6,0,0.952,0,5,0,5884.14
2155.02,3492.22,1.6205,0.2233,4066.63,16.4483,5.04,89,17.661,0.3209,0.9262,16.736,4,6,0,0.9807,0,4,0,2870.74
3345.38,5599.14,1.6737,0.1081,6019.25,7.5032,6.53,300,45.934,0.9203,0.7709,54.946,6,12,1,1.0408,0,9,2,5005.36
3350.88,5204.51,1.5532,0.1652,4435.33,-14.7792,11.97,455,38.004,0.715,0.6718,43.882,5,1,1,1.1043,0,9,1,4303.66
2910.99,4316.75,1.4829,0.1937,4379.68,1.4578,6.74,223,33.108,0.7726,0.8598,36.653,2,6,0,0.9845,0,4,2,3646.71
906.3,1747.49,1.9282,0.1296,1491.98,-14.6216,16.58,223,13.447,0.7111,0.8279,12.073,6,7,0,1.0066,0,8,2,1455.51
4258.86,5352.41,1.2568,0.2969,5706.17,6.6092,7.27,256,35.23,1.2429,0.979,37.993,1,7,0,0.9979,0,4,1,6171.61
1943.51,2926.3,1.5057,0.1418,3192.28,9.0891,0.04,2,44.451,1.1502,0.9175,44.632,3,3,1,1.0949,1,9,1,2855.22
1339.33,1932.49,1.4429,0.1261,1980.54,2.4864,26.0,320,12.309,0.5472,0.8474,12.025,3,8,0,1.0113,0,5,1,1612.46
683.49,1075.42,1.5734,0.1407,1275.86,18.6382,7.58,270,35.6,0.8934,0.8117,46.072,0,7,0,0.9626,0,3,1,895.97
3159.02,4861.69,1.539,0.2538,5725.77,17.7734,15.03,305,20.291,0.4675,0.9065,20.345,6,4,0,0.9908,0,9,1,4240.91
3549.04,5646.72,1.5911,0.1851,4982.48,-11.7634,21.56,147,6.82,0.4258,0.9212,4.905,0,4,0,0.9611,0,0,0,4890.3
574.65,729.19,1.2689,0.2131,583.44,-19.9868,10.05,386,38.41,1.2218,0.9893,41.324,4,10,1,1.1028,0,3,0,762.4
2804.42,4448.29,1.5862,0.1042,4737.87,6.51,20.46,188,9.19,0.5663,0.9308,10.447,4,7,0,0.9659,0,1,0,3803.17
1519.23,2060.16,1.3561,0.1069,2040.09,-0.9743,29.72,398,13.392,0.7357,0.7905,16.487,3,2,0,0.9747,0,9,1,1784.75
3403.28,4447.0,1.3067,0.1892,4152.89,-6.6137,4.73,186,39.364,1.1159,0.8306,42.498,1,5,0,1.0052,0,2,1,4281.59
1284.65,1548.14,1.2051,0.2633,1806.3,16.6756,11.7,437,37.365,0.9912,0.8783,26.591,6,6,0,0.9722,0,6,1,1728.59
3609.22,6490.3,1.7983,0.277,7732.56,19.1403,13.9,187,13.455,2.0176,0.3394,10.385,2,4,0,1.0022,0,6,2,6033.58
2240.31,3390.32,1.5133,0.1173,3974.23,17.2231,2.61,123,47.107,0.5334,0.8882,37.532,5,1,1,1.0789,1,0,0,3022.85
4715.28,7934.16,1.6826,0.2077,7934.78,0.0078,3.12,36,11.549,1.84,0.8725,9.548,0,11,1,1.0924,0,7,0,7189.39
1118.84,1978.62,1.7685,0.2826,2139.57,8.1343,2.98,148,49.687,1.3354,0.7879,58.625,4,11,1,1.0937,0,6,2,2217.51
2034.8,3514.95,1.7274,0.1776,3053.19,-13.1371,2.83,105,37.157,1.4623,0.8433,32.916,0,1,1,1.0403,0,0,2,3368.46
1010.63,1566.4,1.5499,0.2659,1848.89,18.0343,5.04,102,20.233,0.8222,0.9128,17.955,3,3,1,1.0256,0,7,0,1483.15
4661.12,6897.13,1.4797,0.1267,6300.32,-8.6529,54.96,406,7.387,0.6213,0.7947,8.52,1,9,0,0.9873,0,1,1,5956.79
4448.03,6536.67,1.4696,0.2871,5733.28,-12.2904,22.51,376,16.705,1.0487,0.7725,15.827,6,2,0,0.9873,0,7,0,5607.76
1660.74,2813.36,1.694,0.2503,2318.39,-17.5937,22.01,231,10.493,0.6198,0.7873,7.752,3,5,0,1.0182,0,2,1,2388.86
3469.93,5449.78,1.5706,0.2883,5559.59,2.0149,11.25,354,31.47,0.61,0.7093,33.078,2,7,0,0.9751,0,9,0,4485.8
4177.5,7819.29,1.8718,0.2353,9221.95,17.9386,7.84,145,18.486,1.0782,0.9056,14.383,1,2,0,0.9777,0,6,0,6651.71
2998.4,5677.47,1.8935,0.1727,4849.89,-14.5765,1.04,16,15.455,1.6923,0.8989,16.12,2,1,1,1.0303,0,5,2,4880.79
2883.43,3733.97,1.295,0.2876,3167.65,-15.1668,4.15,158,38.1,0.4485,0.6486,44.492,2,7,0,0.9845,1,4,2,3419.24
1588.34,2010.51,1.2658,0.1551,1827.63,-9.0961,36.34,447,12.299,1.9222,0.7722,15.469,1,5,0,1.0038,0,9,1,1826.59
918.96,1549.22,1.6858,0.1664,1651.72,6.6158,10.18,303,29.758,0.5375,0.8571,22.027,2,7,0,0.9788,0,1,1,1347.7
4537.47,6379.87,1.406,0.2402,6501.89,1.9125,26.67,281,10.535,0.8579,0.4936,9.296,0,1,1,1.0246,1,1,0,5604.27
4551.88,5306.52,1.1658,0.2531,4449.42,-16.1517,7.69,277,36.025,0.8646,0.7932,39.321,4,6,0,1.0039,0,0,2,5765.93
3348.96,6380.92,1.9053,0.2859,6233.65,-2.308,3.92,124,31.631,0.785,0.8531,28.129,1,6,0,0.995,0,8,1,5513.95
2025.63,2720.15,1.3429,0.141,2248.95,-17.3227,4.29,172,40.11,0.8883,0.8033,38.931,3,7,0,0.9642,0,7,1,2329.48
2071.44,4018.37,1.9399,0.2596,4584.0,14.0761,96.18,419,4.356,1.0695,0.8701,3.102,3,12,1,1.0928,0,7,1,3343.98
3766.8,6628.89,1.7598,0.2477,5587.12,-15.7155,28.24,319,11.295,1.8893,0.9364,12.607,4,8,0,1.0177,0,0,0,5587.04
4537.0,8158.68,1.7983,0.1128,8065.01,-1.1481,18.91,162,8.569,0.9039,0.8375,10.539,3,9,0,0.9573,0,4,1,6754.67
4491.89,5934.87,1.3212,0.1774,5959.71,0.4185,19.54,202,10.338,0.6336,0.8387,13.295,4,10,1,1.051,0,5,1,5873.33
4009.44,5409.0,1.3491,0.1566,5474.18,1.2051,78.38,474,6.048,0.586,0.8885,7.247,0,12,1,1.1169,0,1,2,5091.84
3389.14,5399.17,1.5931,0.1609,5634.91,4.3662,16.85,481,28.542,1.173,0.968,20.524,6,5,0,0.9973,0,9,2,4682.08
878.63,1138.95,1.2963,0.2966,1230.79,8.0633,11.2,337,30.078,1.5048,0.7958,32.819,6,4,0,0.9579,0,4,2,1314.07
1227.33,1730.06,1.4096,0.2286,1387.07,-19.8257,3.64,154,42.331,0.7229,0.9044,42.221,3,5,0,0.9552,1,5,0,1481.98
4543.49,6466.5,1.4232,0.2435,5253.16,-18.7634,15.04,323,21.469,1.5813,0.8259,27.11,3,10,1,1.0716,0,8,2,6332.15
3228.93,4151.39,1.2857,0.2953,4336.63,4.4621,14.77,400,27.087,2.9575,0.6681,33.622,0,5,0,0.9725,0,9,2,4813.46
541.39,717.02,1.3244,0.1754,625.85,-12.7143,9.14,453,49.574,1.9342,0.7969,64.091,3,11,1,1.0683,0,0,2,778.39
956.62,1741.31,1.8203,0.2604,1972.45,13.2738,18.07,489,27.06,0.6961,0.844,32.937,3,9,0,0.9691,0,9,2,1461.86
3485.76,4504.01,1.2921,0.1869,4733.73,5.1005,13.54,394,29.105,1.6747,0.7218,29.924,0,7,0,1.0074,1,2,1,4008.62
522.78,613.84,1.1742,0.2739,731.79,19.216,5.22,260,49.8,1.588,0.7365,56.221,5,11,1,1.0438,0,8,0,716.28
1223.64,2061.77,1.685,0.1361,2249.8,9.1202,3.72,185,49.712,1.0321,0.7932,63.572,0,2,0,0.9511,0,0,1,1731.97
2969.3,5877.99,1.9796,0.2895,4915.68,-16.3714,17.27,376,21.777,1.5662,0.7349,22.798,5,2,0,1.0069,1,0,1,4940.66
3613.53,5172.88,1.4315,0.1438,4492.08,-13.161,14.48,465,32.112,1.4628,0.7414,38.663,0,1,1,1.036,0,0,0,4388.2
3433.83,4295.23,1.2509,0.1652,3516.16,-18.138,2.28,56,24.559,1.8658,0.8243,31.076,6,2,0,0.9818,0,6,1,4856.37
1509.21,2467.3,1.6348,0.2512,2705.33,9.647,5.95,216,36.315,1.3356,0.5692,37.852,5,2,0,0.9558,0,4,2,2397.59
3704.81,7114.71,1.9204,0.1788,6052.7,-14.9271,9.73,457,46.981,1.4585,0.7754,37.373,3,5,0,0.9968,0,5,0,5966.44
1567.62,2847.51,1.8165,0.2216,3034.04,6.5507,30.17,488,16.173,0.6004,0.7222,12.831,4,9,0,0.9684,0,7,1,2426.88
1964.3,3298.33,1.6791,0.1889,3371.42,2.2159,5.03,207,41.125,0.9989,0.9425,31.633,5,7,0,0.9885,0,1,1,2779.07
3859.21,5471.58,1.4178,0.2485,5763.32,5.3319,6.07,201,33.088,0.6873,0.902,32.618,4,11,1,1.0926,0,1,2,6427.88
3423.35,5513.64,1.6106,0.1457,5532.76,0.3468,4.96,73,14.729,1.818,0.6463,14.554,6,5,0,1.0114,0,2,1,4765.97
4321.51,5304.9,1.2276,0.1117,4271.57,-19.4789,12.05,483,40.068,0.5071,0.8223,42.889,1,11,1,1.1144,0,2,1,5433.92
3459.26,5974.5,1.7271,0.16,5384.74,-9.8713,3.83,84,21.93,0.3348,0.8316,21.704,1,10,1,1.0495,0,2,1,5088.78
3057.39,5400.36,1.7663,0.1949,6231.98,15.3993,17.25,119,6.899,0.4927,0.4827,8.858,6,4,0,0.9845,1,3,0,4668.47
921.54,1815.68,1.9703,0.1336,2127.45,17.1707,0.26,13,49.677,0.8924,0.8577,43.457,3,6,0,1.014,0,2,0,1558.77
2154.72,2954.85,1.3713,0.171,2478.78,-16.1116,14.96,327,21.857,0.3636,0.7968,26.759,3,4,0,0.966,0,1,1,2502.65
1693.41,1973.99,1.1657,0.18,2331.38,18.1051,4.65,128,27.536,0.3881,0.6993,20.933,4,10,1,1.0755,0,8,1,2273.33
1597.95,2578.72,1.6138,0.1115,2754.62,6.821,9.83,399,40.59,1.3944,0.7914,43.072,2,7,0,1.0027,0,5,2,2164.07
4878.55,8541.22,1.7508,0.2167,9984.89,16.9023,5.84,281,48.083,0.4983,0.5938,52.362,6,3,1,1.0254,0,2,0,7085.16
2268.94,4133.66,1.8218,0.2769,3970.24,-3.9534,1.1,48,43.772,1.6528,0.8472,50.921,1,12,1,1.0728,0,8,0,3689.91
4514.21,5934.73,1.3147,0.1303,4989.32,-15.9302,15.9,425,26.728,0.5164,0.831,26.776,4,8,0,0.9956,0,3,0,5191.34
3340.12,4584.29,1.3725,0.2196,4222.04,-7.9019,16.33,453,27.739,0.3436,0.4941,22.7,3,12,1,1.0945,0,3,1,3912.85
4076.65,6464.35,1.5857,0.2329,6954.82,7.5873,24.25,358,14.763,0.5979,0.7469,13.603,1,8,0,0.9989,0,7,2,5299.88
2761.87,3952.26,1.431,0.1839,4418.98,11.8089,10.18,241,23.677,0.5252,0.8792,20.441,1,3,1,1.0775,1,6,2,3460.8
3096.07,5825.05,1.8814,0.2402,4776.83,-17.9951,6.77,321,47.395,0.5238,0.877,45.095,5,7,0,0.9887,0,6,1,4834.93
2716.33,4217.63,1.5527,0.1821,4195.62,-0.5219,1.42,52,36.62,0.9467,0.5369,37.279,1,1,1,1.0923,0,9,1,4424.68
1378.59,2522.33,1.8296,0.2009,2082.81,-17.4253,166.88,264,1.582,1.0888,0.8527,1.701,6,5,0,0.962,0,6,2,2160.64
3751.03,6164.93,1.6435,0.1015,7061.59,14.5445,10.14,68,6.709,1.9959,0.9005,8.098,3,9,0,0.9839,0,9,2,5248.07
1763.48,3186.82,1.8071,0.2383,3156.66,-0.9464,0.84,39,46.267,0.8342,0.7934,57.649,4,2,0,0.9544,0,4,0,2687.26
609.42,873.16,1.4328,0.2323,1018.05,16.5929,4.3,183,42.587,1.1541,0.9756,41.631,2,3,1,1.0853,1,6,1,922.68
3404.63,6321.38,1.8567,0.1077,5255.8,-16.8568,5.32,132,24.822,0.5145,0.6982,18.696,3,4,0,0.9873,1,3,0,5239.39
1297.0,1794.25,1.3834,0.1737,1672.58,-6.7812,1.76,55,31.232,0.6352,0.8308,36.799,1,2,0,0.9626,0,7,2,1773.3
4732.06,7638.42,1.6142,0.2958,8177.81,7.0615,24.09,366,15.193,1.9157,0.9589,14.984,5,10,1,1.045,0,8,0,6469.29
4792.68,6383.4,1.3319,0.1841,5856.35,-8.2566,11.42,455,39.849,2.0184,0.9548,40.959,5,6,0,0.9634,0,2,2,6318.06
4616.89,7175.56,1.5542,0.2004,8155.91,13.6623,8.31,254,30.563,2.2116,0.9136,32.319,6,5,0,1.0064,0,6,2,6811.25
2165.71,3076.29,1.4204,0.282,3675.34,19.4733,0.11,4,35.046,0.9391,0.6232,38.576,6,5,0,0.9602,0,9,0,3178.29
569.55,784.1,1.3767,0.2435,715.49,-8.7512,3.51,68,19.371,0.5157,0.892,23.904,0,8,0,0.9811,0,8,1,690.01
4677.43,9223.61,1.9719,0.2164,8711.06,-5.5569,2.31,51,22.091,0.6766,0.7034,28.085,4,6,0,0.9826,0,0,0,7754.46
2426.83,3121.05,1.2861,0.2596,3704.5,18.6938,41.52,464,11.176,0.8488,0.8494,14.128,3,1,1,1.0909,0,1,0,3313.79
4849.95,8823.15,1.8192,0.2729,8322.21,-5.6776,6.91,328,47.455,0.7538,0.8095,56.266,1,1,1,1.0993,0,6,1,7385.68
4836.29,9607.48,1.9865,0.1914,9822.64,2.2395,2.05,97,47.381,1.0583,0.9501,58.447,6,10,1,1.0371,0,1,1,8216.41
4338.54,5062.72,1.1669,0.195,5607.95,10.7697,3.9,160,41.07,1.4559,0.7133,29.972,2,10,1,1.0564,0,6,0,5777.45
1825.02,3183.15,1.7442,0.1772,3104.65,-2.4662,8.65,405,46.842,0.5978,0.5982,56.654,5,5,0,0.9586,0,0,2,2565.86
2232.94,3047.91,1.365,0.2933,2892.6,-5.0957,13.93,468,33.601,2.6084,0.562,24.978,1,12,1,1.0915,0,2,0,3443.31
4330.12,5128.65,1.1844,0.2394,5119.6,-0.1765,39.21,490,12.498,1.0379,0.906,14.344,1,3,1,1.0223,1,4,2,5299.38
1926.15,2874.69,1.4925,0.1166,3196.11,11.1808,7.06,270,38.25,1.9718,0.8519,30.662,3,12,1,1.0819,1,5,1,2470.05
1262.72,2455.9,1.9449,0.2726,2271.38,-7.5135,3.78,64,16.939,1.2358,0.9629,15.517,5,8,0,0.9836,0,8,1,2084.7
3005.61,3486.5,1.16,0.1961,3278.44,-5.9677,14.44,326,22.584,2.9391,0.907,18.304,2,11,1,1.0244,0,8,2,3855.12
4712.7,7774.55,1.6497,0.1138,6807.83,-12.4344,28.11,406,14.443,0.559,0.7693,13.953,5,2,0,0.9709,0,2,0,6744.1
3632.13,5724.92,1.5762,0.2099,6186.62,8.0647,11.12,242,21.757,0.7735,0.9709,20.605,0,5,0,1.0112,0,7,1,4761.08
3065.28,5800.66,1.8924,0.1834,6727.48,15.978,10.67,366,34.287,0.7748,0.8546,24.989,5,12,1,1.1198,0,3,2,5104.13
937.29,1144.81,1.2214,0.2755,1000.9,-12.5704,40.65,261,6.42,1.0957,0.6789,7.693,5,6,0,0.9911,0,6,2,1189.46
3267.53,5650.53,1.7293,0.1408,4598.61,-18.6164,34.28,211,6.155,1.0649,0.8713,7.463,3,3,1,1.0324,0,5,0,4946.54
4955.24,8563.12,1.7281,0.2653,8156.44,-4.7492,12.78,441,34.505,1.2146,0.5992,40.457,5,8,0,0.9807,0,7,2,7381.02
1130.38,1942.8,1.7187,0.2115,1872.98,-3.5938,3.9,153,39.199,1.0725,0.7107,47.375,4,8,0,0.9696,0,5,2,1675.16
2832.48,5526.13,1.951,0.1109,5848.56,5.8345,8.31,233,28.022,1.3214,0.9127,32.24,2,6,0,0.9802,0,3,0,4589.84
4448.18,8227.46,1.8496,0.2944,6863.65,-16.5764,14.04,139,9.9,0.7851,0.8848,12.499,0,9,0,0.9535,0,1,1,6788.27
3833.46,4545.24,1.1857,0.2025,5129.76,12.8599,15.02,332,22.107,1.2634,0.8456,23.12,0,3,1,1.0855,0,6,1,5488.84
3636.57,5638.21,1.5504,0.1582,5805.08,2.9595,12.95,494,38.151,4.0857,0.6608,40.042,2,3,1,1.046,0,3,1,5045.72
3661.18,5448.79,1.4883,0.1939,5548.98,1.8388,3.29,114,34.601,1.0023,0.8737,42.073,4,8,0,1.0133,0,8,2,5448.66
2117.71,2993.65,1.4136,0.2716,2773.75,-7.3455,57.65,368,6.383,0.4857,0.6716,5.807,6,12,1,1.0256,0,8,2,2703.35
1821.16,2793.0,1.5336,0.161,2642.48,-5.3893,6.85,332,48.488,0.7308,0.7617,35.399,1,10,1,1.0833,0,6,0,2426.78
4142.13,6116.12,1.4766,0.1385,5028.49,-17.7829,10.8,129,11.945,0.7947,0.5685,13.736,3,4,0,0.987,0,4,2,5080.72
4145.51,6290.74,1.5175,0.1258,6929.27,10.1502,35.17,415,11.799,0.6421,0.8808,10.062,6,10,1,1.0289,1,2,2,5356.71
4401.83,8726.06,1.9824,0.1596,9091.63,4.1895,7.52,177,23.533,1.063,0.6102,23.169,4,1,1,1.0555,0,2,1,7221.76
4609.58,5648.3,1.2253,0.256,6724.7,19.0571,5.52,94,17.035,1.4911,0.909,14.382,5,8,0,0.9726,0,8,2,6351.23
2801.04,5416.92,1.9339,0.1943,5099.62,-5.8575,6.42,316,49.215,0.522,0.8791,58.874,0,8,0,0.9547,0,8,2,4605.42
2756.82,4295.69,1.5582,0.1455,4581.34,6.6497,82.98,394,4.748,0.4286,0.8939,6.054,5,5,0,0.9549,0,3,2,3784.65
4092.33,6875.85,1.6802,0.1332,8029.74,16.7818,6.24,100,16.016,3.4452,0.7992,11.74,4,11,1,1.1189,1,0,0,5887.38
3424.84,6355.32,1.8557,0.1665,6893.44,8.4672,9.87,195,19.753,0.6257,0.8901,16.593,1,12,1,1.0536,0,9,2,5128.28
3658.85,5328.73,1.4564,0.288,4348.9,-18.3876,11.48,289,25.179,2.0273,0.5539,20.489,5,12,1,1.0675,0,4,0,5295.87
4081.07,6186.32,1.5159,0.1686,6513.54,5.2895,114.75,207,1.804,1.4631,0.9671,1.991,4,2,0,0.9547,1,7,1,5246.52
4505.02,6748.93,1.4981,0.2976,6871.47,1.8156,18.67,94,5.036,0.7395,0.9936,4.82,4,7,0,0.9502,0,9,2,6009.11
2020.98,2967.85,1.4685,0.197,2967.03,-0.0275,34.62,472,13.633,0.6744,0.6574,13.275,5,4,0,0.9929,0,3,0,2489.81
2190.12,4241.61,1.9367,0.1358,4331.61,2.1218,3.62,102,28.146,0.7391,0.5398,22.355,0,8,0,0.9932,0,9,1,3463.82
922.92,1711.64,1.8546,0.2782,1684.64,-1.5774,0.18,7,38.621,0.8017,0.8314,36.645,4,11,1,1.0624,1,9,2,1506.53
3102.26,3855.02,1.2426,0.1921,4150.83,7.6733,3.9,135,34.638,1.3629,0.872,30.549,5,10,1,1.0351,0,3,0,4296.73
661.74,821.82,1.2419,0.2419,662.36,-19.4035,3.37,97,28.784,0.4984,0.8584,30.705,3,11,1,1.039,1,8,0,761.0
2595.19,3928.31,1.5137,0.2967,3438.94,-12.4576,19.45,398,20.464,1.8982,0.5998,16.992,2,6,0,0.9748,0,8,1,3355.12
2941.9,3629.89,1.2339,0.11,3434.44,-5.3846,5.95,260,43.664,0.7265,0.8554,46.672,5,7,0,1.0044,1,6,2,3403.48
1789.44,2999.5,1.6762,0.1193,2942.71,-1.8933,6.21,146,23.529,0.4811,0.9374,21.803,6,10,1,1.1042,0,9,2,2544.76
3158.75,4018.37,1.2721,0.2441,3424.43,-14.7805,29.18,457,15.663,1.0969,0.865,14.219,0,11,1,1.0729,0,7,2,3990.38
637.25,1015.79,1.594,0.1564,1145.87,12.8058,12.31,392,31.837,3.326,0.8934,28.123,2,2,0,0.9774,0,3,0,890.18
668.07,772.38,1.1561,0.1369,905.04,17.1757,5.27,184,34.914,0.6572,0.9144,38.555,4,5,0,0.9706,1,7,2,829.2
4201.7,5962.67,1.4191,0.1079,6561.83,10.0486,21.29,437,20.525,1.0666,0.5091,21.294,1,4,0,1.0081,0,5,0,5159.99
2120.86,3659.78,1.7256,0.1044,4287.53,17.1527,173.18,412,2.379,1.0733,0.8802,2.881,5,3,1,1.109,1,2,0,3116.37
1071.77,1673.5,1.5614,0.2549,1836.31,9.7289,88.91,499,5.612,2.5668,0.8423,4.742,5,7,0,0.9803,1,6,1,1456.72
2850.09,5647.55,1.9815,0.1269,5514.39,-2.3578,5.44,231,42.434,0.6254,0.7982,30.726,0,1,1,1.0455,0,2,0,4823.08
3964.97,7505.64,1.893,0.1935,7184.8,-4.2747,26.52,100,3.771,1.597,0.8192,3.051,4,6,0,0.9675,1,6,1,6310.64
1471.19,2140.9,1.4552,0.2212,1855.22,-13.344,4.87,146,30.009,0.4908,0.8611,27.189,4,11,1,1.1049,0,4,1,2031.82
3303.01,3926.16,1.1887,0.1857,3276.69,-16.5421,20.4,204,10.002,1.1176,0.6203,8.079,1,3,1,1.1024,1,3,2,3798.46
884.06,1652.12,1.8688,0.1054,1466.83,-11.2153,3.68,45,12.217,1.4455,0.8547,9.164,4,7,0,0.992,0,2,1,1403.01
732.57,1409.86,1.9245,0.2567,1427.99,1.2854,7.16,103,14.393,1.652,0.9019,13.921,3,9,0,0.9934,0,7,2,1232.5
2891.1,5341.4,1.8475,0.1021,4561.44,-14.6021,116.47,335,2.876,0.5045,0.6378,3.182,6,3,1,1.053,1,3,1,4484.24
2932.86,3691.76,1.2588,0.2524,4357.99,18.0465,45.95,445,9.685,0.3655,0.8161,11.146,1,1,1,1.0792,0,7,0,3747.32
3368.43,6730.9,1.9982,0.2787,5973.01,-11.2599,6.72,221,32.874,0.906,0.6795,30.877,0,3,1,1.0995,0,9,2,5765.2
3767.41,5160.59,1.3698,0.1866,5849.28,13.3453,17.42,443,25.437,0.7521,0.5399,25.102,0,9,0,0.9533,0,2,0,4332.52
4891.33,8636.01,1.7656,0.2071,9737.34,12.7528,2.92,117,40.069,0.4918,0.7316,46.211,2,10,1,1.0602,0,9,2,7588.71
2823.35,5426.0,1.9218,0.1954,4647.27,-14.3518,1.0,4,4.001,0.5206,0.9547,3.647,3,4,0,1.0101,0,8,0,4697.57
1953.3,2637.61,1.3503,0.1778,2859.96,8.4297,9.34,416,44.556,0.7874,0.9449,52.169,5,12,1,1.0491,0,5,1,2600.2
4078.34,7838.65,1.922,0.2775,8854.89,12.9646,4.21,210,49.824,2.3504,0.8413,63.795,3,11,1,1.0898,0,4,2,7839.41
1718.75,2428.69,1.4131,0.2788,2802.01,15.3715,30.49,54,1.771,0.5402,0.8305,2.176,6,3,1,1.0872,1,4,2,2261.79
2475.37,4901.11,1.98,0.1672,5791.12,18.1592,0.37,18,48.414,1.5617,0.8861,47.066,0,7,0,0.9502,0,2,2,4198.97
853.05,1184.95,1.3891,0.223,1388.81,17.2041,31.85,400,12.557,0.4792,0.659,13.156,4,12,1,1.0827,0,1,1,1117.82
614.08,1203.85,1.9604,0.2854,1112.91,-7.5545,2.49,87,34.935,0.686,0.9949,39.471,6,7,0,0.9866,0,5,0,1049.06
4831.92,5776.62,1.1955,0.2924,5239.76,-9.2938,16.05,246,15.332,0.4648,0.5959,13.945,5,4,0,1.0009,0,0,1,5556.71
4261.91,7470.62,1.7529,0.2018,7164.42,-4.0988,4.37,116,26.569,2.9635,0.6379,31.339,3,9,0,0.9659,0,6,1,6436.43
3631.88,5819.35,1.6023,0.1906,5737.89,-1.3997,18.26,475,26.011,1.6132,0.8627,25.026,3,9,0,1.0093,0,4,1,4953.26
2340.29,3641.95,1.5562,0.1557,3254.28,-10.6446,9.04,169,18.694,1.42,0.8155,22.585,4,2,0,0.9684,0,3,0,3080.52
1279.82,1714.93,1.34,0.2918,1430.99,-16.5567,13.39,484,36.16,1.3843,0.9339,30.839,6,7,0,0.9814,0,8,1,1693.33
1203.97,2106.65,1.7498,0.1286,2238.6,6.2635,4.9,149,30.382,0.6679,0.8291,21.475,1,8,0,0.9758,0,9,2,1757.32
1626.09,2133.74,1.3122,0.216,1855.71,-13.0304,11.35,294,25.906,1.018,0.7272,27.968,4,8,0,1.0099,0,0,1,1944.5
2971.52,4813.61,1.6199,0.1565,5612.48,16.596,4.21,207,49.159,0.5929,0.806,47.74,2,10,1,1.0304,0,3,0,4036.35
3715.68,5072.87,1.3653,0.1558,4642.05,-8.4926,8.07,380,47.06,3.8462,0.8831,34.632,2,1,1,1.0712,0,2,2,5479.17
3470.89,6810.85,1.9623,0.181,5987.24,-12.0926,10.08,482,47.816,0.5699,0.7622,47.461,5,2,0,0.975,0,5,0,5824.97
1759.7,2066.48,1.1743,0.2998,1813.68,-12.2337,6.38,282,44.185,0.6503,0.856,35.398,0,8,0,1.005,0,4,1,2169.66
4796.89,6330.79,1.3198,0.111,5797.66,-8.4213,24.51,331,13.503,2.2296,0.6412,14.554,1,7,0,0.965,0,6,0,5516.43
3820.54,5180.51,1.356,0.2157,5412.94,4.4866,9.53,173,18.149,0.949,0.774,17.55,3,7,0,1.0159,0,0,2,5445.68
2994.59,4497.75,1.502,0.1165,5358.29,19.1327,10.23,126,12.322,1.3525,0.7521,9.89,5,1,1,1.0599,0,4,0,4129.08
3252.74,4384.11,1.3478,0.1309,4360.03,-0.5493,3.14,155,49.323,0.9601,0.8431,46.717,0,2,0,0.9824,0,1,2,4334.15
2388.2,3743.85,1.5676,0.1879,3893.13,3.9871,21.11,179,8.48,0.7084,0.7147,7.12,0,2,0,1.0066,0,1,2,3080.28
1614.79,3054.53,1.8916,0.2021,3473.12,13.704,23.63,448,18.959,0.7088,0.7053,20.701,5,3,1,1.1094,0,1,1,2706.37
2101.88,3689.33,1.7553,0.1518,3444.41,-6.6385,39.24,422,10.753,1.5393,0.9217,9.431,5,3,1,1.0397,0,8,1,3078.58
3910.31,6424.51,1.643,0.1633,5601.85,-12.8049,31.55,377,11.949,1.1204,0.9121,14.258,3,3,1,1.0876,0,9,2,5322.44
564.77,692.21,1.2257,0.1174,673.84,-2.6549,30.59,401,13.107,1.8249,0.3923,9.286,3,12,1,1.0293,0,2,0,649.98
1022.33,1778.74,1.7399,0.1606,1649.74,-7.2523,2.66,86,32.344,1.8134,0.838,30.47,4,4,0,0.9999,0,3,2,1461.21
707.01,913.07,1.2915,0.2933,1046.79,14.6452,85.69,405,4.726,1.3344,0.4713,5.058,6,4,0,1.0102,0,4,1,987.84
683.28,1242.48,1.8184,0.2889,1480.02,19.1176,11.12,323,29.054,1.6885,0.8135,20.732,2,9,0,0.9618,0,3,0,1060.99
4349.57,5926.5,1.3625,0.167,6372.93,7.5327,12.03,495,41.145,1.3081,0.8142,34.13,3,3,1,1.0938,0,3,2,6666.57
3666.46,5516.16,1.5045,0.2142,5855.43,6.1504,6.9,266,38.56,1.2095,0.9823,34.567,4,3,1,1.0617,0,4,1,5809.94
2633.78,3813.45,1.4479,0.2819,4140.22,8.5688,9.63,81,8.407,0.8505,0.767,5.995,6,9,0,1.0075,0,9,2,4036.37
940.25,1767.67,1.88,0.1012,1744.81,-1.2934,1.37,63,45.822,0.4291,0.7929,47.106,2,4,0,1.005,0,8,2,1459.61
2712.27,3410.85,1.2576,0.2621,3586.57,5.1518,3.05,118,38.734,0.7281,0.6545,41.776,1,6,0,0.9575,0,8,2,3776.01
2630.62,4290.02,1.6308,0.2897,3554.3,-17.1496,392.91,495,1.26,2.0618,0.8343,1.054,1,10,1,1.0522,0,5,0,3633.03
1279.41,1625.81,1.2708,0.1183,1621.55,-0.262,12.23,454,37.131,1.1551,0.7973,38.1,1,5,0,0.9821,0,2,1,1490.3
2452.33,4289.32,1.7491,0.1323,4001.7,-6.7053,9.16,340,37.134,0.8179,0.6305,48.254,3,11,1,1.0921,0,5,1,3691.61
2293.27,4401.51,1.9193,0.2921,3614.84,-17.8728,12.31,312,25.344,1.8237,0.8657,31.228,2,12,1,1.0358,0,9,2,3821.89
3271.33,4970.51,1.5194,0.2075,5059.53,1.7911,49.8,162,3.253,0.7994,0.9257,2.392,5,10,1,1.0836,0,3,2,4676.46
3357.92,5254.74,1.5649,0.1028,4961.01,-5.5897,9.93,292,29.415,1.4246,0.841,22.848,6,3,1,1.0865,1,2,2,4384.55
703.87,1364.31,1.9383,0.1515,1413.76,3.6246,4.59,177,38.522,1.9442,0.9755,38.392,2,8,0,0.9628,0,5,0,1169.87
2185.76,3481.57,1.5928,0.19,3499.92,0.5272,26.34,376,14.273,1.3548,0.8048,12.091,1,11,1,1.0689,0,5,1,2927.37
3316.37,5188.32,1.5645,0.2386,4723.91,-8.9512,0.86,29,33.686,1.7004,0.6628,25.217,0,5,0,1.013,0,1,2,5436.47
2764.11,4537.51,1.6416,0.2466,4610.08,1.5993,21.81,400,18.342,1.2666,0.7618,15.641,2,8,0,0.9528,0,8,1,3733.15
4354.2,7558.22,1.7358,0.2991,7191.72,-4.849,5.49,160,29.119,0.3858,0.6396,21.452,2,12,1,1.0475,0,7,2,6585.07
3464.12,4298.46,1.2409,0.1575,5022.52,16.8446,20.11,399,19.844,1.9259,0.6573,20.2,4,6,0,0.9649,0,5,1,3993.21
1233.2,2278.89,1.8479,0.2076,2165.53,-4.9747,25.06,398,15.884,1.4936,0.5569,15.791,1,9,0,1.0171,0,0,2,1894.72
817.56,1242.84,1.5202,0.2067,1014.23,-18.394,9.22,396,42.94,0.8588,0.5493,30.221,6,2,0,0.9966,1,1,0,1098.56
3390.89,4108.05,1.2115,0.1811,4541.15,10.5429,12.81,486,37.938,0.7455,0.7677,37.54,0,7,0,0.9691,0,3,2,4164.07
619.3,1126.05,1.8183,0.1338,1334.9,18.5473,0.11,2,17.927,1.0637,0.8527,18.14,4,10,1,1.0864,0,6,2,1138.74
3135.99,4611.18,1.4704,0.2955,4001.37,-13.2246,1.03,23,22.297,0.549,0.6315,23.711,0,4,0,0.9653,0,8,2,4379.27
4731.04,5844.31,1.2353,0.2707,6949.54,18.9113,11.64,406,34.893,1.6023,0.7659,44.736,5,10,1,1.0632,0,9,2,6755.85
3089.63,5217.5,1.6887,0.1997,5462.09,4.6878,1.42,58,40.743,0.9273,0.8082,52.543,0,7,0,0.9973,0,4,2,4718.16
2246.76,4264.61,1.8981,0.2206,4857.2,13.8954,6.83,236,34.533,0.6379,0.7907,35.091,5,9,0,0.9897,0,9,1,3723.58
3394.8,6465.7,1.9046,0.1455,6395.6,-1.0842,8.69,239,27.506,1.3941,0.9455,33.202,0,10,1,1.0902,0,1,1,5526.39
2562.14,5032.07,1.964,0.2088,5278.69,4.9009,6.49,310,47.765,1.2679,0.795,35.876,3,12,1,1.0681,0,0,0,4322.11
2955.28,5578.23,1.8875,0.239,6339.23,13.6423,8.22,320,38.933,1.5044,0.7856,39.661,2,1,1,1.0546,0,9,2,4914.18
4736.59,5455.7,1.1518,0.203,6509.3,19.312,23.86,159,6.664,0.5261,0.908,7.379,2,5,0,0.9735,0,0,1,5507.73
2237.46,3296.24,1.4732,0.2981,2880.65,-12.6081,16.93,480,28.349,1.4454,0.8338,29.45,4,6,0,0.9707,0,4,1,2846.47
4825.36,8906.46,1.8458,0.2223,10327.03,15.9499,2.8,59,21.068,2.4431,0.8824,17.664,6,4,0,0.9569,1,6,2,7610.16
4574.08,6684.17,1.4613,0.1742,7131.4,6.6909,5.98,239,39.952,0.9788,0.9768,29.468,5,10,1,1.0422,0,8,2,7538.25
1381.06,2294.38,1.6613,0.2544,2704.48,17.8744,129.53,413,3.188,0.9482,0.8023,2.972,0,6,0,1.0052,0,8,0,1897.37
812.13,1352.49,1.6654,0.1341,1254.09,-7.2757,15.19,321,21.125,0.499,0.9588,22.997,6,1,1,1.0991,0,7,0,1158.23
953.5,1392.37,1.4603,0.1769,1249.01,-10.2962,24.16,401,16.596,1.0419,0.593,21.492,0,8,0,1.0117,1,0,1,1170.39
582.0,1116.74,1.9188,0.1694,1056.67,-5.3791,7.32,58,7.918,0.5995,0.7776,6.666,2,6,0,1.0061,0,4,0,965.27
924.99,1459.4,1.5777,0.1864,1683.86,15.38,2.66,52,19.561,1.7928,0.8701,24.465,5,10,1,1.0478,1,5,1,1509.81
3573.53,5521.34,1.5451,0.2564,5432.19,-1.6147,1.85,63,33.967,3.3643,0.8024,25.168,0,4,0,1.0008,0,5,0,5382.55
820.35,1638.96,1.9979,0.1968,1934.95,18.059,6.41,120,18.722,3.4071,0.7424,23.564,6,5,0,0.9534,0,3,2,1416.32
1935.39,3037.55,1.5695,0.2588,2724.49,-10.3064,4.01,118,29.42,0.6518,0.6985,35.287,0,8,0,0.9915,1,0,0,2567.36
4301.94,5599.57,1.3016,0.2153,4973.63,-11.1783,9.48,285,30.048,0.6915,0.9771,21.411,6,2,0,0.9711,0,2,1,4947.23
604.72,959.16,1.5861,0.1684,1027.61,7.1362,0.57,17,29.768,1.3533,0.8633,26.164,0,4,0,1.0164,0,9,0,871.43
4165.11,7671.77,1.8419,0.262,7032.45,-8.3335,0.15,4,26.947,0.8914,0.7702,19.687,1,7,0,0.9998,0,3,1,6640.59
1768.35,3201.29,1.8103,0.1477,2726.42,-14.8338,48.13,324,6.732,1.007,0.7498,8.734,1,2,0,1.0048,0,3,1,2690.35
1031.74,1878.07,1.8203,0.1449,1784.87,-4.9625,33.41,391,11.704,3.4116,0.9807,11.198,6,6,0,0.9893,0,3,0,1600.04
3635.32,6368.42,1.7518,0.2009,5772.76,-9.3534,9.75,392,40.203,0.5816,0.794,44.115,1,11,1,1.1032,1,4,0,5466.76
3330.24,4549.4,1.3661,0.1522,4391.04,-3.4807,6.21,159,25.616,1.1426,0.9379,21.531,5,12,1,1.0491,0,8,1,4625.73
4448.62,8375.74,1.8828,0.1018,7325.46,-12.5396,10.53,375,35.598,1.2097,0.7961,44.862,5,12,1,1.0372,0,3,2,7310.07
3807.82,7270.75,1.9094,0.2297,8599.8,18.2793,4.87,141,28.926,1.6905,0.5672,25.006,4,9,0,0.985,0,8,0,6110.71
4115.66,5412.22,1.315,0.2022,6065.26,12.066,136.75,396,2.896,0.6497,0.7993,2.479,0,11,1,1.0275,1,8,1,4806.78
1769.16,2230.71,1.2609,0.1891,2534.89,13.6361,0.42,17,40.014,2.0995,0.8344,35.563,6,2,0,1.0043,0,0,2,2600.26
1298.48,2570.03,1.9793,0.2934,2362.16,-8.0883,16.14,67,4.152,1.1402,0.7551,4.058,1,4,0,1.001,0,4,1,2257.82
3877.77,7321.52,1.8881,0.2142,8366.32,14.2703,2.39,113,47.216,0.6607,0.7699,33.576,1,10,1,1.0448,0,8,0,6078.33
4130.76,7886.65,1.9093,0.2727,8173.04,3.6314,1.82,21,11.553,0.9136,0.9319,12.232,6,10,1,1.0898,0,3,1,7223.91
4957.27,9435.77,1.9034,0.1279,7762.74,-17.7307,0.73,19,26.108,1.6508,0.545,18.772,6,5,0,0.9684,0,4,1,7989.17
2356.78,3795.44,1.6104,0.2138,3269.03,-13.8695,96.7,398,4.116,2.8329,0.6482,4.213,3,10,1,1.0678,0,3,1,3299.13
2174.08,3694.72,1.6994,0.2736,3614.86,-2.1615,5.84,262,44.852,0.8389,0.8156,43.718,4,8,0,0.9815,0,1,0,3100.79
3993.86,6444.32,1.6136,0.2166,6170.53,-4.2486,9.38,460,49.017,2.8807,0.7717,41.445,1,5,0,0.9985,1,9,2,5433.6
2033.62,2427.17,1.1935,0.2436,2713.85,11.8111,11.88,97,8.168,1.8611,0.6064,7.334,1,5,0,0.9977,0,1,2,2892.67
4688.41,8362.61,1.7837,0.1744,9612.55,14.9468,6.71,104,15.494,0.7747,0.9349,17.405,1,10,1,1.0206,1,1,2,6947.85
4362.86,6891.27,1.5795,0.1185,7897.21,14.5972,160.31,285,1.778,1.3515,0.8698,1.255,3,9,0,1.0069,0,0,2,5603.36
2430.47,4133.15,1.7006,0.1916,3926.97,-4.9884,0.1,4,39.561,1.5466,0.8218,35.209,3,10,1,1.0628,0,2,0,4025.98
3878.92,6118.0,1.5772,0.1789,6450.27,5.431,7.87,128,16.262,0.8871,0.9164,18.021,4,6,0,0.9663,0,9,1,5388.67
3895.44,6108.21,1.568,0.2734,6101.1,-0.1164,14.84,443,29.853,0.7246,0.8121,23.625,0,5,0,0.9797,0,0,2,5458.42
964.06,1249.44,1.296,0.1488,1443.81,15.5568,54.08,158,2.922,0.9354,0.9374,3.028,0,3,1,1.0224,0,3,2,1241.48
4561.49,6326.36,1.3869,0.2933,7310.67,15.5589,6.93,250,36.058,0.8239,0.7434,28.895,5,12,1,1.0731,0,0,0,7336.97
2773.64,3564.19,1.285,0.2916,2928.16,-17.8451,18.48,498,26.941,1.148,0.9832,21.36,6,1,1,1.0451,0,3,1,3378.88
4219.06,5553.62,1.3163,0.1495,5713.87,2.8856,7.53,275,36.524,2.9782,0.7233,42.491,4,6,0,0.9619,0,2,1,5429.52
1940.22,3835.88,1.977,0.1696,3841.2,0.1387,2.07,82,39.689,1.2578,0.8356,34.129,5,10,1,1.1086,0,8,2,3800.09
4529.85,5798.88,1.2801,0.2791,6426.07,10.8157,59.37,319,5.373,2.4705,0.7374,4.972,0,12,1,1.1028,0,0,2,6745.95
2251.41,3104.42,1.3789,0.2933,2726.68,-12.1677,3.99,117,29.327,1.3287,0.4993,33.374,2,9,0,0.9514,0,7,1,3036.94
548.77,906.57,1.652,0.1887,977.28,7.7999,13.61,447,32.847,4.249,0.8083,26.531,5,11,1,1.0254,0,8,0,796.63
4574.22,7632.78,1.6687,0.1642,8361.28,9.5444,1.06,28,26.319,0.6658,0.7899,26.82,0,4,0,1.009,0,6,1,6523.49
910.79,1166.61,1.2809,0.2052,945.77,-18.9302,49.51,492,9.938,0.356,0.7306,12.429,3,8,0,0.9768,0,0,1,1047.41
1936.91,3534.2,1.8247,0.2376,3437.04,-2.7493,8.93,357,39.984,1.1464,0.8254,41.276,3,2,0,1.0012,0,3,2,2998.13
4775.28,8678.7,1.8174,0.1547,10341.35,19.1579,2.75,137,49.875,1.221,0.9624,36.375,1,11,1,1.0286,0,9,0,7609.06
4777.73,6458.16,1.3517,0.2473,5943.07,-7.9758,3.22,156,48.494,2.1992,0.8323,51.104,3,2,0,0.9986,0,0,0,6464.05
3080.47,4298.38,1.3954,0.1103,4959.53,15.3813,0.77,30,39.099,2.5915,0.7902,29.484,2,4,0,0.9638,0,3,0,4391.57
3343.27,6510.31,1.9473,0.1099,6736.58,3.4756,15.36,330,21.487,0.4586,0.8872,18.678,2,2,0,0.9883,0,2,2,5659.36
2518.0,4662.89,1.8518,0.1773,4283.42,-8.1382,26.81,470,17.528,0.9175,0.9572,21.205,6,6,0,0.9952,0,1,0,4086.01
1819.45,3171.53,1.7431,0.1707,3597.77,13.4395,65.39,285,4.359,1.072,0.7174,3.08,2,8,0,0.9887,1,0,0,2751.94
1978.99,2414.17,1.2199,0.1631,2887.98,19.6265,7.1,152,21.398,0.5617,0.7889,15.967,1,3,1,1.0508,0,5,2,2841.57
3526.33,5308.98,1.5055,0.1982,5822.9,9.6802,38.74,335,8.646,0.9325,0.8497,7.938,0,3,1,1.0407,0,6,1,4673.17
3885.69,6315.82,1.6254,0.1641,5207.5,-17.5482,4.23,57,13.462,1.7253,0.8308,17.496,6,4,0,0.965,0,5,0,5321.97
4062.11,5318.51,1.3093,0.1385,4366.31,-17.9036,6.98,312,44.702,1.7882,0.5231,39.12,1,12,1,1.0405,0,8,1,5662.69
4053.28,6205.54,1.531,0.1619,6184.58,-0.3378,1.77,86,48.458,1.2059,0.7061,38.493,3,5,0,1.0174,1,8,0,5140.5
910.43,1512.1,1.6609,0.295,1213.35,-19.7573,2.57,122,47.479,2.335,0.8128,48.887,2,3,1,1.0997,0,1,1,1596.42
2724.89,3891.88,1.4283,0.1822,4165.79,7.0379,18.14,190,10.474,1.1903,0.7341,10.595,6,6,0,1.0018,0,1,1,3330.37
759.01,1376.7,1.8138,0.1889,1110.34,-19.3479,7.8,352,45.144,1.8957,0.8241,43.779,1,5,0,0.9602,0,8,2,1165.71
2972.88,5542.58,1.8644,0.2153,6591.39,18.9226,46.64,370,7.934,0.6576,0.9534,10.06,5,8,0,0.9537,0,0,2,4775.82
2486.89,3543.98,1.4251,0.2967,4083.57,15.2253,11.28,292,25.875,0.6797,0.9197,22.462,1,10,1,1.0915,0,4,0,3664.93
4494.67,8372.93,1.8629,0.1483,9429.19,12.6151,9.62,313,32.54,2.8252,0.8942,28.504,6,4,0,0.9693,0,0,0,7271.68
2079.12,2574.03,1.238,0.2363,2895.69,12.4965,1.14,27,23.661,0.7836,0.8214,18.554,2,6,0,0.9821,1,6,2,2855.26
1026.8,1911.98,1.8621,0.2432,2167.7,13.375,3.23,154,47.64,1.66,0.7871,53.279,4,9,0,0.9516,0,8,0,1609.03
1143.46,1463.45,1.2798,0.2215,1424.96,-2.6298,26.14,453,17.327,0.7684,0.8525,15.47,2,6,0,0.9932,1,5,0,1319.69
3926.8,4792.61,1.2205,0.1177,5352.11,11.6743,8.53,229,26.842,1.2154,0.8358,31.717,4,10,1,1.056,1,1,2,5213.91
3281.98,5564.63,1.6955,0.2354,5268.93,-5.314,7.66,36,4.697,0.9344,0.8871,6.027,2,5,0,0.9704,0,5,1,4626.43
955.05,1481.43,1.5511,0.1128,1687.87,13.9355,0.12,5,42.759,1.4306,0.9072,31.052,0,11,1,1.0912,0,8,0,1544.64
878.48,1688.18,1.9217,0.2192,1767.84,4.7186,22.21,472,21.255,1.4268,0.894,27.544,4,8,0,0.9633,0,2,2,1385.36
3654.36,5330.66,1.4587,0.2479,5028.61,-5.6662,13.02,460,35.326,0.7184,0.8952,30.114,4,4,0,0.9651,0,8,0,4555.1
827.43,1153.51,1.3941,0.1422,1266.77,9.8189,9.21,317,34.43,1.4549,0.9257,32.78,5,12,1,1.0249,0,7,0,1032.82
4198.37,6615.06,1.5756,0.2683,5934.56,-10.287,6.56,224,34.137,0.5648,0.7066,39.826,1,6,0,0.9924,0,6,2,5682.41
3678.09,5655.26,1.5376,0.1061,6706.38,18.5866,1.24,32,25.84,2.37,0.54,28.403,4,7,0,1.014,0,7,2,6266.09
866.07,1249.53,1.4428,0.2688,1331.88,6.5898,6.03,88,14.598,1.1968,0.8521,17.037,3,10,1,1.0664,0,9,0,1331.74
881.77,1534.0,1.7397,0.1921,1473.37,-3.9519,10.53,333,31.63,0.2201,0.5893,30.991,1,6,0,0.9903,0,5,0,1282.32
4939.88,8870.18,1.7956,0.1435,9050.17,2.0291,0.81,39,48.128,0.5198,0.7782,60.142,6,8,0,0.9617,1,2,1,7538.12
2184.22,4095.49,1.875,0.1268,4484.67,9.5027,4.01,168,41.864,1.408,0.8199,49.146,1,2,0,0.9726,0,6,1,3588.11
2167.89,4285.76,1.9769,0.2907,4795.46,11.8929,59.09,374,6.33,1.6166,0.7383,5.605,5,12,1,1.1108,1,3,2,3633.46
4157.6,5723.59,1.3767,0.1145,6810.98,18.9983,139.03,297,2.136,0.8225,0.927,2.711,6,5,0,0.9794,1,9,0,4915.04
4762.62,8375.92,1.7587,0.1398,7400.82,-11.6417,19.06,485,25.45,1.0817,0.6796,32.49,6,3,1,1.0684,0,4,2,7142.85
4937.0,7332.04,1.4851,0.1696,7345.06,0.1775,10.05,392,39.016,1.4374,0.9249,37.027,0,4,0,0.9751,0,7,2,6533.93
3890.2,6712.62,1.7255,0.224,5615.66,-16.3417,1.04,17,16.381,1.9262,0.613,17.875,1,12,1,1.0334,0,6,0,5968.17
2193.17,3409.47,1.5546,0.209,2839.78,-16.709,0.4,14,35.361,1.5745,0.8802,42.039,6,10,1,1.021,0,6,1,3449.72
875.75,1746.87,1.9947,0.1251,1470.4,-15.8267,2.81,131,46.664,0.7556,0.765,55.548,6,8,0,1.0151,0,7,2,1427.31
3997.16,7073.24,1.7696,0.1579,6392.81,-9.6198,12.3,289,23.49,1.9781,0.9134,16.642,1,11,1,1.0265,0,9,2,6014.19
3012.82,5903.97,1.9596,0.1478,6367.64,7.8534,24.45,317,12.964,0.3373,0.6846,13.967,3,12,1,1.0525,0,2,0,5007.84
2409.0,4480.07,1.8597,0.1427,5127.24,14.4454,6.37,293,45.97,0.8694,0.3674,59.036,1,2,0,0.9683,0,2,1,3819.85
4578.59,8779.3,1.9175,0.1822,8554.53,-2.5602,8.62,208,24.141,1.3635,0.8539,20.25,4,9,0,0.9982,0,1,1,7662.88
1000.39,1842.97,1.8423,0.2408,1883.67,2.2081,15.54,326,20.984,0.5472,0.8879,24.706,5,7,0,0.9925,0,0,0,1504.08
2716.81,4184.67,1.5403,0.1435,3693.16,-11.7453,26.15,479,18.315,1.0279,0.7161,18.691,6,12,1,1.0262,0,9,2,3493.07
551.09,751.7,1.364,0.1733,839.22,11.6432,12.79,278,21.728,1.3187,0.6478,18.097,5,1,1,1.1043,0,5,0,804.16
2608.97,3821.55,1.4648,0.1782,4415.2,15.5342,11.2,381,34.009,0.6785,0.6508,24.848,0,11,1,1.1131,0,5,0,3633.67
753.36,879.33,1.1672,0.2953,874.26,-0.5761,12.36,275,22.252,1.0999,0.9094,25.723,5,3,1,1.1114,0,9,1,1000.58
1034.68,1650.72,1.5954,0.2909,1426.8,-13.565,29.25,494,16.887,0.5426,0.66,15.027,5,12,1,1.0537,0,7,2,1411.59
1028.87,1624.89,1.5793,0.26,1303.23,-19.7959,11.73,439,37.438,1.6534,0.9203,34.644,3,8,0,0.9741,0,5,2,1356.54
3421.45,5462.21,1.5965,0.1483,5541.77,1.4564,28.14,308,10.946,1.3056,0.7534,10.849,5,2,0,1.0196,0,5,1,4647.26
3857.2,7629.26,1.9779,0.1136,7622.05,-0.0946,35.34,385,10.895,1.4468,0.9748,10.942,2,10,1,1.0357,1,0,2,6503.15
3125.16,6015.11,1.9247,0.1634,7039.62,17.0323,7.86,276,35.125,0.9659,0.878,28.933,2,7,0,0.9769,0,6,2,5333.76
4829.78,6218.12,1.2875,0.1534,5065.24,-18.5406,1.73,75,43.469,0.4348,0.6832,47.919,2,1,1,1.0607,0,6,0,5945.04
2186.92,3200.66,1.4636,0.2012,2751.23,-14.0419,23.17,297,12.819,0.9358,0.9075,14.3,3,3,1,1.1158,0,9,0,2711.61
1785.7,2697.06,1.5104,0.2555,2370.92,-12.0925,30.1,312,10.365,2.3704,0.9356,8.141,2,12,1,1.0616,0,8,0,2324.27
4408.7,6421.06,1.4565,0.2717,6542.09,1.885,11.14,377,33.845,1.6623,0.9451,34.513,4,10,1,1.057,0,6,2,7040.85
1506.18,2754.39,1.8287,0.269,2517.22,-8.6106,13.75,432,31.419,2.3932,0.8765,33.479,2,2,0,0.9998,1,7,2,2308.1
4834.5,7713.12,1.5954,0.1719,6805.07,-11.7728,15.1,346,22.915,1.028,0.905,18.602,2,12,1,1.0728,0,3,2,6699.57
554.7,907.64,1.6363,0.2374,912.87,0.5766,87.24,497,5.697,0.7075,0.8744,7.046,0,12,1,1.0652,0,8,2,764.66
4864.45,9121.15,1.8751,0.1626,7445.24,-18.3739,20.19,111,5.497,1.3409,0.7576,5.441,2,2,0,0.9703,1,0,1,7483.23
694.22,1273.92,1.835,0.1122,1516.09,19.0097,6.78,265,39.09,0.9084,0.9068,30.061,6,10,1,1.0298,0,7,1,1076.65
4510.14,5693.51,1.2624,0.2403,6515.7,14.4407,3.07,71,23.137,0.7566,0.815,20.838,2,2,0,1.0053,0,2,2,6735.51
2874.65,5050.27,1.7568,0.102,4589.61,-9.1215,7.34,316,43.04,0.4201,0.8333,42.445,1,4,0,0.9849,0,0,0,4385.37
4968.34,7552.48,1.5201,0.1818,7057.55,-6.5532,0.69,20,29.162,1.1819,0.8915,20.591,4,6,0,0.9698,0,1,0,6288.4
832.08,1165.29,1.4005,0.1659,1046.85,-10.1641,5.97,187,31.318,1.5976,0.8764,22.522,6,1,1,1.0235,1,5,1,1024.78
2992.34,3568.42,1.1925,0.2387,4179.9,17.136,2.57,120,46.776,0.5586,0.8971,34.301,3,10,1,1.0496,0,4,1,4100.3
4861.86,7604.74,1.5642,0.2532,8070.75,6.1279,37.61,341,9.066,2.1056,0.662,9.274,0,7,0,1.0197,0,2,2,7218.82
2853.94,4144.27,1.4521,0.1608,4179.38,0.8472,5.07,140,27.608,1.133,0.9542,24.893,3,7,0,1.0122,1,8,2,3546.8
3332.29,4544.54,1.3638,0.2623,4560.17,0.344,78.73,303,3.849,1.0567,0.7454,4.757,2,1,1,1.093,0,7,2,4897.72
3630.87,6319.42,1.7405,0.1588,5474.95,-13.3632,22.76,423,18.587,0.5435,0.7617,19.248,1,10,1,1.0355,0,2,2,5246.59
2545.43,4592.12,1.8041,0.1893,5441.94,18.5059,54.02,446,8.257,1.3018,0.771,9.544,2,12,1,1.1188,0,1,2,3988.13
3324.01,4514.24,1.3581,0.2454,5262.88,16.5839,19.89,203,10.204,0.5619,0.9821,11.35,2,9,0,1.0072,0,7,0,3874.86
3129.41,3730.36,1.192,0.2386,4405.43,18.0968,4.44,208,46.805,0.6204,0.7869,47.376,5,8,0,1.0061,1,4,0,3910.28
4555.21,8524.8,1.8714,0.2975,7811.9,-8.3627,16.01,495,30.923,0.4334,0.9661,35.464,5,2,0,0.9623,0,8,2,7353.75
704.51,816.15,1.1585,0.145,808.53,-0.9341,0.18,8,44.716,3.8582,0.5778,45.915,0,7,0,0.9931,0,0,0,931.39
1764.33,3434.36,1.9465,0.2325,3460.36,0.757,8.09,184,22.732,0.9762,0.8194,21.17,0,2,0,1.013,0,9,2,2877.77
4776.85,8041.72,1.6835,0.2219,8008.51,-0.413,14.33,434,30.285,0.7372,0.8264,29.118,3,4,0,0.9853,0,2,2,7005.75
4506.19,6414.87,1.4236,0.283,5181.14,-19.2324,143.04,368,2.573,0.9793,0.9029,3.095,6,5,0,0.9886,0,4,1,5348.38
2550.46,3467.36,1.3595,0.1313,3929.42,13.326,15.62,375,24.006,0.778,0.9318,24.917,2,10,1,1.0486,0,1,0,2933.02
3290.6,3809.38,1.1577,0.2504,4185.05,9.8618,10.3,295,28.639,0.9143,0.8159,26.53,5,3,1,1.0965,0,2,0,4342.41
1748.22,2360.35,1.3502,0.2137,2336.56,-1.0081,181.66,331,1.822,1.2043,0.64,1.472,3,7,0,1.0102,1,3,1,2010.45
1346.55,1706.17,1.2671,0.1549,1547.43,-9.3039,5.04,200,39.685,0.8162,0.9146,39.574,2,7,0,0.9857,1,3,0,1573.89
2586.64,4320.58,1.6703,0.1949,4553.85,5.3991,4.07,63,15.476,1.064,0.5915,13.177,0,6,0,1.0178,0,8,1,3624.03
2090.09,2699.48,1.2916,0.1668,2308.91,-14.4683,15.06,349,23.172,3.2107,0.9925,29.506,1,7,0,0.9782,0,0,0,2403.6
3126.45,5000.25,1.5993,0.2159,5994.85,19.8911,11.93,325,27.246,0.3998,0.7783,27.098,5,3,1,1.0435,0,8,2,4552.21
849.81,1403.54,1.6516,0.2778,1193.2,-14.9864,6.43,319,49.618,0.566,0.8031,34.999,5,7,0,0.951,0,8,1,1146.52
4884.78,6854.98,1.4033,0.2139,5644.27,-17.6618,4.1,24,5.86,1.2799,0.8626,4.429,6,7,0,0.9905,0,5,2,7140.76
4937.95,5825.82,1.1798,0.2263,6087.77,4.4963,14.57,411,28.209,1.9822,0.6934,24.558,3,9,0,1.0069,1,0,2,6180.98
3641.73,4303.31,1.1817,0.2037,4240.32,-1.4635,14.56,393,26.999,4.4643,0.8864,20.392,3,2,0,1.0094,0,5,0,4914.4
2912.43,3414.52,1.1724,0.1102,3713.64,8.76,111.5,488,4.377,1.2303,0.9573,5.411,4,3,1,1.0274,0,7,1,3738.61
1892.87,3366.01,1.7783,0.1466,2865.11,-14.8813,4.83,155,32.063,0.5436,0.8822,38.88,5,4,0,0.9868,0,4,2,2794.25
4162.08,5911.43,1.4203,0.1984,5589.25,-5.4502,14.61,220,15.056,2.1227,0.7267,19.309,4,8,0,0.9647,0,4,2,5894.48
3581.29,6542.5,1.8269,0.162,6545.2,0.0413,47.83,291,6.085,1.0643,0.8645,6.838,1,1,1,1.0968,1,0,1,5678.95
1231.78,1868.57,1.517,0.1364,1828.95,-2.1203,14.15,138,9.753,1.0439,0.9336,10.605,5,11,1,1.0462,0,0,0,1546.03
4599.17,7059.95,1.535,0.2008,7294.44,3.3213,0.48,20,41.357,0.3785,0.694,51.865,4,2,0,0.963,0,7,2,6304.15
4201.42,6663.24,1.586,0.1646,5601.79,-15.93,79.48,485,6.102,1.7937,0.7371,7.736,1,2,0,0.9744,0,4,0,5609.94
4774.1,8383.69,1.7561,0.1516,8396.18,0.149,6.41,153,23.879,0.6309,0.7573,29.288,2,2,0,1.0048,0,7,1,7086.1
3765.74,5206.05,1.3825,0.1928,5320.1,2.1907,37.94,401,10.568,1.3277,0.8744,12.86,4,11,1,1.0619,0,9,0,4710.25
3260.37,4086.38,1.2533,0.1267,4709.18,15.2409,7.48,67,8.954,1.0342,0.9039,9.876,4,2,0,1.0129,0,1,1,4039.3
2382.09,3865.3,1.6226,0.2855,3975.19,2.843,44.31,491,11.08,1.1049,0.9309,7.767,3,7,0,1.009,0,3,0,3200.76
4697.28,6707.39,1.4279,0.2735,6834.28,1.8918,1.59,40,25.146,1.0263,0.8114,24.083,1,6,0,0.9854,0,9,0,6796.47
4397.29,6710.78,1.5261,0.2415,7548.49,12.4831,1.11,14,12.652,0.6859,0.6278,13.681,3,12,1,1.0743,0,8,2,7873.0
703.48,1195.86,1.6999,0.1212,987.78,-17.4001,48.43,278,5.74,0.6567,0.5776,5.902,4,7,0,0.9707,0,2,0,1026.23
618.65,971.29,1.57,0.2552,1028.77,5.9185,4.17,168,40.269,1.6062,0.5874,48.027,6,6,0,1.0152,0,5,2,972.78
2194.09,3680.0,1.6772,0.2616,4138.98,12.4722,4.84,133,27.451,0.9921,0.8878,32.704,5,10,1,1.0607,0,6,1,3538.04
4147.49,6688.12,1.6126,0.2536,5603.56,-16.2162,56.41,490,8.686,0.7208,0.743,9.2,6,1,1,1.0612,1,2,1,5714.0
4942.74,8792.28,1.7788,0.1228,9888.06,12.4629,8.22,198,24.1,0.774,0.7863,17.188,2,6,0,1.0029,0,0,2,7347.42
1176.88,2059.59,1.75,0.2288,2296.16,11.4862,54.49,237,4.35,1.4106,0.7848,4.009,6,4,0,0.9955,0,1,0,1773.2
3173.59,5090.63,1.6041,0.2669,4074.42,-19.9623,15.05,443,29.441,0.7124,0.7113,24.651,0,9,0,0.9876,0,9,1,4394.0
2214.01,3823.74,1.7271,0.2155,3435.49,-10.1537,6.28,111,17.675,2.221,0.9268,15.965,1,6,0,0.9957,0,6,1,3200.79
4864.61,9206.41,1.8925,0.2293,7922.14,-13.9497,76.08,462,6.073,0.9251,0.9604,6.5,1,9,0,0.9516,0,6,1,7634.42
4289.54,6509.07,1.5174,0.1917,6538.59,0.4535,5.1,51,9.999,0.8396,0.9168,7.398,2,8,0,1.0117,0,0,2,6336.26
4272.48,6412.34,1.5008,0.2057,7474.25,16.5603,7.58,136,17.939,1.362,0.9103,12.797,2,5,0,0.9873,0,9,1,5664.72
2609.12,4695.39,1.7996,0.1069,4888.29,4.1083,6.27,254,40.514,0.8676,0.8002,38.979,1,10,1,1.1125,1,6,1,4053.56
2366.69,3893.61,1.6452,0.2278,4052.16,4.0721,11.98,114,9.514,1.2103,0.8939,11.19,1,12,1,1.1001,0,9,1,3680.61
1730.33,2094.32,1.2104,0.1163,1778.37,-15.0861,24.63,157,6.374,0.9726,0.6193,4.579,2,7,0,0.9899,0,5,1,2031.1
753.69,1438.26,1.9083,0.187,1533.98,6.6552,11.38,299,26.281,0.4198,0.8902,31.785,5,11,1,1.0632,0,5,2,1202.65
4391.25,5164.84,1.1762,0.1585,5967.08,15.5328,15.68,445,28.376,0.5865,0.7865,26.399,2,8,0,0.9561,0,6,2,5049.94
4158.05,7426.85,1.7861,0.2091,7216.96,-2.8261,78.57,426,5.422,1.1577,0.9268,4.18,6,12,1,1.0471,1,6,0,6224.5
4998.73,8972.59,1.795,0.1267,9624.97,7.2707,27.51,411,14.94,0.7981,0.8719,15.545,2,5,0,1.0158,0,0,1,7380.22
4984.87,9771.06,1.9601,0.2383,8969.56,-8.2028,34.38,477,13.875,2.7993,0.967,17.641,6,12,1,1.0889,0,9,2,8309.06
2999.44,3587.38,1.196,0.259,3255.76,-9.244,25.98,263,10.125,0.6748,0.9578,10.383,4,8,0,0.9867,1,4,0,3500.47
3960.44,6563.76,1.6573,0.1327,5736.97,-12.5963,21.5,354,16.466,0.5196,0.8908,18.31,5,10,1,1.0987,0,7,0,5671.25
4751.45,7192.09,1.5137,0.1209,6448.44,-10.3399,108.58,306,2.818,1.02,0.4269,3.353,1,9,0,0.9696,0,7,1,6136.2
4323.41,6186.97,1.431,0.1291,5797.83,-6.2897,2.98,98,32.926,1.1337,0.7329,38.84,1,5,0,0.9947,0,2,0,5402.43
1613.07,1978.86,1.2268,0.2754,2031.68,2.6691,2.43,120,49.436,1.5555,0.4647,36.774,2,8,0,0.9959,0,2,2,2226.65
2527.45,4115.33,1.6283,0.2056,4577.33,11.2262,2.78,89,32.068,0.2858,0.9201,36.705,3,9,0,0.9652,0,6,0,3486.1
1081.22,1683.66,1.5572,0.1935,1541.93,-8.4175,1.55,29,18.693,2.1249,0.6526,23.734,0,1,1,1.0298,1,3,0,1559.81
4793.23,5938.19,1.2389,0.1213,5149.87,-13.2755,14.29,482,33.728,0.5197,0.8576,37.788,1,7,0,1.0027,0,5,2,5677.93
3227.79,5392.39,1.6706,0.2299,5284.03,-2.0095,7.9,229,29.004,1.7239,0.7127,34.859,6,7,0,0.9997,0,8,0,4649.93
1528.89,2717.24,1.7773,0.2736,3031.91,11.5806,3.25,138,42.491,2.6611,0.5935,42.123,6,11,1,1.0559,0,9,0,2495.96
3522.65,6348.48,1.8022,0.2656,6067.45,-4.4267,8.04,253,31.472,1.4526,0.5488,28.055,4,11,1,1.0384,0,1,0,5314.55
3281.58,6299.21,1.9196,0.2252,7340.53,16.531,12.57,403,32.07,0.5636,0.7466,35.461,0,2,0,0.9611,0,1,0,5476.59
2111.73,3163.48,1.4981,0.1151,2844.49,-10.0834,41.56,493,11.862,0.908,0.9754,11.806,6,12,1,1.11,1,5,1,2747.95
1011.01,1981.69,1.9601,0.1225,2186.45,10.3326,1.4,30,21.366,1.4591,0.9065,26.433,3,2,0,0.9965,0,2,1,1675.99
3522.08,6641.29,1.8856,0.1099,6555.64,-1.2897,9.01,161,17.876,1.0168,0.9415,22.965,5,12,1,1.0868,0,0,2,5787.04
2841.38,3983.7,1.402,0.1515,3357.66,-15.715,253.23,395,1.56,0.5918,0.8846,1.859,6,8,0,0.9689,0,1,0,3386.94
3975.43,5109.98,1.2854,0.1271,4662.5,-8.7571,26.36,431,16.351,1.0512,0.5092,21.184,4,7,0,1.008,0,6,2,4571.75
2840.74,4318.15,1.5201,0.152,4936.89,14.3289,6.25,155,24.817,0.7723,0.7572,22.559,2,3,1,1.0437,1,3,1,3836.29
4334.82,6465.87,1.4916,0.177,5187.93,-19.7645,10.59,322,30.393,1.3512,0.7295,37.609,3,10,1,1.1106,0,1,0,5422.96
2983.58,4891.17,1.6394,0.2886,5392.69,10.2537,2.48,116,46.794,0.5881,0.7509,42.019,2,4,0,1.0018,1,7,0,4076.05
3024.22,4977.5,1.6459,0.2221,5597.51,12.4563,14.94,190,12.717,0.3802,0.7176,9.802,4,3,1,1.0805,0,3,1,4402.36
4444.94,7945.28,1.7875,0.267,6737.08,-15.2065,20.66,175,8.469,0.6015,0.8105,9.086,4,4,0,0.9632,1,3,0,6724.38
2315.67,3666.65,1.5834,0.2421,4344.53,18.4876,9.75,425,43.603,0.4262,0.8561,42.425,2,10,1,1.1147,1,1,0,3168.94
1103.07,1366.81,1.2391,0.1225,1570.35,14.8916,9.23,435,47.151,0.7304,0.8377,59.081,0,5,0,0.9646,0,0,1,1310.42
629.52,1183.22,1.8795,0.2472,1031.07,-12.8587,0.16,4,24.91,1.3987,0.8958,24.793,1,10,1,1.0689,0,0,2,1185.98
3898.12,5509.21,1.4133,0.155,4939.46,-10.3417,49.96,332,6.646,0.8212,0.7718,8.351,1,1,1,1.0973,0,2,2,4961.76
3291.39,6502.49,1.9756,0.2278,7330.79,12.7383,0.44,11,24.784,0.9879,0.8406,18.518,5,6,0,1.0124,1,5,0,5400.88
3668.36,4586.11,1.2502,0.1682,4671.18,1.8549,9.12,58,6.363,0.605,0.5735,7.624,4,5,0,1.0136,0,6,1,4510.4
1458.34,2864.93,1.9645,0.2995,3349.18,16.9027,7.23,320,44.276,1.01,0.8243,51.16,3,5,0,0.9605,0,8,2,2485.34
1113.67,1366.88,1.2274,0.1527,1628.85,19.1656,8.6,307,35.699,0.62,0.8065,40.411,6,9,0,0.994,0,4,2,1532.88
565.45,761.31,1.3464,0.1558,713.64,-6.2624,23.25,298,12.816,0.5519,0.8386,11.702,6,3,1,1.0271,0,8,0,661.3
2077.64,2471.55,1.1896,0.2861,2073.11,-16.1211,5.6,249,44.448,0.8932,0.7258,52.015,2,3,1,1.1033,0,7,2,2824.6
3154.63,5518.54,1.7493,0.1049,5967.78,8.1406,10.48,338,32.257,0.713,0.6929,31.934,3,9,0,0.9621,0,0,1,4856.1
2265.1,4241.97,1.8728,0.2393,4959.92,16.9248,1.93,92,47.71,0.2449,0.8039,53.87,2,8,0,1.0087,0,2,2,3602.97
2468.64,3749.76,1.519,0.2451,3247.11,-13.4049,6.48,318,49.044,0.9611,0.9334,50.58,3,9,0,0.9755,0,7,1,3151.93
4568.71,8859.85,1.9392,0.2673,10580.03,19.4154,94.76,110,1.161,0.6144,0.7192,0.922,5,10,1,1.1058,0,8,1,7656.73
2067.15,3414.42,1.6518,0.2949,2999.05,-12.1652,44.26,305,6.89,0.5937,0.7834,5.09,6,10,1,1.0437,0,3,0,2841.58
2812.95,4741.25,1.6855,0.2951,3956.62,-16.549,13.2,367,27.799,2.0096,0.631,25.567,2,8,0,0.966,0,5,2,3918.34
4026.44,7523.83,1.8686,0.1131,7510.88,-0.1721,6.15,294,47.837,1.5325,0.6277,60.259,4,7,0,0.9951,1,3,0,6506.3
2284.44,3203.43,1.4023,0.2644,3594.98,12.2229,8.55,425,49.717,1.2062,0.6491,50.604,0,2,0,1.0178,1,8,2,3349.21
3299.39,4787.83,1.4511,0.2293,4508.94,-5.825,16.39,472,28.803,1.0306,0.7206,34.025,6,11,1,1.093,0,1,0,4261.53
4380.64,8411.08,1.9201,0.2295,7845.32,-6.7264,35.2,335,9.516,1.3538,0.8247,9.95,1,12,1,1.1008,1,5,0,7074.67
4772.84,9143.9,1.9158,0.1257,8036.07,-12.1155,1.78,16,8.989,0.8218,0.85,11.459,3,5,0,0.979,1,2,0,7735.86
1161.83,2300.44,1.98,0.23,2747.71,19.4432,5.7,219,38.429,1.0404,0.9623,35.419,5,10,1,1.0985,0,9,2,2137.39
4669.64,8949.67,1.9166,0.2965,8383.56,-6.3254,16.2,486,30.005,0.8172,0.5993,22.031,1,7,0,0.9549,0,3,0,7452.1
2714.52,3415.59,1.2583,0.2824,3643.03,6.6588,10.68,298,27.89,1.0577,0.7968,32.587,3,5,0,0.97,1,1,1,3217.6
1662.1,3075.16,1.8502,0.1878,2622.97,-14.7048,12.76,304,23.822,1.1534,0.8032,26.759,4,1,1,1.0845,0,7,2,2671.52
2566.11,3844.96,1.4984,0.108,3767.69,-2.0097,0.11,4,36.532,1.118,0.9706,37.135,5,11,1,1.113,0,9,1,3973.31
4910.15,9781.9,1.9922,0.1725,10939.39,11.833,2.97,128,43.045,0.8322,0.9669,38.561,4,10,1,1.0528,1,7,0,8345.87
2716.78,4214.92,1.5514,0.2653,5007.9,18.8137,20.32,322,15.845,1.4125,0.8706,12.881,3,6,0,0.9741,1,0,0,3551.55
1979.38,3208.1,1.6208,0.2403,2794.05,-12.9066,9.39,111,11.825,0.9038,0.8469,11.699,3,6,0,0.9735,0,9,1,2822.6
3350.3,5361.52,1.6003,0.1919,4492.2,-16.214,0.68,23,33.84,0.8922,0.9906,37.214,3,12,1,1.1013,0,5,0,5111.02
1580.66,2250.03,1.4235,0.111,2688.78,19.5001,0.61,28,45.822,0.4023,0.5206,47.991,5,6,0,0.961,0,0,2,2213.43
841.38,1021.25,1.2138,0.1854,1043.38,2.1673,22.04,398,18.06,0.6533,0.4305,17.382,4,3,1,1.0326,0,5,1,1028.01
1079.96,2064.13,1.9113,0.1938,1936.5,-6.1832,9.13,131,14.35,1.5418,0.8853,14.692,0,1,1,1.1032,0,6,2,1810.73
1076.21,1971.91,1.8323,0.2857,2334.96,18.4111,3.56,43,12.08,1.4797,0.7799,9.238,0,7,0,0.9706,0,1,2,1785.61
1183.56,1501.46,1.2686,0.2282,1435.51,-4.3924,23.76,320,13.47,0.9891,0.927,15.053,3,6,0,0.9853,0,8,2,1497.11
1124.72,2036.03,1.8103,0.1623,1817.77,-10.7198,65.16,496,7.612,0.7564,0.7477,8.682,2,5,0,0.9585,0,7,0,1693.44
3383.94,5691.68,1.682,0.2051,6382.66,12.1401,12.4,375,30.242,1.0787,0.8007,21.377,0,3,1,1.0446,1,8,0,4977.27
1318.46,1974.75,1.4978,0.1132,1827.8,-7.4414,13.96,206,14.76,0.302,0.9697,12.728,4,6,0,0.9689,1,9,1,1718.13
2055.5,2807.65,1.3659,0.2945,2607.72,-7.1209,12.24,381,31.132,1.0724,0.9711,23.513,4,10,1,1.0974,0,3,1,3184.63
4535.55,8530.32,1.8808,0.172,8342.62,-2.2004,42.42,215,5.069,0.5361,0.7781,6.584,5,9,0,1.0069,0,3,2,7263.51
2632.83,4594.71,1.7452,0.1956,4949.34,7.7184,36.5,243,6.657,0.9556,0.9062,7.03,4,12,1,1.0408,0,7,0,3988.74
3504.01,5661.0,1.6156,0.1711,6434.89,13.6705,1.1,30,27.271,1.1121,0.8755,26.71,6,8,0,0.9883,0,0,0,5084.41
1275.44,2127.6,1.6681,0.2365,1894.56,-10.9531,15.46,403,26.065,0.8396,0.9858,25.486,1,11,1,1.1194,0,7,0,1835.13
1365.3,1675.78,1.2274,0.2324,1583.6,-5.5005,18.53,265,14.304,1.4525,0.6153,18.293,1,8,0,0.9876,1,6,1,1574.15
683.91,1062.0,1.5528,0.2431,1060.37,-0.1533,0.24,10,41.529,0.729,0.8471,45.513,6,8,0,0.9879,0,6,0,915.99
1260.21,1656.73,1.3146,0.1536,1342.35,-18.9756,7.97,81,10.165,0.6947,0.8797,8.144,4,1,1,1.0949,0,8,2,1609.81
1753.66,2327.32,1.3271,0.1631,2510.81,7.8842,25.76,481,18.672,1.3664,0.8937,18.092,0,7,0,0.9768,0,9,2,2077.98
1296.55,2219.83,1.7121,0.1251,2278.4,2.6387,5.49,155,28.22,0.8352,0.8034,32.863,1,1,1,1.0665,0,6,2,1916.84
899.16,1730.5,1.9246,0.2311,1476.85,-14.6576,3.79,165,43.493,1.9608,0.7531,41.493,2,7,0,0.9916,0,1,0,1463.38
1042.86,1557.19,1.4932,0.108,1326.93,-14.7869,9.62,207,21.509,1.0068,0.7237,19.051,3,2,0,0.9855,1,0,2,1321.03
2573.5,3413.98,1.3266,0.2195,3953.63,15.8073,1.12,23,20.531,1.3174,0.8369,26.583,1,3,1,1.056,0,0,2,3945.99
1428.5,2430.5,1.7014,0.2739,2608.72,7.3325,10.0,294,29.397,1.593,0.8221,37.081,1,10,1,1.1048,0,6,1,2348.13
2139.21,4044.2,1.8905,0.2782,3863.12,-4.4776,22.64,374,16.518,0.9648,0.8681,20.894,0,2,0,0.96,1,4,1,3511.85
2765.38,4939.16,1.7861,0.1898,4619.26,-6.4767,4.98,178,35.749,0.466,0.6965,27.849,0,10,1,1.0737,1,3,0,4313.48
3606.78,6811.19,1.8884,0.1919,6312.22,-7.3259,25.1,331,13.186,1.3685,0.6786,11.084,2,1,1,1.1089,0,4,0,5882.7
676.9,1087.16,1.6061,0.1154,1154.41,6.1864,1.19,49,41.337,1.8156,0.7948,39.9,5,5,0,0.9848,0,9,0,927.15
4097.35,7330.54,1.7891,0.2342,6388.56,-12.8501,34.09,489,14.345,0.8757,0.8271,17.204,2,8,0,0.9665,0,9,0,6071.85
3325.55,4220.31,1.2691,0.2643,5043.16,19.4974,0.12,6,49.642,1.6427,0.7755,56.696,5,12,1,1.0212,0,5,0,4783.38
867.92,1255.04,1.446,0.1489,1348.94,7.4822,6.0,99,16.507,0.5577,0.8357,19.97,2,6,0,0.9907,0,9,1,1062.88
4431.1,6562.98,1.4811,0.1843,5584.1,-14.9152,1.82,80,44.062,1.0777,0.831,55.186,6,4,0,0.9575,1,5,1,5813.77
4643.93,7358.77,1.5846,0.2678,6293.31,-14.4788,11.72,240,20.47,0.8668,0.755,23.919,2,10,1,1.1084,0,0,1,6546.36
774.85,1502.99,1.9397,0.2754,1592.14,5.9317,24.74,323,13.057,0.4546,0.7085,11.19,6,1,1,1.0238,0,1,2,1287.81
1745.95,3305.35,1.8932,0.1486,3150.89,-4.673,14.9,180,12.082,1.2203,0.7641,10.527,1,10,1,1.1045,0,2,2,2845.78
4127.91,5219.1,1.2643,0.2101,5553.04,6.3983,6.84,292,42.659,0.6414,0.8123,38.884,2,2,0,0.9994,0,3,1,5394.28
3867.17,5015.22,1.2969,0.1385,5461.61,8.9007,29.76,480,16.129,1.2071,0.7122,14.223,5,2,0,0.989,0,5,1,4531.71
1330.34,1934.31,1.454,0.1204,1963.65,1.5168,4.66,82,17.59,0.6072,0.9314,14.942,2,11,1,1.0927,1,8,0,1648.45
1442.07,2014.77,1.3971,0.2822,1818.57,-9.7379,4.98,53,10.653,0.433,0.8322,12.266,4,3,1,1.0398,0,1,1,1877.63
2167.12,3624.64,1.6726,0.2641,3698.81,2.0464,1.85,89,48.105,0.6997,0.7954,34.655,1,2,0,0.962,0,7,0,3060.17
2680.35,5139.2,1.9174,0.252,4978.58,-3.1254,33.71,438,12.992,1.678,0.6959,14.773,1,4,0,1.0088,0,8,1,4297.04
3282.15,6459.09,1.9679,0.1098,7467.58,15.6135,15.39,202,13.125,0.9231,0.8092,15.673,1,4,0,0.9627,0,1,0,5621.62
2160.11,3684.2,1.7056,0.2687,4038.2,9.6085,0.63,30,47.251,1.018,0.7098,34.948,3,5,0,1.0032,1,8,1,3176.51
2581.41,4807.7,1.8624,0.1876,5036.52,4.7594,4.25,192,45.144,1.0723,0.8426,33.276,2,9,0,0.9668,0,6,0,4009.25
3863.62,6167.97,1.5964,0.1685,5032.38,-18.4111,36.9,487,13.197,1.0522,0.6722,11.498,5,3,1,1.0232,0,8,2,5212.28
665.07,882.61,1.3271,0.2093,1055.66,19.6068,2.28,99,43.372,2.5526,0.8621,35.781,2,6,0,0.9713,0,5,2,976.86
1635.97,2610.98,1.596,0.1183,2680.19,2.6509,26.28,348,13.241,0.9794,0.9685,13.886,2,10,1,1.0331,0,1,0,2230.71
3710.07,6017.07,1.6218,0.2513,5436.97,-9.6409,17.12,88,5.139,0.3857,0.8393,5.68,0,11,1,1.0745,0,7,0,5244.14
4528.43,8065.54,1.7811,0.2165,8360.82,3.661,10.73,442,41.198,0.8303,0.8327,44.514,0,4,0,1.0113,0,9,2,6807.26
2802.55,3746.73,1.3369,0.1373,4223.16,12.7158,3.14,122,38.806,1.0348,0.7095,35.485,0,7,0,0.9627,0,8,1,3410.71
2894.51,4234.85,1.4631,0.1376,4300.17,1.5423,24.16,373,15.439,0.5324,0.8124,15.424,3,4,0,0.9559,0,7,0,3637.54
982.27,1433.55,1.4594,0.1368,1592.33,11.0756,8.49,46,5.417,0.8878,0.733,5.872,2,7,0,1.0175,0,1,1,1231.83
2513.36,4940.06,1.9655,0.1114,4768.22,-3.4785,38.86,432,11.116,0.8935,0.9335,8.577,1,1,1,1.029,0,7,2,4207.28
2896.78,4424.4,1.5274,0.2176,4583.62,3.5985,3.74,145,38.782,2.4301,0.7915,32.488,1,9,0,1.0113,1,2,2,4156.37
1591.12,2851.01,1.7918,0.2681,2762.35,-3.11,0.04,2,48.273,0.7126,0.6596,59.583,4,1,1,1.0241,0,2,0,2400.5
1711.59,3060.66,1.7882,0.1035,3094.69,1.1119,1.24,17,13.691,1.6077,0.7264,12.396,5,5,0,0.9954,0,8,1,2588.34
2197.78,3023.51,1.3757,0.1098,2621.4,-13.2996,7.62,313,41.095,0.9296,0.9408,48.52,0,8,0,1.0029,0,8,2,2558.07
590.32,965.82,1.6361,0.2146,1003.92,3.9457,26.79,326,12.169,1.5373,0.7732,10.351,3,8,0,0.9874,0,8,1,815.46
1949.36,3723.58,1.9102,0.2639,4436.94,19.158,13.85,475,34.3,2.0094,0.5741,24.867,4,6,0,1.0156,0,3,2,3290.02
1451.52,2255.54,1.5539,0.1653,2494.46,10.5927,15.7,80,5.097,1.21,0.7853,5.098,3,6,0,0.9534,1,6,0,1933.52
1973.74,3855.4,1.9533,0.1699,3577.89,-7.1981,5.12,152,29.679,0.9717,0.8358,36.669,1,11,1,1.0283,0,7,1,3342.93
1038.93,1384.15,1.3323,0.2193,1585.61,14.5544,28.26,401,14.19,1.7758,0.9271,16.909,5,2,0,0.9981,0,4,1,1327.79
4507.37,5467.6,1.213,0.1548,6333.07,15.829,6.62,307,46.366,0.4811,0.8917,39.493,2,4,0,0.9731,0,0,0,5231.99
3171.17,6049.75,1.9077,0.1053,5267.65,-12.9277,32.04,487,15.198,1.0905,0.5519,18.936,1,8,0,0.9829,1,8,0,4966.2
3555.96,6651.53,1.8705,0.247,5462.59,-17.8746,14.52,298,20.524,0.5362,0.97,20.274,1,2,0,0.983,0,5,0,5727.59
4051.27,8077.02,1.9937,0.2251,8311.18,2.899,1.56,66,42.193,1.4917,0.7997,30.776,0,6,0,0.953,0,2,0,6627.02
2742.99,4738.47,1.7275,0.2162,4692.76,-0.9647,3.92,88,22.475,1.0504,0.9409,16.109,6,3,1,1.1168,0,2,2,4953.83
891.14,1734.33,1.9462,0.2483,1883.26,8.5874,10.57,134,12.682,0.9645,0.6292,12.569,1,7,0,0.9546,1,9,1,1448.15
2916.98,5404.89,1.8529,0.235,4957.49,-8.2777,13.15,366,27.83,0.8311,0.9675,28.603,3,9,0,0.9861,0,0,2,4615.36
3140.79,5866.24,1.8678,0.1412,5585.16,-4.7915,4.77,201,42.16,1.4026,0.8645,31.533,2,8,0,0.9651,1,7,0,5051.91
3854.48,6297.33,1.6338,0.1705,5702.49,-9.4459,19.21,427,22.226,0.4092,0.8957,27.856,6,12,1,1.0492,0,1,2,5370.01
2442.47,3602.66,1.475,0.1252,3303.12,-8.3145,56.85,427,7.512,2.5891,0.9027,8.495,0,8,0,0.9549,0,0,2,3109.34
1074.11,2088.47,1.9444,0.126,1678.54,-19.6285,9.0,178,19.771,0.9313,0.8651,23.345,4,9,0,0.9707,0,6,1,1746.37
1776.99,2696.23,1.5173,0.2352,2707.83,0.4302,7.08,338,47.769,0.5221,0.8636,50.178,1,2,0,0.9786,1,8,1,2271.45
2133.87,3431.26,1.608,0.2717,3394.41,-1.0738,17.22,78,4.529,0.2686,0.9619,4.973,0,6,0,0.9922,0,5,1,2905.05
3406.63,5209.41,1.5292,0.2925,4909.08,-5.765,4.0,84,21.014,0.9193,0.9437,19.6,6,9,0,1.0191,0,7,0,4625.17
3068.5,5001.95,1.6301,0.2257,5082.36,1.6076,0.61,20,32.753,1.122,0.8713,36.277,0,2,0,0.9591,0,7,0,4154.15
2102.44,3258.63,1.5499,0.1368,3117.54,-4.3296,77.77,377,4.847,1.1649,0.7669,6.238,0,9,0,0.9761,0,8,1,2725.55
4939.32,5881.6,1.1908,0.1211,5722.95,-2.6976,9.16,164,17.903,0.4842,0.8904,19.489,3,2,0,0.9977,0,6,2,5690.66
3225.99,6128.54,1.8997,0.2626,4907.7,-19.9206,0.57,27,47.088,0.5407,0.8353,42.614,6,9,0,0.9762,0,8,1,5219.44
1567.52,2394.76,1.5277,0.2158,1979.32,-17.3477,94.36,236,2.501,1.97,0.8584,2.179,6,1,1,1.0788,1,8,0,2051.03
958.02,1581.31,1.6506,0.2237,1360.37,-13.9719,7.59,287,37.835,0.4601,0.8553,48.354,4,6,0,1.007,0,0,2,1360.35
1187.87,1506.58,1.2683,0.2563,1316.16,-12.6392,4.36,184,42.227,1.0572,0.83,34.246,0,6,0,0.9631,0,5,0,1434.95
1606.81,1852.46,1.1529,0.2407,1817.03,-1.9123,29.09,424,14.576,0.8248,0.7249,17.254,3,2,0,0.9736,0,7,1,1847.83
1223.07,1661.53,1.3585,0.2669,1910.7,14.9964,26.82,309,11.521,0.7649,0.7557,11.281,4,11,1,1.0479,0,9,1,1672.99
1339.55,2342.74,1.7489,0.1112,2254.68,-3.7586,3.36,154,45.826,0.872,0.7798,44.28,2,7,0,1.0172,0,8,2,2025.74
1782.93,2200.7,1.2343,0.2495,2312.66,5.0877,3.17,122,38.436,0.7635,0.7449,44.145,6,10,1,1.0477,0,3,1,2507.83
1280.18,2461.22,1.9226,0.2702,1994.38,-18.9679,13.12,86,6.556,0.7509,0.5557,5.171,3,4,0,0.9823,0,1,0,2138.33
4535.44,6044.7,1.3328,0.1572,6902.67,14.1938,17.64,201,11.398,1.6476,0.7301,11.167,0,4,0,1.0088,0,8,0,5336.55
861.05,1139.95,1.3239,0.2281,963.55,-15.4746,1.24,39,31.446,0.8172,0.7598,22.689,1,11,1,1.0812,1,8,0,1198.25
2860.3,3730.64,1.3043,0.1628,3408.74,-8.6284,7.8,168,21.551,0.5437,0.9842,23.755,3,9,0,0.975,0,7,2,3289.35
2346.79,2726.69,1.1619,0.2916,3072.15,12.6694,2.68,69,25.705,0.9589,0.7553,18.894,2,2,0,0.9647,0,2,0,3136.88
4920.7,8886.96,1.806,0.1067,8051.15,-9.4049,5.86,279,47.626,0.589,0.6247,35.832,4,9,0,0.9752,1,4,1,7478.02
1004.18,1901.69,1.8938,0.216,1717.6,-9.68,18.57,401,21.592,0.5807,0.96,26.059,2,9,0,0.9863,0,1,2,1605.62
2290.35,3829.55,1.672,0.1333,3987.31,4.1194,7.44,329,44.202,2.0702,0.5982,42.69,4,12,1,1.1012,0,2,0,3437.14
4862.62,6369.88,1.31,0.2424,7397.33,16.1298,13.15,439,33.376,0.9125,0.8615,27.388,3,6,0,0.9691,0,0,0,6109.0
4394.78,6119.67,1.3925,0.1352,5418.72,-11.454,57.19,398,6.959,0.528,0.6808,7.346,4,10,1,1.0602,1,3,1,5254.82
4176.82,6493.03,1.5545,0.1471,6806.82,4.8327,13.13,492,37.481,0.9498,0.7021,37.914,0,7,0,1.0007,0,4,1,5530.35
1660.56,3256.69,1.9612,0.1989,3387.2,4.0075,18.5,490,26.49,1.0324,0.6592,25.074,5,4,0,0.9819,1,1,2,2722.66
1268.99,1726.15,1.3602,0.283,1836.29,6.3809,29.34,353,12.03,0.9016,0.8573,14.956,3,1,1,1.0815,0,2,0,1687.25
3508.89,6217.41,1.7719,0.1423,7328.5,17.8708,21.53,327,15.188,0.7833,0.946,17.461,1,9,0,0.9714,1,5,0,5355.23
4682.19,7133.46,1.5235,0.1288,6180.1,-13.3647,17.56,497,28.309,0.4998,0.8757,22.391,2,9,0,1.0138,0,5,1,5956.43
3005.43,4217.13,1.4032,0.2518,4477.51,6.1743,13.71,418,30.483,0.8124,0.7206,31.778,2,11,1,1.043,0,6,2,4875.29
3072.26,4723.68,1.5375,0.2001,4123.55,-12.7048,0.54,26,48.441,0.6723,0.7001,36.488,3,1,1,1.0991,1,8,1,4061.72
1759.91,2130.41,1.2105,0.2824,1972.17,-7.428,8.02,344,42.881,0.9408,0.7647,36.312,1,12,1,1.0948,0,3,1,2471.98
3962.72,7247.35,1.8289,0.1293,6928.36,-4.4015,11.73,130,11.086,1.2353,0.8489,13.812,3,4,0,1.0084,0,4,2,6065.41
1341.7,1820.42,1.3568,0.2292,2064.64,13.4156,7.09,276,38.926,2.4006,0.5523,38.04,0,7,0,0.9833,0,1,0,1837.89
1956.56,3456.45,1.7666,0.1466,2839.42,-17.8516,267.37,376,1.406,1.4732,0.852,1.737,5,3,1,1.0429,0,5,0,2842.0
2414.46,2916.9,1.2081,0.1314,3189.52,9.3461,39.94,294,7.361,0.2573,0.9107,5.886,5,5,0,1.0176,0,3,0,2776.63
2784.25,5462.23,1.9618,0.2367,6363.7,16.5037,26.61,287,10.785,1.1176,0.7692,8.879,0,5,0,1.0004,0,4,2,4819.23
1590.84,2090.47,1.3141,0.2187,1738.64,-16.8303,8.36,253,30.263,2.1338,0.8256,27.59,6,8,0,1.0087,1,6,2,2039.99
1016.77,1932.19,1.9003,0.251,2156.89,11.6292,41.08,433,10.54,0.9312,0.6995,9.694,1,9,0,0.9901,0,5,2,1691.17
3247.79,5969.61,1.8381,0.1619,5032.72,-15.6943,4.44,84,18.898,2.1767,0.853,21.68,3,1,1,1.0452,1,7,2,4951.39
1798.84,3548.53,1.9727,0.1896,4205.51,18.5141,0.62,8,12.896,0.5756,0.8459,13.665,6,2,0,0.9555,0,5,2,2942.67
3115.57,4848.48,1.5562,0.1811,5460.09,12.6146,2.79,49,17.533,0.6448,0.7648,18.094,1,11,1,1.1198,0,9,1,5066.74
1194.63,2112.45,1.7683,0.2968,2277.21,7.7994,0.0,0,47.18,0.919,0.8749,50.078,1,5,0,0.9907,0,7,0,1883.88
2665.13,3904.69,1.4651,0.1584,3982.88,2.0024,0.06,3,49.871,0.9295,0.9162,56.819,6,1,1,1.1059,0,3,2,4586.71
2896.65,3785.09,1.3067,0.159,4422.23,16.8327,0.09,3,34.6,1.5195,0.8947,42.755,6,6,0,0.9972,1,6,0,4013.14
733.21,1119.32,1.5266,0.1709,948.77,-15.2371,17.08,496,29.043,1.001,0.8707,27.557,0,6,0,1.017,0,2,2,964.14
2014.72,2600.77,1.2909,0.2129,2207.31,-15.1286,2.49,89,35.714,0.947,0.6827,42.205,0,3,1,1.0203,0,0,0,2877.61
1104.87,2192.87,1.9847,0.1505,2475.74,12.8996,4.15,161,38.811,3.4492,0.6274,38.697,1,4,0,1.0016,1,8,1,1810.8
785.19,967.2,1.2318,0.2831,960.36,-0.7072,4.14,154,37.212,0.6779,0.8237,42.17,1,3,1,1.0937,0,8,0,1073.54
4954.82,8179.57,1.6508,0.1531,9308.53,13.8023,2.79,14,5.013,1.9047,0.7055,6.14,4,5,0,1.0091,0,5,0,7455.26
1950.59,3281.86,1.6825,0.2792,3138.33,-4.3735,22.46,364,16.204,1.231,0.911,11.656,0,9,0,0.9559,0,1,2,2796.71
4144.44,6661.63,1.6074,0.1207,6533.35,-1.9256,1.74,31,17.828,0.8325,0.6404,18.327,1,10,1,1.0527,0,7,0,5855.35
1645.88,2819.16,1.7129,0.2313,2629.8,-6.7169,22.21,424,19.093,1.1382,0.9383,24.7,4,3,1,1.0834,0,9,1,2404.5
3566.76,4454.01,1.2488,0.2814,5257.04,18.0295,25.4,454,17.871,0.6645,0.7912,17.831,6,2,0,1.0132,1,5,1,4148.82
3921.03,6358.98,1.6218,0.1337,6269.83,-1.402,11.22,444,39.568,1.0441,0.9215,48.216,5,6,0,0.962,0,6,1,5292.54
3180.37,4433.86,1.3941,0.2937,4886.28,10.2039,1.65,62,37.633,0.998,0.7655,30.54,5,10,1,1.0742,0,0,2,5325.68
2622.09,5110.85,1.9491,0.1906,5511.36,7.8364,362.33,444,1.225,1.2689,0.6739,1.302,5,1,1,1.1038,0,2,2,4449.0
2353.28,4230.64,1.7978,0.2891,3782.34,-10.5965,23.39,363,15.523,0.9433,0.8931,18.972,1,9,0,0.9731,0,0,2,3639.73
2069.91,4091.46,1.9766,0.2354,4768.97,16.5593,3.39,107,31.56,2.3004,0.7708,30.263,6,11,1,1.0801,0,9,2,3849.13
4682.88,5534.8,1.1819,0.1603,5633.73,1.7873,1.89,13,6.893,0.6433,0.8973,6.838,4,10,1,1.0674,0,0,2,6228.47
4237.79,5900.54,1.3924,0.1377,6740.32,14.2322,4.9,22,4.489,0.7087,0.9325,3.363,1,3,1,1.0617,1,0,1,5394.18
4842.62,6373.42,1.3161,0.1607,7220.29,13.2875,2.64,110,41.592,1.1271,0.9361,30.166,5,3,1,1.0608,0,3,0,7115.86
1059.34,1228.28,1.1595,0.1186,1011.45,-17.6532,13.8,320,23.182,0.6684,0.9792,22.746,5,8,0,0.9635,0,6,1,1229.37
3788.9,5137.67,1.356,0.1288,5383.81,4.7909,3.7,159,42.929,1.4,0.7996,51.776,5,12,1,1.1098,0,6,2,5929.6
4722.53,8155.62,1.727,0.1209,9098.36,11.5594,0.97,40,41.354,1.9294,0.9572,52.056,3,6,0,0.9781,0,4,1,6753.75
1315.55,1771.29,1.3464,0.1846,2059.3,16.2599,6.28,281,44.775,0.7712,0.7336,49.037,6,3,1,1.0464,0,5,0,1834.8
799.23,1264.91,1.5827,0.2591,1268.09,0.2518,90.03,303,3.365,1.045,0.7116,4.025,0,6,0,0.9985,0,1,2,1062.44
3835.04,7304.4,1.9046,0.1283,8036.92,10.0285,45.06,456,10.12,1.3873,0.8187,11.546,6,6,0,0.9941,0,4,1,6100.04
3085.13,5367.18,1.7397,0.1261,6375.42,18.7852,9.22,143,15.511,1.5553,0.9016,17.386,5,3,1,1.0504,0,6,1,4710.1
4288.23,6369.88,1.4854,0.2287,7205.21,13.1137,53.94,414,7.675,5.6911,0.8913,8.914,1,12,1,1.0666,0,8,0,6524.73
1128.98,1655.75,1.4666,0.1394,1890.49,14.1769,18.11,449,24.788,0.5072,0.797,24.867,2,11,1,1.0217,1,5,2,1381.32
4078.7,6270.5,1.5374,0.1195,6037.94,-3.7087,7.15,287,40.15,2.1108,0.6843,39.137,5,11,1,1.1011,1,9,2,5817.15
1407.32,1830.2,1.3005,0.1334,1531.29,-16.3325,8.25,393,47.608,0.7252,0.9645,37.871,6,6,0,0.9674,0,3,0,1618.42
1236.45,2088.24,1.6889,0.2847,2477.52,18.6411,3.41,152,44.589,0.7408,0.6274,53.787,2,11,1,1.0895,0,2,0,1887.64
1239.2,1808.64,1.4595,0.2643,1950.31,7.8327,3.46,81,23.409,1.0741,0.8923,17.013,4,10,1,1.0556,0,8,0,1900.38
4165.59,7808.44,1.8745,0.1708,6781.36,-13.1534,11.31,364,32.188,1.0315,0.853,27.697,0,12,1,1.0574,0,6,0,6806.12
3493.39,6263.89,1.7931,0.2312,7451.1,18.9533,18.29,225,12.304,1.869,0.6886,12.451,4,8,0,0.9667,0,5,2,5426.07
2853.79,4762.8,1.6689,0.2075,5173.9,8.6314,22.94,476,20.747,0.4794,0.9281,26.618,0,9,0,1.0027,0,6,2,3968.96
2114.74,3086.61,1.4596,0.2354,2580.86,-16.3853,9.8,428,43.688,0.2258,0.7439,51.184,2,3,1,1.0368,0,7,1,2669.88
4447.4,5908.12,1.3284,0.2365,5130.17,-13.1675,62.12,151,2.431,2.6298,0.7949,2.239,5,2,0,1.0142,0,4,1,5490.85
2266.0,4100.85,1.8097,0.2257,4700.25,14.6164,9.52,258,27.105,0.4867,0.7898,30.585,2,10,1,1.0531,0,2,1,3375.58
4174.7,6526.92,1.5634,0.1532,7711.77,18.1533,7.24,317,43.767,1.6529,0.7756,55.095,5,10,1,1.022,1,2,2,5946.14
2476.11,3320.55,1.341,0.1078,3141.01,-5.4069,11.18,78,6.978,2.0085,0.8033,7.141,4,12,1,1.0541,0,1,2,4002.45
2196.25,2890.04,1.3159,0.1911,2789.77,-3.4695,3.95,194,49.145,1.7635,0.736,48.022,5,7,0,0.9756,1,7,2,2994.86
2582.06,3332.38,1.2906,0.2782,3193.03,-4.1818,272.53,438,1.607,1.2914,0.734,1.658,5,12,1,1.0669,0,0,1,3638.95
1856.2,3360.81,1.8106,0.2139,3811.64,13.4142,5.0,222,44.42,1.452,0.8032,39.397,3,8,0,1.0055,0,7,0,2814.56
3864.24,5196.01,1.3446,0.2665,5098.86,-1.8698,14.46,265,18.33,0.77,0.852,22.81,2,11,1,1.0895,0,2,0,5145.27
2762.24,4413.08,1.5976,0.2983,4192.88,-4.9897,30.53,229,7.502,0.384,0.9635,8.84,0,9,0,0.9834,0,8,0,3751.36
1544.96,2369.68,1.5338,0.1327,2485.19,4.8747,50.28,438,8.711,0.8405,0.9105,9.784,6,1,1,1.0355,0,1,0,2027.94
4548.09,7471.0,1.6427,0.2384,7442.71,-0.3787,4.21,149,35.358,0.762,0.7826,37.248,1,1,1,1.0782,0,9,0,6548.35
2227.51,4222.43,1.8956,0.2349,4278.88,1.3369,9.09,397,43.665,0.6236,0.8719,55.965,1,11,1,1.0872,0,8,2,3592.74
2945.99,5560.8,1.8876,0.296,5353.97,-3.7195,14.07,456,32.412,1.0251,0.9772,28.478,1,1,1,1.0495,0,5,1,4682.99
4579.12,7021.7,1.5334,0.2971,6910.79,-1.5794,10.0,465,46.508,0.3773,0.6512,40.456,2,11,1,1.0478,0,0,0,5933.2
3309.07,3848.65,1.1631,0.2373,3134.3,-18.561,3.19,135,42.281,1.8724,0.9057,35.74,6,4,0,0.9542,1,4,0,3805.43
1026.04,1551.86,1.5125,0.1487,1816.17,17.0313,84.57,122,1.443,0.9658,0.731,1.652,3,12,1,1.0485,0,9,0,1332.66
4729.24,7875.44,1.6653,0.2597,6396.66,-18.7771,10.56,357,33.802,0.7811,0.904,39.831,2,3,1,1.1159,1,8,2,6628.98
3324.69,5399.62,1.6241,0.1214,5988.86,10.9125,24.99,398,15.927,0.8566,0.8581,16.855,0,7,0,0.9679,0,5,0,4790.58
2007.08,3419.33,1.7036,0.2561,3143.41,-8.0693,4.68,109,23.271,0.9248,0.8131,25.393,5,6,0,0.9981,0,6,1,2841.46
1126.72,1443.29,1.281,0.282,1219.44,-15.5098,25.32,142,5.608,0.5956,0.79,5.099,6,3,1,1.0827,0,3,2,1461.81
4073.11,6922.48,1.6996,0.1766,7226.22,4.3878,29.35,435,14.823,0.5945,0.8583,10.73,6,12,1,1.1189,0,0,2,5871.75
3290.33,4294.71,1.3053,0.2261,4650.23,8.2781,2.16,69,32.002,0.5201,0.78,27.271,2,3,1,1.0638,0,4,2,4892.4
2900.57,5186.07,1.7879,0.186,5456.16,5.2081,4.53,53,11.701,0.4918,0.7783,12.293,6,5,0,0.9756,1,1,0,4329.92
4522.52,6504.39,1.4382,0.1876,6702.35,3.0434,10.11,331,32.729,0.6518,0.8983,38.875,2,4,0,0.9648,0,7,0,5597.32
4048.69,7099.01,1.7534,0.1621,7201.77,1.4475,9.19,425,46.229,0.929,0.853,53.917,2,9,0,0.9517,1,3,0,5979.77
1182.54,1408.03,1.1907,0.2524,1431.15,1.6423,323.65,402,1.242,1.7342,0.8083,1.003,2,12,1,1.088,0,0,0,1633.94
1902.75,2847.81,1.4967,0.2872,3264.07,14.6168,0.99,39,39.503,0.4547,0.7675,28.871,0,1,1,1.0697,1,9,1,2983.29
1618.2,2830.69,1.7493,0.2882,2366.63,-16.3939,6.04,196,32.425,1.5804,0.8246,39.245,2,1,1,1.0446,1,6,2,2435.91
3847.76,5166.92,1.3428,0.135,4458.78,-13.7053,7.91,26,3.285,0.4474,0.9327,2.448,3,12,1,1.0646,0,1,0,4544.16
650.9,1188.53,1.826,0.2749,1337.17,12.506,8.28,329,39.718,1.0494,0.7054,37.176,4,12,1,1.0622,0,2,1,1026.09
3064.5,5167.25,1.6862,0.2475,4760.15,-7.8784,24.83,298,12.002,0.4684,0.9196,9.08,0,5,0,0.9763,0,8,2,4430.16
3931.06,6484.01,1.6494,0.1506,7188.32,10.8624,12.76,179,14.025,0.5314,0.7393,14.564,3,8,0,0.9902,0,8,2,5556.16
4445.45,6448.19,1.4505,0.1135,6068.25,-5.8922,8.06,45,5.582,1.1713,0.622,5.125,1,4,0,1.0084,0,1,2,5313.18
2039.37,3181.58,1.5601,0.1536,3722.98,17.0164,5.19,141,27.185,1.1647,0.9487,22.332,1,9,0,0.9969,0,2,0,2707.44
4195.66,6955.34,1.6577,0.2824,6346.98,-8.7467,12.55,319,25.413,1.4542,0.591,26.864,0,7,0,0.9577,1,8,2,5962.7
997.84,1548.25,1.5516,0.2266,1502.97,-2.9241,24.65,444,18.012,0.6276,0.7706,16.535,4,3,1,1.0206,1,0,0,1345.86
4309.04,7513.09,1.7436,0.2442,6487.83,-13.6463,10.47,97,9.269,1.646,0.756,7.416,2,6,0,1.0038,0,1,1,6262.48
1073.7,1630.56,1.5186,0.1514,1739.28,6.6674,2.97,125,42.06,2.1851,0.864,47.109,0,6,0,0.9718,1,1,2,1650.2
2287.79,3024.31,1.3219,0.2439,2906.82,-3.8848,1.3,57,43.943,1.1236,0.9582,52.823,2,5,0,0.994,1,9,1,2897.75
4087.83,5444.35,1.3318,0.1056,6405.18,17.6482,6.4,176,27.488,0.4093,0.5521,23.757,2,8,0,0.95,1,2,0,4701.0
1174.63,1356.62,1.1549,0.1751,1093.84,-19.3701,15.89,206,12.967,0.3812,0.6679,10.527,1,11,1,1.0764,0,9,0,1408.36
1531.63,2153.19,1.4058,0.2254,2056.43,-4.4939,49.74,284,5.709,1.0795,0.7937,4.254,4,1,1,1.1106,1,2,0,1815.76
3750.14,6699.92,1.7866,0.1292,5423.26,-19.0548,3.51,153,43.559,0.7512,0.7637,44.288,2,11,1,1.1073,0,9,2,5633.19
3740.16,6825.94,1.825,0.2646,6359.16,-6.8383,4.56,26,5.707,0.6079,0.6742,6.841,0,12,1,1.0776,0,1,2,5806.75
3385.16,4475.52,1.3221,0.147,4261.13,-4.7902,273.42,450,1.646,0.9198,0.8648,1.4,6,11,1,1.0754,0,7,1,4194.93
3622.77,7119.42,1.9652,0.2305,6430.65,-9.6745,13.42,322,24.0,0.8361,0.5162,23.434,1,10,1,1.0351,0,7,0,5944.99
2942.26,4640.07,1.577,0.181,4186.33,-9.7788,4.4,162,36.832,0.923,0.9313,29.336,2,4,0,0.9628,0,7,1,3840.01
1633.1,3150.95,1.9294,0.2192,2848.53,-9.5976,10.63,249,23.419,0.6439,0.7766,22.073,5,7,0,0.9723,1,1,0,2703.83
2055.63,3598.9,1.7508,0.1215,3262.41,-9.3497,53.14,187,3.519,2.6906,0.9129,2.496,5,6,0,1.0081,0,8,0,3000.31
1317.19,2323.61,1.7641,0.1034,2121.26,-8.7086,12.75,444,34.811,0.5806,0.9141,43.39,5,7,0,1.0167,0,6,1,1986.52
4588.03,5607.89,1.2223,0.2819,6395.9,14.0519,14.84,482,32.474,0.8741,0.6682,35.915,1,3,1,1.0218,0,4,0,6637.43
3125.26,4178.45,1.337,0.1539,3408.04,-18.4378,10.73,369,34.395,0.3603,0.6994,30.945,1,3,1,1.1134,0,6,1,3595.69
2303.83,2666.67,1.1575,0.2639,3188.17,19.5564,39.92,453,11.349,0.5609,0.6898,13.945,0,1,1,1.0273,0,7,2,3110.82
2579.03,4535.76,1.7587,0.2999,4139.37,-8.7391,8.33,333,39.989,0.5217,0.5333,32.382,0,7,0,0.9814,1,8,1,3807.9
4762.78,6871.6,1.4428,0.1423,5574.09,-18.8822,3.64,89,24.479,0.7641,0.6876,18.292,3,4,0,1.0086,0,1,1,6063.34
1190.08,2164.35,1.8187,0.153,1883.12,-12.9936,4.77,130,27.281,0.883,0.8518,34.526,2,9,0,0.9525,0,5,0,1826.22
3138.03,4512.79,1.4381,0.2326,5310.41,17.6747,14.99,416,27.746,0.8098,0.7725,24.566,5,5,0,0.9986,0,8,1,4346.29
2776.5,5126.62,1.8464,0.2931,6146.87,19.9009,19.73,297,15.054,0.7607,0.9876,18.991,1,5,0,0.9851,0,5,2,4554.4
3251.54,4100.5,1.2611,0.2832,3685.13,-10.1299,0.91,12,13.257,1.1131,0.913,14.351,3,9,0,1.0053,0,1,2,4646.61
581.5,754.41,1.2974,0.2006,671.56,-10.982,22.7,28,1.234,1.1566,0.5037,1.589,0,12,1,1.11,0,0,2,815.99
4424.56,6370.23,1.4397,0.259,7226.62,13.4436,12.92,264,20.434,0.304,0.7833,23.541,4,1,1,1.0492,0,2,2,6774.7
4694.53,7028.72,1.4972,0.1271,8193.27,16.5685,1.25,31,24.77,1.6969,0.8978,18.907,1,6,0,0.9708,0,4,1,6747.69
3043.1,4401.53,1.4464,0.2955,4666.26,6.0144,3.98,149,37.397,1.1395,0.8043,45.301,4,8,0,1.0166,0,6,2,4852.69
3634.93,6539.6,1.7991,0.2929,7679.64,17.4328,19.93,85,4.265,0.3755,0.8589,3.364,4,1,1,1.0588,0,9,1,5556.67
4651.25,5732.24,1.2324,0.1327,6764.07,18.0005,1.23,57,46.275,1.5673,0.8808,51.612,5,12,1,1.0999,0,9,1,6632.23
3682.57,5334.34,1.4485,0.1599,5888.44,10.3875,4.02,56,13.934,1.665,0.6351,13.937,1,10,1,1.0205,0,2,0,5385.94
1186.43,2208.71,1.8617,0.12,2075.05,-6.0517,25.36,481,18.969,0.37,0.683,21.334,3,9,0,0.9874,0,8,1,1821.37
3093.3,3732.92,1.2068,0.1543,3209.51,-14.0216,116.63,393,3.37,0.8554,0.9412,3.906,3,8,0,0.9786,0,9,1,3557.29
3230.22,6302.13,1.951,0.2632,6346.68,0.7069,0.73,24,33.004,1.141,0.8137,39.017,1,6,0,0.983,0,3,0,5307.11
2408.59,4789.16,1.9884,0.1757,4386.13,-8.4156,5.29,189,35.737,1.7073,0.5056,42.92,6,9,0,0.978,1,9,2,4180.03
3814.0,4673.23,1.2253,0.1177,3960.1,-15.2599,9.59,446,46.511,1.2785,0.9757,56.201,5,3,1,1.1196,1,1,2,5189.96
4704.65,6575.13,1.3976,0.1684,6296.34,-4.2401,4.28,75,17.505,0.7546,0.7007,16.586,2,4,0,0.9681,0,2,1,5425.28
4665.06,6841.5,1.4665,0.2963,6786.12,-0.8094,27.18,370,13.611,0.582,0.8162,16.79,4,3,1,1.0704,0,4,0,5916.01
2528.78,4576.92,1.8099,0.2259,4873.48,6.4794,10.55,386,36.578,0.4775,0.6863,41.397,3,5,0,1.0029,0,2,1,3820.64
1009.57,1672.39,1.6565,0.1832,1485.85,-11.1544,9.49,338,35.633,0.6287,0.6254,42.88,1,11,1,1.1146,0,4,1,1390.75
4931.79,8372.75,1.6977,0.1333,9606.87,14.7397,4.77,224,46.919,1.3085,0.4222,60.691,0,12,1,1.0419,0,3,2,7516.5
4275.04,7668.93,1.7939,0.2972,6704.0,-12.5823,38.88,430,11.061,1.5848,0.8514,8.515,0,1,1,1.1027,0,9,0,6784.56
1060.98,1326.53,1.2503,0.2642,1590.36,19.8892,5.12,182,35.559,0.8281,0.789,32.798,6,1,1,1.1005,1,2,1,1500.12
4643.79,8629.22,1.8582,0.1563,8825.55,2.2752,35.78,153,4.277,1.7301,0.8773,5.063,1,2,0,0.9788,0,5,2,7326.36
4414.53,7724.45,1.7498,0.114,6633.27,-14.1263,10.92,268,24.538,1.2262,0.7967,18.447,2,1,1,1.0709,0,7,1,6475.18
2834.77,4651.12,1.6407,0.1113,5273.25,13.3757,56.93,390,6.85,3.5397,0.7794,7.018,0,3,1,1.0729,0,3,2,3884.51
3160.74,6025.24,1.9063,0.1241,5431.71,-9.8508,12.63,417,33.004,0.4,0.8661,40.101,2,2,0,0.9829,0,8,0,5117.47
2295.51,4006.27,1.7453,0.2162,3506.79,-12.4675,9.09,277,30.472,0.8965,0.5289,21.678,1,10,1,1.1199,1,5,1,3464.33
746.43,986.36,1.3214,0.2858,842.27,-14.6083,99.92,339,3.393,1.1119,0.8001,4.288,1,7,0,0.9994,1,4,0,875.18
2008.39,3043.28,1.5153,0.1993,3105.23,2.0358,21.73,362,16.661,2.5188,0.9038,21.441,4,8,0,0.9985,0,2,2,2812.52
4112.84,6456.9,1.5699,0.2686,7436.61,15.1731,1.08,22,20.357,0.4832,0.3792,18.186,1,2,0,0.9519,1,4,0,5495.99
520.84,623.42,1.1969,0.1892,722.44,15.8844,32.76,431,13.155,0.6169,0.8155,15.261,2,4,0,0.9997,0,4,0,598.97
2000.75,3924.35,1.9614,0.2417,4372.69,11.4247,4.49,13,2.895,1.0279,0.4443,2.247,6,8,0,0.9655,0,3,0,3276.55
2291.76,2885.99,1.2593,0.2464,2980.01,3.2579,5.59,93,16.622,0.5425,0.6208,19.344,3,11,1,1.0658,0,5,1,3354.29
2918.28,5086.1,1.7428,0.1348,5146.9,1.1953,8.58,342,39.839,0.8832,0.6991,39.397,0,10,1,1.0511,1,2,2,4342.76
4639.35,7331.55,1.5803,0.1722,6961.37,-5.0491,19.63,366,18.645,0.4414,0.9013,22.676,0,1,1,1.1169,0,9,0,6211.44
2058.56,2412.19,1.1718,0.2275,1972.27,-18.2373,3.03,51,16.845,1.8178,0.7309,13.94,6,11,1,1.0536,0,0,1,2783.73
2061.29,3990.73,1.936,0.1141,4528.02,13.4636,7.17,338,47.146,2.3154,0.7713,52.03,4,8,0,1.0165,0,6,2,3398.2
3818.76,7156.58,1.8741,0.1723,8586.39,19.9789,138.82,422,3.04,2.3576,0.8408,3.562,6,8,0,0.976,1,6,2,5997.92
2534.98,4044.86,1.5956,0.207,4725.77,16.8339,1.04,40,38.597,1.0796,0.855,31.707,6,2,0,0.9975,0,3,2,3884.07
1510.72,2031.32,1.3446,0.2992,2383.17,17.3215,6.61,163,24.672,1.0916,0.7639,29.383,3,3,1,1.0383,0,8,0,2332.88
2535.98,3178.54,1.2534,0.1949,2966.5,-6.6711,0.11,5,47.279,0.9939,0.7094,60.27,2,9,0,0.9627,0,1,0,3085.71
1133.86,1654.16,1.4589,0.2632,1389.04,-16.0278,20.02,406,20.28,1.538,0.7184,21.693,2,10,1,1.0403,0,0,0,1385.53
1293.74,1768.69,1.3671,0.1864,2031.58,14.8633,3.84,137,35.694,1.8789,0.862,41.795,4,5,0,0.9815,1,2,2,1652.97
2742.65,4335.28,1.5807,0.2593,4792.76,10.5524,22.14,98,4.427,1.4286,0.8198,4.513,6,7,0,0.9506,0,6,2,3809.48
2385.16,4702.23,1.9714,0.2191,4496.03,-4.385,7.31,340,46.51,1.129,0.777,49.248,1,5,0,0.982,0,8,0,3999.41
4616.81,7565.61,1.6387,0.2773,8575.1,13.3431,12.47,223,17.883,1.4229,0.6917,12.661,3,10,1,1.0571,1,1,0,6460.1
2130.77,4062.19,1.9064,0.1822,3475.18,-14.4506,11.81,315,26.676,0.9948,0.7746,27.065,0,2,0,1.0056,0,5,2,3444.4
3112.65,5301.61,1.7032,0.2209,5622.0,6.0434,3.72,29,7.786,0.5114,0.7819,8.139,3,2,0,0.9757,0,2,2,4539.4
3345.19,5198.29,1.554,0.226,6141.02,18.1354,4.73,224,47.332,0.744,0.6699,52.162,6,1,1,1.0497,0,4,1,5223.9
558.93,1048.78,1.8764,0.1835,1220.95,16.4167,9.57,325,33.976,1.1124,0.8562,27.236,4,6,0,1.0037,0,8,1,895.73
3485.92,5405.48,1.5507,0.1289,5969.49,10.434,71.36,260,3.643,0.6471,0.6211,3.078,1,7,0,0.9519,0,2,0,4414.81
1301.16,2457.03,1.8883,0.1187,2227.62,-9.3367,28.59,246,8.605,0.6251,0.6648,9.927,5,5,0,0.9863,0,0,2,2049.28
4824.82,6744.32,1.3978,0.1033,5672.15,-15.8975,3.79,78,20.592,1.3622,0.7762,16.486,6,3,1,1.0587,0,4,2,7423.84
1168.98,1472.32,1.2595,0.2747,1369.1,-7.0106,15.83,184,11.622,1.4053,0.8594,11.036,3,11,1,1.0816,0,0,1,1630.67
2365.81,4440.66,1.877,0.1473,4649.11,4.6941,18.71,298,15.927,1.1593,0.7215,13.542,1,10,1,1.1193,1,7,2,3718.63
884.07,1458.1,1.6493,0.1423,1351.08,-7.3398,3.59,179,49.877,0.7797,0.8936,51.229,6,10,1,1.0282,1,6,0,1247.62
4985.93,9501.84,1.9057,0.2472,9171.61,-3.4754,14.19,472,33.274,0.8447,0.8882,42.994,6,9,0,0.9775,0,1,1,8022.57
2759.88,5373.9,1.9472,0.164,5166.7,-3.8557,1.65,76,46.189,1.4191,0.8743,55.945,3,11,1,1.1081,0,8,2,5107.45
3179.23,3801.04,1.1956,0.2012,3551.43,-6.5669,11.68,261,22.354,0.6371,0.6717,19.262,0,11,1,1.0979,0,4,2,4522.87
801.84,1263.57,1.5758,0.1325,1477.59,16.9381,6.37,228,35.804,0.4831,0.9127,32.981,2,12,1,1.0303,0,6,0,1094.78
3874.82,5691.03,1.4687,0.2919,5281.17,-7.2019,0.04,1,23.525,1.2887,0.8764,29.434,3,8,0,0.9559,0,3,2,6489.95
1444.58,2429.75,1.682,0.2703,2909.4,19.7411,0.94,16,17.083,0.942,0.4822,21.165,6,2,0,0.9614,0,0,1,2280.42
4541.24,8285.74,1.8246,0.2728,7322.39,-11.6266,12.97,343,26.439,1.9225,0.9681,21.054,2,3,1,1.0734,0,7,1,7041.5
1423.13,1976.02,1.3885,0.1814,2270.54,14.905,0.5,11,21.938,0.5871,0.8491,26.272,2,7,0,0.9677,0,0,2,2046.6
1358.09,2204.57,1.6233,0.2525,2409.45,9.2935,8.71,427,49.046,1.7115,0.6892,43.091,2,11,1,1.1016,0,2,2,2368.36
664.47,1164.44,1.7524,0.1288,1243.06,6.7522,7.15,181,25.312,0.7468,0.855,25.977,6,9,0,0.9923,0,5,2,1034.26
2624.3,3317.82,1.2643,0.1017,3245.29,-2.1861,8.17,333,40.745,1.4785,0.9596,28.646,6,2,0,0.9811,0,7,2,3533.21
3041.79,5602.84,1.842,0.104,6312.35,12.6635,0.18,6,33.674,0.5251,0.8896,43.748,4,10,1,1.0423,0,7,1,4855.97
795.69,1324.98,1.6652,0.2173,1320.85,-0.3112,10.0,245,24.502,0.4482,0.7445,28.34,0,7,0,0.9509,0,1,0,1144.54
3989.87,7808.61,1.9571,0.1911,6670.24,-14.5784,19.52,473,24.233,1.1918,0.9523,20.478,2,8,0,0.9602,1,8,1,6563.57
2539.8,3653.75,1.4386,0.2036,3332.95,-8.7801,23.38,415,17.753,0.8715,0.772,19.71,0,6,0,0.9967,0,3,2,3065.66
2859.76,3551.6,1.2419,0.1015,3100.45,-12.7028,24.99,156,6.242,1.0829,0.8716,5.468,6,6,0,0.9675,0,3,2,3327.05
2483.43,3925.13,1.5805,0.1845,4034.43,2.7845,4.52,173,38.312,0.614,0.877,28.875,6,8,0,0.9733,0,1,1,3301.0
2303.43,2816.96,1.2229,0.2436,2992.07,6.2162,10.57,486,45.987,1.1783,0.9009,43.926,3,11,1,1.0572,0,0,1,3175.08
3018.38,5958.58,1.9741,0.1885,5567.54,-6.5626,28.08,328,11.68,1.8907,0.9386,12.477,5,3,1,1.0554,0,9,2,5076.51
1198.58,1417.78,1.1829,0.2464,1156.63,-18.4194,7.18,333,46.358,1.7304,0.9729,34.948,0,8,0,1.0063,1,6,1,1426.93
1318.68,2361.06,1.7905,0.1466,2510.98,6.3495,14.54,180,12.383,0.7137,0.9773,12.52,1,12,1,1.069,1,9,2,2027.5
4378.04,6988.82,1.5963,0.2626,5764.27,-17.5216,17.2,464,26.974,0.5336,0.9388,27.214,2,11,1,1.0796,0,2,1,6328.46
4757.52,6961.81,1.4633,0.2177,8258.58,18.6269,27.81,496,17.837,0.9985,0.8668,19.214,3,10,1,1.094,1,3,2,6714.01
2179.89,2628.88,1.206,0.1422,3036.12,15.4911,42.35,280,6.611,1.5277,0.6599,5.598,2,1,1,1.0286,0,8,1,2817.08
1718.35,2884.84,1.6788,0.1473,3266.66,13.2353,85.82,308,3.589,0.43,0.9791,2.557,2,2,0,0.9563,0,5,2,2373.84
3398.0,5597.99,1.6474,0.2256,5301.39,-5.2983,25.24,477,18.902,1.3562,0.7823,16.916,3,6,0,0.9848,0,0,0,4742.69
2339.3,3248.71,1.3888,0.266,3567.07,9.7997,71.09,236,3.32,2.7323,0.7901,3.118,3,2,0,0.9531,0,8,0,2771.29
614.24,1181.6,1.9237,0.1831,966.95,-18.1659,25.55,156,6.106,1.3769,0.5847,6.603,4,10,1,1.0446,0,8,1,1018.95
1202.69,1693.98,1.4085,0.1517,1415.92,-16.4146,31.36,250,7.973,0.4594,0.9496,10.03,4,2,0,0.9723,0,4,0,1446.6
3721.88,5702.9,1.5323,0.2734,5690.46,-0.2182,201.12,220,1.094,0.5676,0.7302,0.899,4,3,1,1.0933,1,7,2,4747.21
3465.16,5586.52,1.6122,0.2339,5780.41,3.4706,39.6,337,8.509,0.7082,0.8915,9.466,0,3,1,1.0636,0,6,1,4713.1
621.93,768.21,1.2352,0.1896,850.24,10.678,7.58,222,29.287,0.9301,0.8537,22.212,1,4,0,1.0131,0,7,1,817.09
1498.87,2911.32,1.9423,0.1976,2675.75,-8.0914,5.1,210,41.157,1.1907,0.6942,33.517,1,9,0,0.9576,0,8,2,2430.69
1539.84,2261.03,1.4684,0.1409,2299.56,1.7042,32.07,336,10.478,1.4337,0.8597,10.535,0,9,0,0.9825,0,1,2,1904.38
3523.52,4293.98,1.2187,0.2254,3542.6,-17.4983,26.8,133,4.963,0.8614,0.9043,5.583,4,11,1,1.0412,0,9,2,4429.72
588.7,870.8,1.4792,0.1717,860.65,-1.1653,9.01,331,36.746,1.1366,0.6677,44.652,1,2,0,0.9823,0,4,1,742.16
968.49,1607.86,1.6602,0.2991,1718.0,6.8504,300.72,421,1.4,0.5823,0.5157,1.605,4,2,0,1.0089,0,7,2,1354.23
4099.62,6504.48,1.5866,0.196,7778.43,19.5857,6.98,258,36.974,0.7026,0.8792,26.222,6,6,0,1.0068,0,2,0,5355.61
1303.45,2268.47,1.7404,0.1972,2511.62,10.7184,66.53,494,7.425,1.5566,0.7946,8.244,6,5,0,0.9855,0,5,1,1962.55
3437.36,4115.07,1.1972,0.2132,4930.65,19.8193,2.79,34,12.186,1.2537,0.7622,14.56,3,5,0,1.0045,0,5,2,4683.04
1571.82,2187.76,1.3919,0.2834,2185.93,-0.0834,26.44,182,6.883,1.3344,0.7005,6.989,0,7,0,0.9541,0,6,1,1913.67
947.49,1749.39,1.8463,0.2602,1702.47,-2.6819,23.02,302,13.12,0.5947,0.8658,16.785,4,9,0,0.9872,0,2,0,1458.62
1594.27,1941.68,1.2179,0.1902,2201.25,13.3683,3.99,160,40.111,0.9812,0.7075,28.181,6,1,1,1.0273,0,7,0,2243.28
3750.2,7039.74,1.8772,0.2437,6933.82,-1.5046,12.28,92,7.495,1.0436,0.9051,8.928,0,5,0,1.0107,0,7,2,5910.84
4350.63,5343.06,1.2281,0.2172,5890.49,10.2455,7.76,386,49.714,1.1752,0.4684,44.787,6,5,0,0.9852,0,8,1,5414.03
4235.99,7875.92,1.8593,0.1985,9433.78,19.7801,11.51,196,17.028,1.663,0.6336,18.565,2,5,0,0.9512,0,7,2,6643.71
2287.33,3331.88,1.4567,0.1385,3631.21,8.9838,6.8,314,46.176,1.0228,0.6898,51.537,0,9,0,0.9885,0,2,1,2838.36
3506.38,5856.98,1.6704,0.1928,4719.1,-19.4279,19.88,205,10.312,2.2148,0.7864,9.113,0,11,1,1.0236,0,5,2,5016.28
1422.43,1820.64,1.28,0.1492,1587.81,-12.7887,47.32,483,10.207,0.3743,0.6412,13.241,6,6,0,0.9594,0,8,2,1635.79
1819.16,2194.36,1.2062,0.283,1997.98,-8.9493,16.55,475,28.701,0.8571,0.6464,21.869,4,8,0,0.9698,1,0,1,2092.04
4533.51,6045.65,1.3335,0.1671,6824.66,12.8854,140.25,488,3.479,1.6756,0.7774,2.763,0,8,0,0.9814,0,2,1,5302.09
558.51,702.98,1.2587,0.2905,824.49,17.2853,8.72,351,40.249,0.6885,0.4826,49.72,5,6,0,0.979,0,1,0,732.29
884.79,1252.46,1.4155,0.2066,1327.45,5.9879,0.75,17,22.541,1.5172,0.6765,17.391,5,6,0,0.9852,0,7,0,1313.4
1435.49,2278.44,1.5872,0.2263,1902.99,-16.4785,6.61,233,35.261,1.0502,0.7834,32.749,2,10,1,1.1125,1,5,1,1957.75
619.39,1022.28,1.6504,0.2086,1022.08,-0.019,50.96,487,9.557,2.5834,0.8084,10.894,6,8,0,1.0017,1,9,0,868.17
1316.46,2397.78,1.8214,0.1259,2742.15,14.3617,11.73,381,32.476,0.9272,0.8622,38.155,3,11,1,1.111,0,7,0,2031.09
3123.69,5334.64,1.7078,0.1752,5040.57,-5.5126,11.03,332,30.109,0.9328,0.8943,38.323,6,1,1,1.0325,0,1,1,4408.37
2396.41,3995.88,1.6674,0.1198,3301.04,-17.3891,1.71,65,38.027,2.4611,0.9021,44.634,5,9,0,1.0099,0,5,1,3354.2
4517.02,6775.6,1.5,0.2246,7533.33,11.1832,15.6,243,15.573,0.8347,0.8768,18.792,6,11,1,1.0781,0,6,1,6268.23
4178.5,6488.11,1.5527,0.1894,6895.87,6.2848,8.73,408,46.725,1.6958,0.8772,59.323,6,9,0,0.997,1,7,2,5525.6
2038.18,3062.04,1.5023,0.2556,3021.59,-1.3211,5.72,275,48.104,1.1662,0.963,49.653,1,8,0,0.9905,1,8,1,2667.78
1667.41,3111.11,1.8658,0.1441,3546.43,13.9922,4.55,198,43.538,1.7222,0.8755,39.448,6,4,0,0.9501,0,4,1,2755.58
2208.62,2971.69,1.3455,0.1329,3387.39,13.9885,15.78,458,29.03,0.8398,0.9871,33.586,3,11,1,1.0313,0,2,1,2624.7
3156.33,3645.12,1.1549,0.1813,3938.13,8.0384,20.93,452,21.594,0.9481,0.8256,17.235,0,11,1,1.0424,0,1,0,4086.48
1706.29,2906.87,1.7036,0.2853,3421.17,17.6927,107.25,412,3.842,0.8321,0.9839,2.846,5,1,1,1.0788,0,7,1,2529.13
3308.67,4374.37,1.3221,0.2421,4293.78,-1.8422,0.36,17,47.414,0.3727,0.8801,55.531,2,2,0,0.9626,0,0,0,3964.6
2342.35,4465.92,1.9066,0.1838,4874.88,9.1572,1.49,71,47.637,0.8759,0.8141,60.519,2,1,1,1.032,0,9,2,4107.53
2984.21,5610.88,1.8802,0.2035,6353.05,13.2273,80.39,154,1.916,4.958,0.5788,1.85,3,11,1,1.091,0,5,1,4712.5
2462.57,2992.56,1.2152,0.1168,3154.87,5.4238,20.39,377,18.487,0.6934,0.9264,14.729,4,12,1,1.0729,0,1,1,2948.43
1825.1,2263.9,1.2404,0.2969,2312.0,2.1244,3.83,169,44.122,1.0757,0.9595,44.043,1,3,1,1.0241,0,2,0,2624.51
4768.04,7490.09,1.5709,0.2333,8185.17,9.2799,64.69,321,4.962,1.8141,0.8713,4.644,0,9,0,0.9896,0,7,2,6666.74
3936.23,6564.99,1.6678,0.1571,6182.92,-5.8198,33.3,354,10.632,1.2979,0.8203,9.818,0,6,0,0.9685,0,0,1,5463.23
1130.51,1564.25,1.3837,0.2172,1480.68,-5.3428,5.74,281,48.955,0.962,0.8455,52.717,6,5,0,1.0103,0,5,2,1607.23
4408.11,7755.08,1.7593,0.1219,9233.55,19.0645,3.53,150,42.517,0.6395,0.72,34.22,3,8,0,0.9855,0,2,2,6782.59
2693.44,4459.47,1.6557,0.2932,3779.56,-15.2465,5.69,260,45.691,2.0568,0.8664,42.415,2,10,1,1.0538,0,5,1,4473.82
4525.49,6453.8,1.4261,0.135,7336.67,13.6799,9.92,79,7.966,1.7407,0.8871,9.728,2,3,1,1.0288,0,2,2,6878.9
4099.35,4802.66,1.1716,0.2296,5357.36,11.5498,9.25,105,11.354,2.0325,0.8794,12.919,4,12,1,1.0914,0,7,2,5562.43
2413.46,4314.37,1.7876,0.1491,3544.96,-17.8336,0.33,10,30.665,1.9334,0.7875,22.489,1,12,1,1.1102,0,4,1,3818.36
601.11,801.01,1.3325,0.2435,866.21,8.1401,15.71,402,25.585,0.4898,0.8358,25.799,6,12,1,1.0519,0,3,0,699.49
1709.05,3177.64,1.8593,0.2554,2661.44,-16.2447,13.25,207,15.627,0.8387,0.901,11.795,0,10,1,1.0465,0,8,1,2559.21
2937.35,4427.32,1.5072,0.2347,3914.64,-11.5799,10.81,479,44.308,1.1682,0.9429,56.471,3,3,1,1.0915,1,4,2,3783.14
3350.65,5496.8,1.6405,0.2229,6504.28,18.3286,8.75,395,45.168,0.6215,0.835,38.248,6,5,0,0.9547,1,3,1,4713.79
1660.49,3141.67,1.892,0.2785,2968.44,-5.514,8.44,129,15.293,0.7297,0.8114,19.262,4,1,1,1.103,1,7,0,2759.77
1127.1,2123.55,1.8841,0.1157,1747.09,-17.7279,19.69,170,8.632,1.3775,0.913,10.362,1,7,0,0.9873,0,7,2,1778.08
4257.19,6240.15,1.4658,0.1662,6293.06,0.8479,48.76,405,8.306,1.3494,0.9188,8.561,0,3,1,1.06,0,7,2,6111.04
4929.81,6544.6,1.3276,0.1497,5776.03,-11.7435,16.53,409,24.737,2.412,0.9287,22.307,1,11,1,1.0623,1,3,0,5669.28
2865.61,5183.52,1.8089,0.2976,5030.77,-2.9468,4.26,32,7.513,0.6972,0.7217,9.127,0,2,0,0.9623,1,0,0,4345.12
1272.56,1931.89,1.5181,0.1779,1624.07,-15.9337,0.95,23,24.194,0.6281,0.7987,19.153,5,7,0,0.9524,0,1,2,1753.61
1725.38,2265.83,1.3132,0.2465,1899.65,-16.1612,8.29,196,23.635,2.855,0.8512,19.097,1,1,1,1.0309,0,3,0,2258.7
582.76,1118.17,1.9188,0.2369,1120.03,0.1657,9.12,404,44.321,0.8844,0.8921,37.001,1,1,1,1.0418,0,9,1,951.94
4614.34,6083.5,1.3184,0.1424,5684.12,-6.5649,2.9,45,15.514,0.3867,0.7338,16.424,5,9,0,0.9508,0,1,0,5306.5
1029.88,1206.95,1.1719,0.1478,1040.52,-13.7892,9.59,273,28.472,1.2212,0.6764,25.3,3,7,0,0.9928,0,9,1,1184.36
3094.32,3611.81,1.1672,0.1563,3727.93,3.2148,6.14,230,37.431,0.5842,0.7891,48.418,6,3,1,1.0271,0,2,2,4132.16
1733.25,2910.07,1.679,0.1822,2400.45,-17.5123,4.37,132,30.2,0.8244,0.7754,24.675,6,5,0,1.0195,0,8,2,2494.71
2993.8,5126.66,1.7124,0.1469,5644.94,10.1096,5.51,263,47.749,0.4922,0.6352,56.505,4,2,0,1.0048,1,8,2,4514.57
3431.39,4853.31,1.4144,0.1039,3982.31,-17.9465,2.75,84,30.512,1.7432,0.8053,23.113,2,5,0,0.9704,0,8,2,4396.33
4233.84,6020.56,1.422,0.2759,7153.32,18.8148,8.1,366,45.191,1.2264,0.8284,41.217,1,9,0,1.018,0,6,2,6735.56
1428.9,2055.57,1.4386,0.2931,2249.3,9.425,23.99,312,13.008,0.5247,0.8334,11.008,3,10,1,1.0719,0,3,0,1857.81
549.48,949.58,1.7281,0.1683,1100.45,15.8885,0.14,4,28.477,1.1043,0.8235,36.624,6,5,0,0.9576,0,0,0,795.28
1115.99,1338.53,1.1994,0.1677,1306.38,-2.402,9.7,268,27.622,1.3987,0.7724,19.762,5,1,1,1.0922,0,2,2,1497.24
4550.08,8826.02,1.9397,0.1014,7265.87,-17.6768,6.83,338,49.483,0.8996,0.8609,56.064,2,11,1,1.0357,1,7,0,7518.07
4432.51,5935.76,1.3391,0.2361,5293.37,-10.8224,19.96,220,11.021,2.288,0.92,9.353,4,8,0,0.9723,0,3,0,5169.24
3188.36,6375.83,1.9997,0.2651,7577.28,18.8438,24.4,193,7.909,1.6833,0.8707,9.386,4,6,0,1.0189,1,9,2,5322.57
3202.33,4149.56,1.2958,0.1293,4346.89,4.7557,13.56,420,30.972,0.7859,0.9657,27.464,1,2,0,0.9933,0,9,0,3740.16
3492.67,6307.11,1.8058,0.1319,5620.57,-10.8851,28.84,345,11.961,0.8928,0.9446,9.717,5,11,1,1.1016,0,1,2,5243.9
1289.17,1727.36,1.3399,0.258,1715.49,-0.6873,12.75,412,32.319,0.5389,0.7906,36.062,6,6,0,0.9735,0,7,2,1670.15
4614.85,5624.21,1.2187,0.2233,5213.51,-7.3023,1.4,68,48.652,0.4281,0.8433,41.575,6,9,0,0.9859,0,6,2,6385.44
2384.47,4515.45,1.8937,0.109,4496.88,-0.4113,6.06,287,47.379,0.6472,0.8755,46.968,5,3,1,1.0772,0,9,2,3861.3
2224.12,4181.22,1.8799,0.2245,4744.21,13.465,28.97,357,12.324,0.7037,0.7417,9.599,0,5,0,0.9914,0,8,0,3481.39
2835.13,4232.95,1.493,0.1618,3763.18,-11.0978,18.67,175,9.374,1.9411,0.8645,10.637,4,7,0,0.9682,1,1,0,3647.95
711.35,1242.75,1.747,0.1737,1192.59,-4.0365,13.52,385,28.476,0.5029,0.8955,26.884,3,10,1,1.0321,1,4,1,1080.13
1248.28,2026.58,1.6235,0.2539,1982.88,-2.1564,10.89,324,29.752,1.0499,0.7583,23.336,1,2,0,0.9652,0,5,1,1723.59
3821.15,7164.71,1.875,0.2622,7414.19,3.4821,7.12,238,33.45,1.1132,0.6721,38.299,4,11,1,1.0595,0,1,2,6006.72
872.59,1237.16,1.4178,0.1801,1028.19,-16.8909,12.86,480,37.333,0.7022,0.9492,28.448,1,1,1,1.0882,0,1,1,1084.94
3214.18,5127.01,1.5951,0.2894,4526.15,-11.7195,5.85,178,30.447,1.6649,0.7699,31.814,6,5,0,1.0129,1,9,0,4394.74
1604.07,2506.47,1.5626,0.1813,2404.04,-4.0867,39.38,255,6.476,0.8553,0.9608,6.894,0,4,0,1.0052,0,3,0,2178.14
2251.83,3267.0,1.4508,0.2544,3671.25,12.3736,10.52,418,39.718,0.7435,0.9427,49.973,4,9,0,0.9872,1,7,1,2841.75
1799.12,3432.25,1.9077,0.1968,3002.32,-12.5263,42.89,210,4.896,2.2731,0.7682,3.871,1,10,1,1.101,0,4,1,2882.01
2100.53,2711.77,1.291,0.2795,3125.62,15.261,201.05,398,1.98,0.6564,0.6459,2.162,3,4,0,0.9916,0,8,0,2524.89
3735.71,4770.8,1.2771,0.2816,4463.88,-6.4334,5.84,226,38.713,1.4759,0.8539,35.944,6,7,0,0.9748,0,3,1,5193.5
1837.05,3013.44,1.6404,0.1175,2716.73,-9.8464,2.55,71,27.87,0.7529,0.8705,26.211,4,5,0,0.9526,0,2,0,2670.38
3048.82,5210.04,1.7089,0.2873,5021.19,-3.6247,10.39,366,35.231,0.5447,0.783,35.27,0,5,0,0.9982,0,9,0,4594.17
2642.23,3475.65,1.3154,0.2651,3550.32,2.1483,3.24,64,19.755,0.8477,0.9324,16.599,2,6,0,0.9679,1,7,1,3109.65
3486.52,5167.41,1.4821,0.2583,5651.02,9.359,106.9,165,1.544,3.2475,0.6931,1.508,2,8,0,0.9664,1,0,1,4394.91
4715.73,9217.28,1.9546,0.1402,9132.26,-0.9223,12.37,213,17.22,0.4858,0.8792,19.15,1,4,0,0.9965,0,8,2,7814.84
3796.57,5161.92,1.3596,0.261,5818.52,12.7201,0.52,16,30.799,0.7045,0.7556,30.006,4,9,0,1.011,0,3,2,6044.92
1467.23,2520.86,1.7181,0.27,2842.26,12.7497,27.78,335,12.059,1.8488,0.7308,8.749,4,6,0,0.9697,0,8,2,2149.9
640.32,1139.22,1.7791,0.1578,912.17,-19.9304,4.96,172,34.702,0.6251,0.793,29.66,6,8,0,1.0044,0,7,2,977.65
1680.19,2572.22,1.5309,0.2905,2872.22,11.6633,3.21,128,39.926,0.7401,0.8028,36.367,6,4,0,1.012,0,2,2,2658.24
3177.85,6186.95,1.9469,0.11,6045.28,-2.2899,0.09,2,23.259,1.0697,0.8823,21.232,0,9,0,0.9648,0,2,0,5301.06
731.42,1299.11,1.7762,0.13,1541.83,18.6835,8.7,382,43.91,0.8937,0.8505,32.871,2,11,1,1.0582,0,8,1,1110.37
2733.65,4207.73,1.5392,0.2075,4746.7,12.8091,8.93,383,42.886,1.2897,0.6392,41.588,5,11,1,1.0855,0,2,0,4084.95
3185.79,5205.38,1.6339,0.2152,4963.86,-4.6397,5.61,247,44.025,0.8769,0.9076,49.095,3,9,0,0.9652,1,3,2,4425.72
2004.1,3484.57,1.7387,0.229,3672.22,5.3853,2.07,69,33.391,1.0029,0.7402,24.349,5,1,1,1.0835,0,8,2,3628.6
3969.1,6562.37,1.6534,0.1034,5759.77,-12.2302,3.2,51,15.935,0.9367,0.6587,18.334,2,1,1,1.0512,0,3,1,5466.77
979.69,1858.37,1.8969,0.2921,1702.53,-8.386,17.74,436,24.581,0.6644,0.8756,31.294,4,7,0,0.9901,0,2,0,1575.6
838.12,1218.09,1.4534,0.1089,1072.94,-11.9158,10.53,377,35.815,0.3965,0.8291,25.271,3,3,1,1.0303,1,6,2,1021.57
3776.85,5306.11,1.4049,0.1286,5839.17,10.0463,22.8,258,11.318,2.6142,0.9404,9.238,6,7,0,0.9969,0,5,2,5134.61
2729.71,3635.33,1.3318,0.1028,2920.21,-19.6714,6.4,238,37.203,0.6608,0.6953,38.174,3,1,1,1.0512,0,0,2,3477.31
3597.81,4253.03,1.1821,0.2134,4095.28,-3.7091,3.34,93,27.856,0.6809,0.9299,23.144,0,1,1,1.0285,0,9,2,4795.4
2456.72,2915.05,1.1866,0.2865,3308.66,13.5026,8.06,46,5.705,1.1043,0.9687,6.611,5,7,0,0.9608,0,7,0,3231.34
1608.81,3039.92,1.8895,0.2332,3294.16,8.3632,2.61,74,28.307,0.5962,0.9118,25.116,1,4,0,1.0053,1,0,0,2537.37
4185.96,7227.62,1.7266,0.2645,7001.41,-3.1298,21.07,90,4.272,1.5807,0.9408,3.743,1,2,0,0.9546,1,3,2,6294.36
4097.37,7012.46,1.7115,0.1027,7385.64,5.3217,49.97,85,1.701,1.1358,0.7791,1.192,0,5,0,0.9961,0,5,0,5886.46
3626.13,6064.51,1.6724,0.2084,5899.07,-2.7281,0.11,5,44.592,0.8732,0.8136,38.441,6,5,0,0.9964,1,5,2,5191.18
1724.65,3228.27,1.8718,0.1919,3672.49,13.7603,9.16,229,25.006,0.7789,0.9179,20.77,4,4,0,1.0016,0,6,1,2812.5
3156.04,4917.82,1.5582,0.1998,5060.64,2.9041,17.67,488,27.621,0.5487,0.8751,25.023,4,9,0,0.9653,0,4,1,4058.64
2124.38,4014.76,1.8898,0.1144,4227.73,5.3047,29.15,429,14.717,1.1696,0.8816,11.606,1,2,0,0.9606,0,4,1,3469.37
912.12,1327.62,1.4555,0.2369,1587.1,19.5448,12.68,350,27.594,1.0705,0.6353,29.162,2,4,0,0.9815,0,3,0,1139.79
4627.91,8967.51,1.9377,0.2006,9936.39,10.8043,34.07,316,9.275,0.724,0.806,7.821,0,2,0,0.953,0,5,2,7960.82
1115.68,1945.59,1.7439,0.253,1779.02,-8.5616,1.12,42,37.537,1.2996,0.8723,45.008,2,11,1,1.071,1,6,1,1769.62
4776.07,6536.53,1.3686,0.1971,7250.25,10.919,7.52,311,41.344,2.204,0.93,36.0,0,10,1,1.0328,0,9,1,7694.88
2507.03,4085.13,1.6295,0.1299,4785.3,17.1395,4.59,197,42.938,1.0074,0.618,35.489,0,4,0,1.0119,0,9,0,3528.81
1333.1,2137.06,1.6031,0.2297,1961.88,-8.1969,59.27,369,6.226,0.8837,0.7922,4.57,1,6,0,0.9549,1,0,0,1832.69
2938.55,3723.78,1.2672,0.1345,4196.4,12.692,14.23,403,28.33,0.6186,0.9689,32.408,1,5,0,1.0145,1,8,1,3473.12
4428.26,7317.94,1.6526,0.2745,6550.5,-10.4871,7.43,302,40.629,0.9235,0.9026,40.829,5,11,1,1.0859,1,7,2,6276.27
3795.01,5379.69,1.4176,0.2226,5237.73,-2.6387,24.85,181,7.283,0.8108,0.7379,5.595,2,10,1,1.0676,0,6,2,5567.37
4129.53,4932.7,1.1945,0.1314,5307.93,7.6069,28.59,168,5.877,0.5926,0.7408,4.894,4,10,1,1.0431,0,8,2,5021.2
3464.53,6777.85,1.9564,0.2925,6082.52,-10.2589,4.92,202,41.03,1.2531,0.8171,53.308,3,6,0,1.013,1,2,1,5640.63
3615.24,6128.8,1.6953,0.2037,5362.2,-12.5082,4.82,193,40.04,1.1465,0.8846,47.392,5,2,0,0.9826,1,9,0,5061.74
4321.38,8190.66,1.8954,0.1146,8067.95,-1.4983,1.31,30,22.986,1.0389,0.9539,20.915,2,1,1,1.077,0,3,2,6911.92
1623.51,2799.98,1.7246,0.2254,3117.16,11.3281,15.84,101,6.376,0.8343,0.7382,6.539,6,5,0,0.9945,0,6,1,2405.78
2702.41,3927.78,1.4534,0.1506,4078.4,3.8345,2.4,63,26.29,1.5852,0.6817,24.965,0,11,1,1.0209,0,5,1,4086.96
1495.44,2371.45,1.5858,0.2607,2562.32,8.0486,16.96,345,20.345,0.4168,0.8976,14.686,3,3,1,1.0944,0,1,0,2046.88
4944.51,8526.23,1.7244,0.2636,9171.76,7.5711,3.41,90,26.409,0.4268,0.7296,30.825,3,3,1,1.024,0,1,2,7679.68
4748.27,9336.11,1.9662,0.2958,9502.29,1.78,19.55,441,22.555,1.1193,0.71,25.491,5,10,1,1.0278,0,9,1,7710.09
677.42,925.1,1.3656,0.2004,856.87,-7.3756,8.63,249,28.857,1.8817,0.8639,27.278,3,5,0,0.9814,0,6,2,904.77
3675.09,6959.63,1.8937,0.191,6741.68,-3.1316,4.97,182,36.629,1.0621,0.882,44.231,5,3,1,1.0846,0,8,2,6090.17
4663.62,9026.27,1.9355,0.2507,8595.25,-4.7752,7.72,301,38.968,1.0656,0.9332,39.78,3,6,0,0.9774,0,8,2,7729.81
1312.59,2257.46,1.7199,0.1265,1877.37,-16.8372,11.13,365,32.8,0.5924,0.7831,24.243,5,11,1,1.0863,0,6,1,1927.05
3055.75,5932.98,1.9416,0.2094,6878.61,15.9385,32.56,350,10.748,0.3422,0.9202,9.197,5,7,0,1.0094,0,7,2,5107.73
4619.7,6875.02,1.4882,0.2092,7265.12,5.6742,13.64,279,20.459,0.6143,0.9291,19.99,3,6,0,0.9654,0,9,0,5898.98
652.76,1279.45,1.9601,0.1179,1462.25,14.2876,45.43,204,4.49,1.3801,0.9401,3.422,2,10,1,1.096,0,2,1,1071.07
3638.39,6357.6,1.7474,0.1836,7059.63,11.0424,3.8,88,23.132,0.4555,0.9003,24.119,1,8,0,0.9915,0,0,1,5288.27
1838.07,2179.41,1.1857,0.2707,1803.06,-17.2682,6.01,292,48.547,0.6532,0.8001,37.495,1,4,0,0.9728,0,6,2,2449.93
4659.78,8950.71,1.9208,0.2712,7935.01,-11.3477,13.07,424,32.445,0.457,0.8433,26.615,6,6,0,0.9747,0,7,2,7692.11
4869.76,7605.6,1.5618,0.1198,8976.85,18.0294,47.57,408,8.576,0.636,0.7666,10.603,0,11,1,1.1063,0,1,2,6827.49
4749.2,7319.84,1.5413,0.1181,7208.37,-1.5228,20.06,284,14.16,1.7682,0.6573,18.407,4,3,1,1.0686,0,8,1,6370.91
2633.96,4297.3,1.6315,0.1525,4833.5,12.4776,37.94,158,4.164,0.7386,0.6213,4.29,6,10,1,1.0301,0,3,0,3670.53
4379.19,5592.13,1.277,0.275,5760.96,3.0191,36.42,362,9.938,1.5796,0.8546,10.652,2,12,1,1.0247,1,9,0,5342.75
4300.47,6660.53,1.5488,0.1258,7522.57,12.9425,19.51,486,24.904,0.7479,0.8768,29.349,3,12,1,1.0201,0,8,1,5767.38
1935.95,3594.01,1.8565,0.244,3931.29,9.3843,7.21,129,17.898,2.0557,0.8892,20.004,1,7,0,0.9959,0,2,0,3021.72
4230.12,4920.31,1.1632,0.1202,4486.79,-8.8107,22.47,247,10.994,1.1907,0.6962,8.9,0,6,0,0.9763,0,7,2,4890.77
666.53,921.14,1.382,0.2246,1102.13,19.6486,16.99,139,8.183,0.7942,0.9012,7.75,3,12,1,1.0346,0,1,1,867.74
3183.21,3667.34,1.1521,0.1712,3653.43,-0.3792,11.71,388,33.147,0.9223,0.8041,33.846,0,6,0,0.9967,1,2,0,3660.7
1535.04,2307.71,1.5034,0.2578,2386.17,3.3998,6.63,188,28.347,0.4864,0.8534,25.961,3,3,1,1.0609,0,0,1,2223.39
1042.55,1844.34,1.7691,0.1467,1874.17,1.6174,2.13,90,42.289,0.7745,0.7957,34.071,5,1,1,1.065,0,4,0,1619.89
846.29,1547.83,1.829,0.2278,1786.3,15.4073,5.51,55,9.979,2.0346,0.9061,11.393,3,2,0,0.9867,1,3,1,1306.6
3633.3,7097.33,1.9534,0.1471,6472.45,-8.8044,5.29,225,42.551,1.1968,0.8328,34.863,1,11,1,1.0453,1,0,0,6038.64
2029.44,3383.54,1.6672,0.2427,2790.35,-17.5315,11.36,333,29.318,0.3521,0.7757,25.104,1,11,1,1.0299,0,9,1,2839.36
3761.45,5139.77,1.3664,0.2747,4991.93,-2.8763,23.21,326,14.045,0.918,0.9238,12.246,3,10,1,1.0535,0,8,1,5315.62
794.1,1537.01,1.9355,0.1254,1794.19,16.7328,11.39,164,14.404,1.0877,0.9195,11.481,1,10,1,1.0509,0,5,1,1279.85
1918.81,3471.16,1.809,0.2733,3386.89,-2.4275,1.74,35,20.129,1.4554,0.8998,24.35,6,3,1,1.0978,0,5,1,3560.43
2927.71,4796.36,1.6383,0.2187,4369.61,-8.8975,13.97,329,23.546,0.8291,0.8161,25.109,2,12,1,1.1187,0,1,1,4179.5
4058.25,7066.61,1.7413,0.1254,7401.56,4.7398,5.55,28,5.043,0.9417,0.8175,6.056,3,11,1,1.1199,0,6,2,6567.41
1934.39,3744.33,1.9357,0.1855,4100.11,9.5019,1.87,79,42.258,1.6759,0.5998,42.099,1,1,1,1.0586,0,8,1,3231.57
3316.51,5822.25,1.7555,0.1322,5735.52,-1.4897,60.53,421,6.956,0.8855,0.7442,7.037,0,11,1,1.0993,0,5,1,4955.88
4486.9,6564.87,1.4631,0.2401,6249.82,-4.7989,18.96,468,24.69,0.6946,0.8144,26.41,0,8,0,0.9956,0,7,1,5617.81
3271.38,5744.79,1.7561,0.2518,5433.44,-5.4198,18.06,357,19.765,1.5187,0.7221,18.235,0,9,0,0.9584,0,4,0,4852.18
1548.32,1833.57,1.1842,0.1212,1775.86,-3.1475,6.44,168,26.102,1.533,0.9049,26.049,4,7,0,0.9712,0,1,1,1982.03
609.8,901.57,1.4785,0.2012,1025.14,13.7069,0.72,32,44.487,0.3395,0.816,45.739,0,11,1,1.0677,0,3,2,1002.28
4415.44,6602.74,1.4954,0.2629,6556.68,-0.6976,1.86,92,49.465,1.1382,0.743,62.926,5,7,0,0.9585,0,0,1,6783.12
595.71,769.55,1.2918,0.2872,712.4,-7.4258,55.69,111,1.993,0.6043,0.8636,2.451,0,3,1,1.0566,1,0,0,685.07
4436.16,5188.63,1.1696,0.2027,4529.29,-12.7074,18.65,378,20.269,1.2213,0.8878,15.76,2,9,0,0.9679,0,5,0,5220.2
2880.22,3638.79,1.2634,0.2901,3322.39,-8.6954,5.07,208,41.063,1.6101,0.9347,29.761,2,9,0,0.9524,0,1,1,3837.88
4725.8,8064.25,1.7064,0.2071,7944.02,-1.4908,23.29,396,17.004,1.3629,0.7908,18.843,4,5,0,0.9982,0,5,1,6838.23
4094.52,7500.95,1.8319,0.1788,7644.41,1.9126,11.86,389,32.803,1.4319,0.9775,23.93,2,7,0,0.9685,0,0,1,6241.65
4990.7,9931.37,1.99,0.2696,10413.99,4.8596,3.89,193,49.621,0.7188,0.8767,36.531,1,1,1,1.0852,1,9,1,8522.76
2078.2,3001.78,1.4444,0.1986,2487.13,-17.1448,8.04,263,32.692,0.7955,0.7007,26.008,0,6,0,0.9757,0,2,0,2558.68
3952.35,6558.81,1.6595,0.1944,6855.72,4.5268,38.15,246,6.448,1.3449,0.7461,5.875,1,10,1,1.0768,1,8,1,5785.42
2308.69,4494.03,1.9466,0.1981,4227.97,-5.9203,2.77,117,42.304,1.0361,0.4813,40.654,6,1,1,1.0407,0,1,0,3798.2
2659.44,3435.96,1.292,0.2694,3101.94,-9.7212,9.24,447,48.366,0.4622,0.8901,48.929,4,10,1,1.0924,0,7,0,3432.06
3323.77,5849.84,1.76,0.2664,5454.53,-6.7576,13.34,479,35.913,1.5616,0.7278,46.521,1,6,0,1.014,0,5,2,5174.73
4431.55,7940.14,1.7917,0.1807,8843.62,11.3786,10.54,227,21.534,0.4811,0.9869,20.051,5,6,0,1.0173,1,5,0,6998.21
4928.38,6040.36,1.2256,0.1667,6773.15,12.1315,0.17,8,47.472,1.1763,0.948,40.144,1,7,0,0.9785,0,6,1,7068.39
3957.23,7447.75,1.8821,0.1984,6267.31,-15.8497,8.38,406,48.46,1.1092,0.8842,50.648,1,7,0,1.0003,0,4,1,6321.26
2379.95,4381.82,1.8411,0.2146,4372.49,-0.213,4.23,198,46.821,1.8054,0.4005,38.819,5,11,1,1.0548,0,3,1,3821.57
2396.11,2823.55,1.1784,0.1477,2856.87,1.1799,22.57,478,21.179,0.8888,0.9587,26.777,2,10,1,1.1197,0,5,1,2953.15
3819.12,4687.67,1.2274,0.2588,3806.79,-18.7914,6.95,276,39.696,0.3626,0.8701,33.962,0,12,1,1.1061,1,7,2,5449.69
1574.5,1876.42,1.1918,0.1973,2039.34,8.6825,3.87,128,33.055,1.0743,0.8091,42.772,5,3,1,1.0821,0,3,2,2140.86
997.13,1430.42,1.4345,0.1668,1354.2,-5.3282,30.7,301,9.806,1.1809,0.9417,9.327,1,7,0,0.9703,0,4,2,1232.82
2095.8,3317.43,1.5829,0.1214,3208.62,-3.2801,2.24,61,27.24,1.7105,0.9362,32.351,6,11,1,1.0364,0,6,2,3261.98
1792.58,2872.59,1.6025,0.1478,2998.91,4.3971,0.03,1,37.637,0.768,0.916,40.985,3,10,1,1.0944,0,5,0,2663.2
1833.39,2525.52,1.3775,0.2899,2494.14,-1.2424,8.0,359,44.9,1.4213,0.6751,56.578,0,2,0,0.9895,0,3,2,2758.74
1551.23,2985.91,1.9249,0.161,3282.05,9.918,7.63,330,43.267,1.566,0.7845,46.523,0,12,1,1.0611,0,3,0,2544.26
689.42,1008.64,1.463,0.1338,1047.31,3.8343,41.5,356,8.578,0.6934,0.9291,8.996,3,11,1,1.0729,0,9,1,842.71
580.43,689.97,1.1887,0.1921,614.36,-10.9586,18.66,465,24.914,1.1718,0.8011,27.198,4,2,0,0.9684,0,3,0,667.5
4944.75,6948.33,1.4052,0.1614,7978.04,14.8195,7.0,171,24.435,0.479,0.8828,28.635,4,1,1,1.0979,0,0,0,6818.21
2424.98,3883.47,1.6014,0.107,3441.98,-11.3683,5.42,244,45.038,1.3258,0.8933,55.816,0,2,0,1.0123,0,4,2,3245.57
2229.47,3337.49,1.497,0.1646,3622.56,8.5413,79.46,87,1.095,1.1176,0.8856,0.942,2,12,1,1.0347,0,7,1,2930.09
3558.41,4920.45,1.3828,0.2088,5495.57,11.6884,13.42,499,37.197,0.5383,0.614,30.521,5,2,0,0.9694,1,6,1,4272.57
1482.14,1869.91,1.2616,0.2103,2010.74,7.5313,12.23,383,31.313,0.82,0.9243,22.565,4,12,1,1.0685,0,4,2,2122.71
4774.83,8815.71,1.8463,0.1713,8539.97,-3.1278,1.78,82,46.157,1.7203,0.865,42.559,4,11,1,1.0336,1,2,0,7497.49
4038.55,8063.87,1.9967,0.1895,9282.98,15.1181,0.17,4,23.389,1.1051,0.8162,28.247,1,9,0,1.0098,0,0,2,6856.83
902.35,1290.46,1.4301,0.2931,1201.52,-6.892,10.47,348,33.226,0.7108,0.7988,24.651,1,3,1,1.113,0,6,0,1192.24
2379.11,3507.71,1.4744,0.1755,3770.2,7.4831,0.78,38,48.665,0.6812,0.8063,49.789,4,1,1,1.1157,0,2,2,3915.86
4456.03,7465.33,1.6753,0.1516,8593.09,15.1065,10.23,383,37.451,1.6513,0.8768,41.828,2,12,1,1.092,1,3,2,7049.02
4751.29,8365.49,1.7607,0.1487,7212.48,-13.7829,74.62,321,4.302,0.7823,0.8067,5.171,1,2,0,1.002,0,4,1,7119.65
2603.31,3861.29,1.4832,0.1916,4097.04,6.1054,50.38,464,9.209,1.1166,0.754,9.67,5,10,1,1.0387,0,7,1,3463.98
3260.35,6257.23,1.9192,0.2519,7260.79,16.0384,7.27,300,41.251,0.8134,0.8569,33.487,2,8,0,0.9667,0,6,1,5235.37
1251.65,2035.19,1.626,0.1412,1712.07,-15.8767,4.25,74,17.405,0.3308,0.7617,22.256,5,10,1,1.0813,0,8,2,1723.4
4960.26,7603.24,1.5328,0.2419,6525.87,-14.1699,2.81,100,35.59,0.7214,0.6422,26.934,5,2,0,1.001,1,2,1,6553.45
1542.52,2621.78,1.6997,0.1042,2494.11,-4.8698,3.97,140,35.291,1.7665,0.778,40.987,0,11,1,1.0454,0,9,1,2192.89
4742.29,9294.34,1.9599,0.1838,11132.06,19.7724,1.85,92,49.691,2.9211,0.904,37.365,5,11,1,1.0507,1,0,2,8831.18
3423.41,6248.99,1.8254,0.2552,5558.94,-11.0426,4.91,118,24.024,0.6793,0.8976,18.884,5,4,0,0.9915,0,0,1,5281.82
3234.82,3830.06,1.184,0.1677,3561.53,-7.0112,7.72,287,37.154,1.1814,0.6032,46.031,2,9,0,0.9679,0,9,0,3720.04
2807.1,4021.07,1.4325,0.2127,4560.04,13.4039,31.87,108,3.389,3.2039,0.7641,3.903,1,9,0,0.9539,0,0,1,3637.94
1538.01,2383.87,1.55,0.141,2031.76,-14.7703,20.58,487,23.667,1.823,0.8804,21.757,6,7,0,0.9699,0,1,0,2013.82
1294.38,1834.57,1.4173,0.2484,2198.7,19.8483,4.14,42,10.147,0.5455,0.9211,10.992,6,1,1,1.0346,0,1,1,2040.26
1492.19,2604.11,1.7452,0.1105,2852.91,9.5545,3.2,135,42.188,0.8761,0.8769,41.106,6,10,1,1.0244,0,6,2,2266.35
1338.97,2480.22,1.8523,0.2705,2935.75,18.3668,7.8,329,42.156,1.1375,0.9881,31.192,5,11,1,1.071,0,8,2,2298.61
4008.13,7100.98,1.7716,0.1396,6090.93,-14.2241,17.17,216,12.582,1.8896,0.8901,14.251,3,5,0,0.9992,0,7,1,6061.95
2075.56,4132.31,1.9909,0.2749,3690.05,-10.7025,26.63,442,16.596,0.5479,0.7394,19.217,2,5,0,1.0171,0,3,0,3574.55
760.29,1050.47,1.3817,0.1705,996.17,-5.169,11.12,394,35.421,1.4727,0.7784,43.547,4,2,0,1.011,1,1,1,905.33
4860.96,9205.4,1.8937,0.2445,7552.15,-17.9595,4.17,155,37.175,1.4216,0.829,38.081,5,7,0,1.0159,0,2,2,7662.19
4477.04,8065.96,1.8016,0.1638,6648.58,-17.5723,14.45,480,33.224,0.859,0.5008,36.675,5,1,1,1.0955,0,9,1,7160.89
4674.89,6815.29,1.4579,0.2812,7916.15,16.1529,0.76,38,49.838,2.9214,0.9158,47.986,6,1,1,1.0841,0,4,2,7885.39
4977.09,8829.38,1.774,0.1253,7214.48,-18.2901,6.45,281,43.565,0.634,0.9415,38.832,2,12,1,1.027,0,8,0,7683.34
1282.53,1588.37,1.2385,0.1357,1747.18,9.9984,15.25,327,21.436,1.1997,0.8632,20.3,2,10,1,1.0656,0,7,0,1474.91
2283.09,4157.35,1.8209,0.1986,4519.28,8.7057,20.97,357,17.022,1.1048,0.7429,21.227,2,12,1,1.0479,0,2,2,3557.22
3912.07,6269.02,1.6025,0.1164,5197.81,-17.0874,0.83,25,30.246,1.2068,0.7472,24.151,4,1,1,1.0498,0,8,0,5372.57
3632.09,5079.29,1.3984,0.1392,4444.65,-12.4946,0.75,31,41.064,1.782,0.7611,34.868,5,11,1,1.0571,0,9,2,5770.56
1192.53,2036.14,1.7074,0.2888,1999.34,-1.8073,1.85,45,24.292,0.511,0.8995,25.84,2,10,1,1.0521,1,2,2,2007.6
4171.25,7071.84,1.6954,0.2953,7472.55,5.6663,4.17,155,37.147,1.0825,0.8665,28.595,3,7,0,0.9699,0,9,2,6017.64
1509.98,2005.35,1.3281,0.1753,2322.86,15.8331,125.33,243,1.939,2.6772,0.8824,2.395,4,4,0,1.0099,0,7,1,2091.09
1507.18,1772.2,1.1758,0.2847,1791.22,1.0733,8.41,390,46.366,1.4905,0.7747,33.77,3,4,0,1.0053,1,0,0,1845.22
2916.38,4428.76,1.5186,0.209,5201.79,17.4547,0.87,34,38.918,0.7186,0.7126,44.88,6,9,0,1.0198,0,3,1,4455.91
3168.23,5177.16,1.6341,0.1539,4535.72,-12.3898,22.1,449,20.315,0.6703,0.3861,18.776,3,4,0,0.9808,0,3,1,4418.77
3110.39,5894.54,1.8951,0.2405,6184.03,4.9112,13.98,277,19.817,1.2955,0.9878,14.48,3,8,0,0.9712,0,5,0,5058.8
911.69,1767.75,1.939,0.2318,2011.45,13.7856,39.89,241,6.041,0.783,0.6506,7.285,4,1,1,1.076,0,1,1,1521.25
4448.57,7115.42,1.5995,0.2978,6356.42,-10.667,9.88,405,40.992,0.9311,0.796,44.446,1,3,1,1.0689,1,6,2,6085.29
1695.2,3035.65,1.7907,0.153,3386.02,11.5418,9.75,377,38.663,0.6895,0.7976,27.269,4,12,1,1.0322,0,4,1,2626.87
1082.82,1649.57,1.5234,0.2344,1583.78,-3.9884,8.09,258,31.882,2.8207,0.7776,27.435,2,1,1,1.1036,0,9,2,1848.32
4499.37,8027.63,1.7842,0.1104,9631.95,19.985,7.54,45,5.971,1.1891,0.7155,5.441,5,1,1,1.0767,1,5,0,6796.47
4800.43,6356.16,1.3241,0.1227,5317.7,-16.3379,31.25,433,13.855,1.0267,0.9741,12.38,3,3,1,1.0739,1,5,1,5520.5
4379.57,6417.85,1.4654,0.1008,6554.61,2.1309,10.05,236,23.487,0.4421,0.9596,23.463,2,4,0,1.0027,1,5,0,5367.42
4142.82,6997.62,1.6891,0.2999,7789.84,11.3214,0.5,7,14.033,0.6618,0.8961,14.258,3,6,0,0.9843,0,9,2,6860.52
3448.59,4019.1,1.1654,0.2605,4302.36,7.0479,11.63,259,22.265,0.97,0.9508,20.885,3,3,1,1.0692,0,7,1,4682.37
2978.86,5254.98,1.7641,0.2573,5266.72,0.2234,22.37,270,12.072,0.9706,0.5812,10.853,5,8,0,0.957,1,9,2,4441.64
891.44,1658.26,1.8602,0.2019,1666.96,0.5244,2.37,43,18.13,2.2943,0.837,18.178,2,8,0,0.9905,1,3,2,1405.19
2338.04,3481.97,1.4893,0.16,3350.26,-3.7828,7.19,237,32.963,1.0638,0.8069,23.739,0,3,1,1.0201,0,9,2,2990.92
2177.1,3332.6,1.5308,0.1303,3122.38,-6.308,11.16,499,44.726,1.6806,0.557,48.622,3,3,1,1.0882,1,7,0,2926.91
1668.89,3126.82,1.8736,0.1569,3243.97,3.7467,8.36,166,19.867,1.0938,0.7994,21.13,5,12,1,1.1156,0,8,0,2666.5
3755.39,6794.65,1.8093,0.1752,7469.68,9.9347,10.74,375,34.904,1.538,0.9027,30.28,0,6,0,0.9998,0,3,0,5598.52
2731.44,3810.16,1.3949,0.2513,3473.75,-8.8292,9.86,75,7.605,0.4343,0.644,6.143,4,1,1,1.0619,1,0,1,3151.53
864.71,1232.54,1.4254,0.2079,1452.73,17.8648,5.67,156,27.5,0.5335,0.867,20.454,3,1,1,1.1076,0,2,2,1407.19
1490.82,2574.72,1.727,0.1155,2435.5,-5.4073,4.33,200,46.164,1.5871,0.7924,48.583,6,11,1,1.1079,0,0,0,2198.32
3574.66,5822.12,1.6287,0.1036,5668.36,-2.641,98.36,233,2.369,2.1133,0.9468,2.467,3,11,1,1.0888,0,6,2,5132.3
842.59,1085.17,1.2879,0.1205,1046.59,-3.5544,16.37,231,14.11,0.426,0.8494,14.392,5,5,0,1.0013,0,0,0,1010.99
4330.43,6120.81,1.4134,0.1821,5169.24,-15.5464,59.4,445,7.492,1.0061,0.8298,9.675,4,10,1,1.0544,0,3,2,5383.65
2728.16,5224.39,1.915,0.2866,4421.73,-15.3636,7.78,211,27.123,0.4725,0.7242,27.636,2,7,0,1.0018,0,0,0,4594.36
2662.64,4619.54,1.7349,0.2275,5165.15,11.8108,12.16,417,34.302,0.7174,0.8106,38.867,2,1,1,1.083,0,1,0,3875.21
3165.84,6293.93,1.9881,0.2604,5995.15,-4.7471,39.94,153,3.831,0.3866,0.7701,2.941,0,2,0,1.0184,0,0,0,5255.42
4211.06,7588.17,1.802,0.1933,6726.12,-11.3605,82.58,367,4.444,0.9425,0.5199,3.908,4,11,1,1.1043,0,4,0,6355.7
2065.14,4028.43,1.9507,0.1723,4363.11,8.308,4.86,212,43.612,0.9119,0.9633,37.736,3,9,0,0.9668,0,6,2,3333.37
3551.07,4736.28,1.3338,0.1217,5607.26,18.3896,3.68,86,23.355,0.9064,0.9098,24.42,0,1,1,1.0364,0,2,0,4415.83
3045.79,5499.98,1.8058,0.2752,6460.94,17.4721,0.72,17,23.685,0.8639,0.7797,21.28,2,3,1,1.0773,0,7,0,5223.73
1701.63,1986.11,1.1672,0.2566,2163.6,8.9363,4.02,190,47.284,1.3736,0.7677,51.287,3,8,0,0.9876,0,4,0,2270.74
4453.83,7661.25,1.7201,0.1336,6716.22,-12.3351,18.39,307,16.69,2.3566,0.8756,18.594,5,2,0,0.9574,0,4,2,6626.8
4088.42,6332.51,1.5489,0.2025,5456.32,-13.8363,1.18,53,44.954,0.5464,0.8547,32.377,2,10,1,1.0838,1,4,0,5341.44
3463.03,5003.2,1.4447,0.1975,5745.69,14.8403,4.41,215,48.738,0.6569,0.6845,52.825,0,12,1,1.0591,0,7,2,5068.21
4327.62,8149.09,1.883,0.225,9657.7,18.5126,3.19,41,12.843,1.0668,0.7698,9.89,2,12,1,1.1095,1,1,1,6803.79
4402.82,8260.26,1.8761,0.2892,8664.41,4.8927,13.29,348,26.188,0.8746,0.536,25.64,5,7,0,0.9868,1,1,2,6962.06
3687.63,4310.68,1.169,0.216,5002.56,16.0502,8.42,229,27.183,0.8536,0.7842,30.879,6,2,0,0.9831,1,7,1,4285.44
4266.56,7116.96,1.6681,0.208,8013.38,12.5956,5.27,229,43.442,0.5188,0.957,48.742,6,3,1,1.078,0,8,0,6122.74
3638.62,5322.06,1.4627,0.1101,4585.51,-13.8395,11.39,181,15.891,0.7962,0.6143,13.983,2,10,1,1.0203,0,9,0,4513.03
3560.63,5352.74,1.5033,0.1126,4759.59,-11.0812,10.85,435,40.104,0.8002,0.7376,34.627,6,9,0,0.9682,0,9,2,4546.41
3283.75,6098.7,1.8572,0.1375,5044.25,-17.2896,2.88,140,48.579,1.1156,0.8309,46.837,6,4,0,0.9974,0,1,0,5149.62
3887.22,5494.06,1.4134,0.1065,5437.05,-1.0377,6.8,287,42.176,0.6353,0.8348,34.298,4,12,1,1.1194,0,3,0,5048.8
1213.72,2368.69,1.9516,0.2487,2201.89,-7.0421,7.42,338,45.548,1.5623,0.6333,58.521,5,7,0,1.0074,1,7,2,2069.68
4463.92,5815.1,1.3027,0.2447,5643.08,-2.9582,9.41,336,35.709,0.5313,0.7271,32.387,0,6,0,0.9687,0,1,0,5133.51
4423.3,7578.5,1.7133,0.1272,6089.06,-19.6534,7.09,321,45.294,2.1751,0.8217,56.789,6,7,0,1.0193,0,3,1,6324.81
631.61,1087.19,1.7213,0.2672,1183.4,8.8498,8.92,81,9.078,0.6644,0.8207,11.301,3,7,0,0.9965,0,9,1,910.57
4216.18,5752.41,1.3644,0.131,5063.43,-11.9771,12.28,441,35.906,2.0568,0.6961,32.994,2,2,0,0.9528,1,0,0,4848.6
1079.91,1540.0,1.426,0.1602,1458.85,-5.2694,4.5,166,36.862,0.6873,0.8366,31.423,2,1,1,1.093,0,1,0,1464.2
2008.03,3734.1,1.8596,0.1498,3588.28,-3.905,18.21,410,22.52,1.5148,0.6822,26.179,1,10,1,1.1122,0,6,1,3094.41
3845.79,6912.93,1.7975,0.1745,5713.53,-17.3502,67.86,333,4.907,0.8332,0.8956,4.11,0,6,0,0.9683,1,0,0,5874.14
1223.42,1749.16,1.4297,0.1509,1655.07,-5.3794,1.68,53,31.5,1.0411,0.7976,31.901,0,7,0,0.9666,1,0,1,1540.2
4180.85,6705.51,1.6039,0.1978,7777.98,15.9939,130.43,462,3.542,1.3511,0.8015,2.715,3,2,0,0.9885,0,1,2,5498.8
4244.6,5103.83,1.2024,0.1815,5906.57,15.7281,23.05,455,19.738,0.8464,0.8124,18.387,6,2,0,0.9619,0,3,1,5072.76
2783.6,3695.05,1.3274,0.2973,2992.39,-19.0164,3.55,72,20.29,0.3861,0.6258,15.154,4,9,0,0.9702,0,6,0,3252.28
528.74,826.39,1.5629,0.1112,670.96,-18.8084,4.24,212,49.947,0.7276,0.733,43.457,3,12,1,1.1015,0,3,0,696.67
1791.67,2191.35,1.2231,0.1284,2273.72,3.7586,10.83,170,15.69,0.7767,0.39,17.246,5,11,1,1.0824,1,4,1,2066.48
3276.17,6116.06,1.8668,0.1106,5393.93,-11.8071,11.7,482,41.202,2.3733,0.8462,53.348,0,5,0,0.9607,0,3,1,5234.22
4915.34,8652.5,1.7603,0.2252,10031.74,15.9405,120.65,435,3.605,0.9767,0.9143,3.075,2,7,0,0.9529,1,3,0,7355.54
3343.16,6526.15,1.9521,0.1109,6481.39,-0.6858,9.98,269,26.959,1.089,0.8594,26.527,4,1,1,1.0262,0,8,0,5720.95
1669.12,2903.34,1.7394,0.2673,2701.03,-6.9683,7.99,218,27.298,0.9438,0.9434,26.447,4,4,0,0.9931,0,5,0,2459.86
3353.03,6536.19,1.9493,0.2024,7721.27,18.1311,4.24,135,31.809,1.1151,0.8071,25.781,0,2,0,0.9719,0,2,2,5517.82
2929.93,4750.41,1.6213,0.2054,4404.44,-7.2829,0.84,34,40.69,0.5385,0.8052,43.377,0,11,1,1.0784,1,5,2,4132.5
4009.3,6656.19,1.6602,0.2123,6179.15,-7.1669,3.78,145,38.334,0.7093,0.8301,43.503,3,5,0,1.0107,0,6,1,5724.07
981.41,1943.61,1.9804,0.1342,1658.37,-14.6761,4.75,182,38.289,1.3927,0.9692,30.185,1,1,1,1.0488,0,6,1,1635.47
3924.63,6655.42,1.6958,0.1395,5916.01,-11.1099,3.47,77,22.182,0.8944,0.3398,25.605,6,10,1,1.0846,0,7,2,5723.1
2935.7,3452.88,1.1762,0.1638,3812.65,10.4196,8.38,307,36.646,0.9506,0.8139,41.047,0,7,0,0.9798,0,3,2,3720.2
4833.46,8532.19,1.7652,0.2187,9418.67,10.3898,10.05,252,25.074,0.99,0.9166,20.521,0,2,0,0.9869,0,0,1,7327.51
2038.42,3913.06,1.9196,0.142,3735.56,-4.536,76.39,327,4.281,1.4106,0.7943,4.663,3,3,1,1.0898,0,5,2,3377.88
3346.8,6112.07,1.8262,0.1233,5743.82,-6.025,9.68,432,44.619,0.7258,0.9445,41.772,0,5,0,0.9813,0,7,1,5054.71
4694.13,7727.74,1.6463,0.294,7475.49,-3.2642,8.76,391,44.618,1.0512,0.7721,49.467,5,9,0,1.0078,0,4,0,6422.3
961.29,1654.01,1.7206,0.1044,1522.24,-7.9665,24.97,420,16.821,0.3407,0.6652,16.782,6,10,1,1.0853,0,2,1,1359.33
4717.53,9395.73,1.9917,0.2605,9800.85,4.3118,5.13,235,45.781,0.4467,0.9511,33.369,3,4,0,0.9754,0,3,2,8068.9
3595.49,4411.89,1.2271,0.2576,5005.87,13.4633,8.42,321,38.141,0.8831,0.7902,44.708,5,8,0,0.9517,0,7,2,5209.08
805.27,1382.77,1.7172,0.1594,1111.4,-19.6251,16.28,336,20.639,0.5754,0.8737,21.328,6,11,1,1.0642,0,5,2,1187.09
1854.34,2579.17,1.3909,0.1271,3028.99,17.4403,4.41,76,17.244,1.635,0.8492,19.57,0,8,0,0.9988,0,4,1,2507.68
3686.77,6245.68,1.6941,0.1291,5291.22,-15.2819,7.65,373,48.782,0.5862,0.8649,37.837,2,10,1,1.0865,1,8,2,5369.84
803.08,1338.31,1.6665,0.2395,1552.29,15.9882,12.83,461,35.919,0.9381,0.9848,40.687,6,4,0,0.9998,0,9,1,1131.85
3119.77,3994.67,1.2804,0.2286,3568.93,-10.6577,21.68,424,19.562,1.4936,0.8981,18.548,6,11,1,1.0878,1,2,0,3754.97
2056.47,2726.34,1.3257,0.2565,3181.13,16.6813,15.04,488,32.457,1.2797,0.6339,38.285,0,4,0,0.9617,0,6,0,2447.3
3294.12,5528.8,1.6784,0.2875,6164.24,11.4932,2.48,72,29.005,0.7616,0.9265,30.731,1,2,0,1.0034,0,8,2,5583.74
705.84,888.65,1.259,0.2384,806.6,-9.2332,0.97,26,26.702,0.8229,0.75,24.378,4,8,0,0.9746,0,3,1,983.59
4421.92,6081.92,1.3754,0.1312,4934.33,-18.8689,12.37,403,32.59,1.2679,0.7711,26.762,3,1,1,1.0505,0,9,1,5135.21
4880.7,9077.9,1.86,0.1487,9861.66,8.6337,1.35,37,27.344,1.497,0.7715,32.527,1,12,1,1.115,0,9,2,9274.57
4859.95,6940.14,1.428,0.2684,7833.38,12.8705,7.65,253,33.085,2.1138,0.66,34.28,5,12,1,1.0958,0,2,1,8130.07
3873.43,6061.35,1.5649,0.1419,6497.19,7.1906,8.69,395,45.471,1.4957,0.8732,58.77,3,5,0,0.9848,0,0,2,5073.52
1085.39,2116.47,1.95,0.1145,2016.29,-4.7333,8.56,425,49.67,1.4087,0.8942,45.9,1,8,0,0.9715,0,8,2,1806.28
3912.18,5254.36,1.3431,0.2407,4471.24,-14.9043,2.38,85,35.755,1.1869,0.6968,39.739,3,6,0,0.9766,0,0,0,5021.3
610.64,904.47,1.4812,0.1805,849.13,-6.1181,7.66,356,46.463,1.0623,0.8316,49.887,5,10,1,1.0944,0,1,2,871.69
599.56,998.55,1.6655,0.284,906.12,-9.2566,10.06,433,43.062,0.8307,0.6931,46.617,3,4,0,0.9859,0,8,1,851.06
1956.25,3505.67,1.792,0.2301,3818.5,8.9236,23.16,358,15.457,1.283,0.9133,17.655,5,9,0,0.9599,0,4,2,2968.74
2698.89,5172.18,1.9164,0.1181,4467.44,-13.6256,0.64,30,46.712,0.8885,0.8673,36.598,4,12,1,1.0252,0,3,0,4356.98
3966.83,7648.66,1.9282,0.2896,8626.29,12.7817,45.64,204,4.47,1.4166,0.7674,4.603,0,3,1,1.0972,1,8,0,6563.06
3574.83,6470.96,1.8101,0.1517,6760.71,4.4777,11.18,192,17.166,1.435,0.7595,17.26,3,9,0,1.0188,0,8,1,5367.03
2506.56,3369.02,1.3441,0.1674,3345.53,-0.6973,7.08,229,32.357,1.2651,0.8502,29.3,3,1,1,1.0414,0,1,2,3680.8
1731.32,2027.53,1.1711,0.1805,1914.17,-5.5907,6.71,180,26.819,0.7326,0.4886,25.791,5,12,1,1.0641,0,2,1,2395.41
4987.06,7361.94,1.4762,0.1102,7384.0,0.2997,8.85,244,27.578,0.9568,0.8174,27.889,6,4,0,0.9989,0,2,1,6314.15
2417.82,3071.39,1.2703,0.1993,3120.72,1.606,0.98,39,39.95,1.7193,0.8784,35.657,4,10,1,1.0215,0,4,2,3627.45
2531.24,4439.37,1.7538,0.1247,3972.32,-10.5206,31.12,328,10.54,0.4259,0.7511,9.232,5,3,1,1.0877,0,2,0,3899.7
1236.31,2116.51,1.712,0.1802,2530.29,19.5502,8.59,422,49.122,1.0997,0.6431,56.144,5,2,0,0.9733,0,9,1,1811.11
4076.64,4840.51,1.1874,0.1701,5633.48,16.3819,17.52,393,22.435,1.4601,0.4978,16.606,3,4,0,0.9523,0,5,1,4961.61
3621.57,6740.12,1.8611,0.2546,6445.71,-4.3681,3.28,156,47.542,1.2427,0.8164,42.207,3,4,0,0.9567,0,1,0,5946.66
1493.46,2033.25,1.3614,0.2606,1833.19,-9.8391,8.45,167,19.773,2.8142,0.7417,21.596,2,9,0,0.9717,0,5,2,2231.29
870.71,1321.22,1.5174,0.1307,1219.24,-7.7182,5.15,157,30.488,0.4467,0.5206,25.16,2,10,1,1.0826,0,5,2,1237.37
3562.25,6119.03,1.7177,0.1733,7294.29,19.2067,5.59,129,23.065,0.5533,0.8071,24.065,5,12,1,1.0544,0,1,2,5336.9
3445.3,5219.65,1.515,0.1747,5025.61,-3.7174,2.37,81,34.121,1.0954,0.7997,30.071,2,6,0,1.0175,0,5,0,4648.52
1729.67,2637.91,1.5251,0.1303,3072.56,16.4772,15.5,155,9.998,1.5936,0.9194,12.057,4,6,0,0.9757,0,5,1,2222.53
4778.89,5762.3,1.2058,0.2597,4745.89,-17.6391,8.43,174,20.631,1.0291,0.6907,18.774,5,6,0,0.974,0,5,0,5495.72
1179.76,1759.29,1.4912,0.2414,1954.08,11.0719,65.97,287,4.351,1.9329,0.9361,3.645,3,6,0,0.9572,0,4,1,1493.55
2445.51,4402.21,1.8001,0.1381,4863.78,10.485,2.87,87,30.307,0.7493,0.9358,30.854,4,8,0,1.0051,0,6,1,3792.47
4746.27,9150.34,1.9279,0.1733,9702.97,6.0395,2.1,101,48.171,0.8725,0.8408,37.641,5,4,0,0.9616,0,4,2,8000.54
2388.77,3586.68,1.5015,0.1212,3043.11,-15.1553,76.01,247,3.249,1.4642,0.5522,3.829,4,1,1,1.0562,1,0,2,3056.3
3373.37,5093.95,1.51,0.2256,6074.83,19.256,6.15,205,33.322,0.8379,0.8281,36.921,1,11,1,1.0478,1,8,2,5354.16
2289.17,3999.72,1.7472,0.1243,3540.2,-11.4888,2.26,88,38.98,1.5975,0.8458,45.306,0,3,1,1.0561,0,2,0,3360.17
1733.97,3383.59,1.9514,0.2972,3667.42,8.3885,30.06,344,11.442,1.4154,0.8146,10.748,6,8,0,0.9815,1,1,2,2830.98
4927.9,6785.73,1.377,0.2561,7468.31,10.059,19.96,287,14.381,0.8121,0.7628,17.271,1,1,1,1.1182,1,9,0,5896.26
2342.0,3569.5,1.5241,0.178,3940.61,10.3968,37.69,410,10.877,1.1616,0.8039,10.835,5,5,0,0.9819,0,5,2,3008.91
4523.45,8262.42,1.8266,0.2157,9339.86,13.0402,19.84,309,15.573,0.7874,0.5453,11.786,5,2,0,0.9728,0,7,2,7348.72
1534.8,2560.41,1.6682,0.2823,3061.35,19.565,14.86,95,6.394,0.6401,0.9787,5.335,5,10,1,1.0392,0,1,2,2400.15
1458.97,1814.96,1.244,0.2108,1521.65,-16.1604,22.93,439,19.147,0.8223,0.9632,21.572,0,4,0,0.9886,0,3,0,1677.82
640.1,1077.66,1.6836,0.1349,1065.67,-1.1124,8.28,158,19.078,0.9142,0.9064,23.615,1,3,1,1.0709,0,1,1,907.39
3432.5,4492.23,1.3087,0.1757,5345.47,18.9936,2.79,113,40.556,1.0574,0.9493,30.705,6,1,1,1.0754,0,8,0,5225.98
2158.37,3418.17,1.5837,0.2686,3940.59,15.2834,0.57,23,40.247,0.9471,0.712,49.042,3,5,0,1.0176,0,9,0,3257.86
4389.61,7022.23,1.5997,0.2288,8400.33,19.6248,4.05,162,40.039,0.4158,0.9676,47.224,4,9,0,0.9711,0,1,0,6182.01
2629.44,4982.2,1.8948,0.2301,5146.48,3.2974,9.9,285,28.785,1.6412,0.8275,26.307,1,3,1,1.0498,0,9,1,4224.33
4856.87,7494.73,1.5431,0.2734,8012.92,6.914,20.74,352,16.968,0.4269,0.6285,18.895,1,1,1,1.1071,0,1,0,6246.4
1334.86,1852.16,1.3875,0.2788,1677.17,-9.4479,2.55,54,21.137,1.099,0.9025,17.167,3,1,1,1.0606,1,4,2,2076.83
4408.8,5935.67,1.3463,0.284,5836.73,-1.6668,3.8,63,16.569,0.6904,0.8306,19.685,4,1,1,1.0852,0,4,1,6691.22
3994.69,7562.4,1.8931,0.119,6113.29,-19.162,1.08,32,29.514,1.0758,0.8623,32.301,0,4,0,0.9533,0,6,0,6481.04
3969.15,5141.47,1.2954,0.2088,5593.35,8.7888,0.96,45,46.961,0.894,0.8194,45.237,1,5,0,0.9638,0,0,0,5480.65
4301.52,6503.85,1.512,0.2481,7611.79,17.0351,14.59,218,14.94,1.1899,0.8101,18.208,0,8,0,1.0159,1,1,1,5641.78
3924.61,5137.69,1.3091,0.2514,4340.63,-15.514,20.44,480,23.484,1.2972,0.8098,18.4,2,10,1,1.0498,0,5,0,4759.85
3317.99,5996.63,1.8073,0.2213,5887.2,-1.8249,8.7,288,33.101,1.6803,0.8358,39.968,5,11,1,1.0521,0,1,1,4981.49
1090.6,1693.94,1.5532,0.1334,1777.4,4.9267,4.6,195,42.39,1.4719,0.8844,30.281,1,7,0,1.0053,0,3,2,1602.74
646.37,936.25,1.4485,0.2595,985.75,5.2871,18.79,252,13.413,1.0209,0.873,15.451,4,10,1,1.0469,1,9,0,763.41
4643.82,6765.74,1.4569,0.244,6242.15,-7.7387,30.34,447,14.734,1.6026,0.3545,15.383,2,4,0,0.955,0,5,0,5580.89
3274.93,6138.46,1.8744,0.1172,4959.35,-19.2086,6.42,285,44.373,0.7754,0.8418,49.611,2,2,0,0.9741,1,6,2,5391.27
4084.42,6619.65,1.6207,0.1928,7646.53,15.5126,47.64,235,4.933,2.3174,0.9044,4.673,1,2,0,1.0073,0,9,0,5649.12
2666.85,4694.16,1.7602,0.1348,3927.65,-16.3289,2.54,78,30.667,0.7429,0.5145,37.373,6,2,0,0.9925,0,4,0,4020.03
1027.89,1965.82,1.9125,0.1675,1712.37,-12.8928,9.55,412,43.162,0.7907,0.8443,38.323,6,1,1,1.0366,0,7,1,1649.01
1063.34,2037.86,1.9165,0.1036,2415.1,18.5115,9.64,445,46.165,0.4031,0.9239,39.932,6,11,1,1.0425,0,5,0,1672.67
3585.04,5123.86,1.4292,0.1801,5124.63,0.0149,56.11,91,1.622,0.7161,0.8187,1.429,1,6,0,0.9558,0,4,2,4330.55
2436.38,4774.28,1.9596,0.21,5488.59,14.9615,4.97,95,19.114,0.875,0.8656,22.26,5,4,0,1.0096,0,3,0,4057.85
1402.36,1642.37,1.1711,0.2239,1903.14,15.8778,16.68,227,13.606,0.8727,0.6638,13.568,2,3,1,1.0306,0,5,1,1935.92
2712.18,3987.74,1.4703,0.2327,4768.45,19.5777,9.88,285,28.834,2.3197,0.8349,29.475,6,1,1,1.0993,0,5,2,4525.84
788.94,1508.0,1.9114,0.2673,1230.95,-18.3719,11.28,361,32.01,1.3398,0.9452,38.38,1,12,1,1.0878,0,5,2,1302.66
3118.87,4314.78,1.3834,0.1431,3543.29,-17.88,4.68,234,49.989,1.5992,0.9567,59.988,5,7,0,1.0022,0,0,2,3892.5
1710.47,2364.07,1.3821,0.1241,2071.61,-12.3711,3.87,101,26.125,1.0001,0.7662,20.823,4,9,0,1.0116,0,5,2,2317.24
4089.02,5754.18,1.4072,0.2703,6114.16,6.2559,8.96,251,28.022,0.7043,0.8783,28.859,4,12,1,1.0576,0,0,1,6098.18
1896.63,3168.25,1.6705,0.1313,2866.59,-9.5214,22.96,489,21.301,2.9726,0.8762,16.522,2,4,0,0.9751,0,4,1,2707.82
2548.49,3880.29,1.5226,0.295,3873.5,-0.175,16.88,139,8.236,0.9508,0.9174,10.057,1,1,1,1.0362,0,6,1,3278.85
552.29,976.3,1.7677,0.2685,1088.13,11.4543,20.3,322,15.863,1.3802,0.5876,19.07,5,3,1,1.0696,0,0,1,807.75
826.01,1578.24,1.9107,0.2002,1379.88,-12.5683,10.84,142,13.102,0.6227,0.8084,15.849,5,9,0,1.0146,0,0,0,1349.37
2266.22,3904.86,1.7231,0.2963,3570.42,-8.5646,5.94,239,40.26,0.5569,0.9306,45.208,2,1,1,1.0521,0,5,1,3260.46
2659.72,3520.93,1.3238,0.1195,3841.38,9.101,9.55,265,27.745,2.1126,0.87,27.194,4,1,1,1.0675,0,6,0,3751.99
3200.09,6217.07,1.9428,0.1606,4992.77,-19.6926,21.98,341,15.513,1.2414,0.5017,14.627,1,5,0,0.9805,0,5,2,5245.03
1812.48,2491.83,1.3748,0.2276,2748.37,10.2952,2.4,60,24.966,0.8947,0.8851,23.396,5,5,0,0.9738,1,4,0,2281.1
3627.42,4633.7,1.2774,0.17,4960.43,7.0511,1.88,22,11.724,0.91,0.6748,8.673,4,8,0,1.0041,0,5,0,4818.79
4370.55,5360.36,1.2265,0.2857,4566.14,-14.8166,0.99,10,10.071,0.596,0.7203,12.784,5,1,1,1.0825,0,2,0,6057.37
4009.33,6530.7,1.6289,0.1131,5861.59,-10.2457,0.35,15,43.137,0.7554,0.821,41.85,1,8,0,0.9567,0,8,1,5719.57
678.28,845.62,1.2467,0.2099,681.7,-19.3838,1.01,48,47.296,1.2372,0.9759,59.501,3,11,1,1.0468,0,4,1,1011.14
2662.28,3375.66,1.268,0.2182,3485.59,3.2565,74.18,365,4.921,1.0231,0.952,6.04,4,2,0,0.97,1,1,2,3179.62
972.19,1365.95,1.405,0.2305,1309.72,-4.1163,8.71,335,38.479,1.457,0.8501,46.066,0,1,1,1.0399,0,9,1,1390.76
1589.2,2208.05,1.3894,0.1511,2140.42,-3.0627,17.1,397,23.212,0.254,0.7623,24.442,5,11,1,1.0338,0,9,0,1838.07
4939.98,8218.17,1.6636,0.1729,6913.73,-15.8726,19.39,389,20.06,1.0911,0.6176,15.264,5,8,0,0.9525,1,6,1,7305.53
1141.23,2104.69,1.8442,0.2687,1980.36,-5.9076,4.86,169,34.781,1.4769,0.9573,31.106,1,10,1,1.046,1,2,1,1726.49
2745.0,4933.16,1.7971,0.139,5759.96,16.7599,28.48,400,14.046,0.3318,0.8685,14.919,3,2,0,1.0019,0,0,0,4198.6
3281.7,4506.14,1.3731,0.2654,3721.6,-17.4105,58.75,118,2.008,0.5963,0.8425,1.422,3,5,0,0.9957,0,2,2,3858.02
3661.09,4973.64,1.3585,0.2125,5918.55,18.9983,41.62,478,11.486,0.4853,0.7848,8.334,3,10,1,1.0494,0,8,1,4732.34
3018.42,5949.07,1.9709,0.2524,6777.2,13.9204,4.08,41,10.061,1.9122,0.9588,11.134,4,6,0,0.9946,0,4,2,4999.67
543.97,629.37,1.157,0.2427,554.6,-11.8804,3.37,9,2.668,1.0367,0.9038,3.29,5,3,1,1.1165,0,6,0,725.14
1969.08,3736.84,1.8978,0.1415,4043.89,8.2169,25.62,429,16.744,1.0731,0.6813,20.313,0,9,0,0.9848,0,2,1,3239.33
2829.7,3734.55,1.3198,0.2138,3123.5,-16.3621,19.26,467,24.251,1.7634,0.5417,19.423,3,9,0,1.0148,0,3,2,3508.66
895.4,1750.68,1.9552,0.2735,1512.35,-13.6134,1.3,48,37.056,0.9461,0.8402,46.199,5,8,0,0.976,0,0,2,1486.78
2077.82,2994.06,1.441,0.1864,2979.64,-0.4816,15.57,264,16.957,0.7226,0.7767,18.955,2,7,0,0.9634,1,2,0,2496.36
649.41,989.9,1.5243,0.2933,950.49,-3.9818,19.56,206,10.532,1.0894,0.9323,11.9,1,5,0,0.9538,1,6,1,854.98
853.6,1494.7,1.7511,0.1904,1683.05,12.6011,13.5,166,12.3,1.24,0.8554,10.854,1,10,1,1.0871,0,3,2,1484.04
2286.15,3771.05,1.6495,0.1286,4433.64,17.5702,0.02,1,44.668,0.5681,0.8993,50.457,5,2,0,0.9592,0,1,2,3258.66
1097.22,1558.33,1.4202,0.1779,1834.35,17.7126,6.07,67,11.031,2.1885,0.8563,12.42,6,3,1,1.1078,0,4,2,1794.72
3053.93,4949.68,1.6208,0.2903,4250.79,-14.1199,6.96,307,44.083,0.388,0.9213,46.587,0,5,0,0.9666,0,4,2,4412.03
3602.59,6380.55,1.7711,0.1639,6855.85,7.4491,20.56,471,22.908,1.1773,0.992,20.946,5,8,0,0.9733,0,1,2,5302.8
4102.64,4865.67,1.186,0.2736,5003.44,2.8315,4.47,209,46.786,2.3091,0.944,55.516,0,1,1,1.0457,0,5,2,5495.61
1400.68,1624.11,1.1595,0.2763,1539.81,-5.1908,6.57,138,20.997,1.0624,0.628,26.508,4,11,1,1.0248,1,9,2,1878.38
1253.67,1929.85,1.5394,0.17,2311.83,19.7931,3.71,36,9.706,0.3579,0.9015,11.861,2,1,1,1.0582,0,3,2,1882.29
970.56,1224.9,1.2621,0.1167,1203.36,-1.7582,7.78,217,27.902,2.1029,0.9579,23.6,6,7,0,0.9807,1,0,2,1138.99
3363.94,5768.12,1.7147,0.2449,6149.58,6.6133,15.27,455,29.798,0.7862,0.9089,28.826,1,1,1,1.0965,0,2,2,4871.08
3679.14,4900.41,1.3319,0.1623,4905.98,0.1137,8.62,277,32.139,1.4776,0.6894,29.1,3,3,1,1.0589,0,8,1,4794.54
642.14,974.72,1.5179,0.2566,819.89,-15.8838,8.46,179,21.163,1.233,0.9458,23.798,3,8,0,0.9722,0,9,0,828.74
4712.96,6211.77,1.318,0.1885,5320.01,-14.356,1.18,4,3.381,0.9919,0.5839,4.054,1,9,0,1.0159,1,6,0,5442.3
733.87,1186.09,1.6162,0.1971,1304.77,10.0057,4.07,129,31.709,0.3572,0.7704,26.302,2,5,0,0.9863,0,5,0,994.25
2935.83,3665.82,1.2486,0.2556,4108.18,12.0674,2.83,132,46.718,1.2257,0.9507,59.256,2,6,0,1.004,1,0,2,4245.55
3690.77,4316.88,1.1696,0.1765,4081.73,-5.4473,2.05,98,47.92,1.4464,0.81,53.019,5,8,0,0.9586,0,8,0,4861.89
4419.36,5274.34,1.1935,0.1886,4360.74,-17.3216,5.26,159,30.247,0.4491,0.5601,25.138,3,3,1,1.0988,0,8,2,5861.46
3713.39,7282.4,1.9611,0.1752,8613.64,18.2802,119.02,235,1.974,2.3101,0.7835,1.822,1,1,1,1.1186,0,0,1,5925.95
4107.78,5220.75,1.2709,0.1735,5214.64,-0.1171,23.56,146,6.196,0.8244,0.6845,4.726,3,9,0,1.0039,0,5,0,4723.94
2027.53,3552.64,1.7522,0.2052,3032.75,-14.6341,8.55,358,41.866,2.4799,0.7837,44.304,4,2,0,1.0071,0,6,1,3001.29
4166.71,5032.29,1.2077,0.2618,4425.32,-12.0616,2.74,114,41.657,1.3959,0.8576,33.389,1,12,1,1.0305,0,1,1,5818.29
860.52,1068.71,1.2419,0.1724,874.36,-18.1856,0.06,3,47.355,1.0119,0.6275,52.841,2,11,1,1.0864,0,9,2,1214.62
4526.67,7163.67,1.5825,0.2049,7765.0,8.3942,3.0,86,28.625,1.0538,0.6179,32.7,3,9,0,0.9796,0,7,0,6317.17
2964.17,4580.05,1.5451,0.2341,4953.96,8.1638,1.04,45,43.327,1.6363,0.9031,42.79,0,11,1,1.0606,0,7,1,5146.49
4177.84,8183.73,1.9588,0.1539,8519.28,4.1002,1.98,82,41.419,2.1468,0.875,31.325,0,2,0,0.9518,0,5,0,6993.94
2535.43,4951.98,1.9531,0.1555,5043.69,1.852,5.12,153,29.882,0.6151,0.8228,31.869,4,8,0,0.9842,0,8,1,4217.91
3396.1,6156.0,1.8127,0.2867,5864.18,-4.7404,7.74,305,39.398,0.7413,0.8518,36.377,0,3,1,1.0289,0,2,1,5112.3
2868.81,4767.35,1.6618,0.2447,5626.68,18.0253,39.25,281,7.16,2.2911,0.7519,9.091,4,9,0,0.9509,1,1,2,4008.06
3792.15,5827.46,1.5367,0.2154,6527.97,12.0208,10.09,326,32.321,0.6433,0.8566,32.577,4,10,1,1.0385,0,1,0,4999.35
867.33,1260.02,1.4528,0.2295,1465.47,16.3049,6.01,287,47.719,1.0111,0.8752,35.472,2,4,0,1.0128,0,5,2,1337.07
771.58,1508.47,1.955,0.1059,1394.82,-7.5336,12.31,110,8.936,0.7092,0.932,9.665,2,8,0,1.0175,0,6,2,1308.41
1611.96,2679.85,1.6625,0.2236,3192.54,19.1313,3.1,116,37.458,1.4472,0.9529,43.737,1,4,0,1.0014,0,5,2,2619.78
1217.95,2000.13,1.6422,0.2019,1732.4,-13.386,5.74,96,16.719,0.2918,0.6943,13.313,3,3,1,1.0756,0,2,2,1695.16
4423.03,5958.33,1.3471,0.2091,4900.78,-17.7491,10.4,427,41.038,1.4439,0.6635,39.784,6,1,1,1.0911,0,4,2,6548.97
1486.46,1768.43,1.1897,0.1719,1640.99,-7.2064,7.99,281,35.163,1.7864,0.7865,40.294,6,4,0,0.9897,0,7,1,1841.58
4891.39,9554.9,1.9534,0.1163,8413.23,-11.9485,4.05,188,46.383,1.3892,0.6576,33.038,5,2,0,0.9909,0,5,0,8363.2
2016.03,2856.06,1.4167,0.1387,2876.08,0.7009,2.42,87,35.885,0.6599,0.9326,25.743,0,9,0,0.9549,0,1,0,2442.69
1319.53,2013.87,1.5262,0.2901,1893.2,-5.992,14.5,306,21.105,0.1701,0.7482,23.345,3,2,0,0.9532,0,6,2,1769.82
4053.64,5056.69,1.2474,0.1817,4392.74,-13.1302,288.19,442,1.534,0.7127,0.7493,1.741,6,8,0,0.9602,1,7,0,4661.69
3464.18,6448.18,1.8614,0.1933,7336.12,13.7703,2.16,86,39.853,1.3853,0.6428,48.123,3,10,1,1.072,0,3,1,6018.49
2741.88,3217.56,1.1735,0.1105,3227.82,0.3188,20.03,421,21.015,0.9878,0.6814,19.749,6,10,1,1.1006,0,0,2,3672.1
2999.14,5575.07,1.8589,0.1075,4704.31,-15.6188,0.74,25,33.861,1.5518,0.9238,31.622,4,7,0,0.9914,1,1,1,4823.47
3736.41,4742.41,1.2692,0.2434,3936.83,-16.9867,61.64,379,6.148,0.8953,0.9135,6.341,0,6,0,0.9744,1,3,1,4296.87
1528.05,2908.76,1.9036,0.2076,2772.84,-4.6728,9.58,428,44.657,0.8729,0.6501,51.552,2,4,0,1.0108,0,6,2,2442.98
4983.5,8822.33,1.7703,0.2017,10262.07,16.3193,1.34,30,22.347,2.2257,0.898,24.238,3,3,1,1.0677,0,1,1,8894.31
4886.57,6303.53,1.29,0.1486,6323.7,0.32,2.71,125,46.065,0.7081,0.9584,41.292,4,12,1,1.0773,0,5,2,7313.14
3426.47,5588.38,1.6309,0.249,4781.72,-14.4346,5.53,197,35.644,1.3816,0.8254,32.362,2,12,1,1.0335,0,1,1,4997.82
1397.94,1979.15,1.4158,0.1336,1778.57,-10.1347,43.16,300,6.952,1.48,0.6861,8.049,4,11,1,1.1001,0,6,0,1730.74
3561.03,4634.67,1.3015,0.138,3799.47,-18.0208,1.02,30,29.381,3.273,0.9788,29.991,3,10,1,1.073,1,1,0,4846.14
824.89,1551.05,1.8803,0.1921,1756.93,13.2736,8.03,366,45.587,2.2884,0.9003,34.591,5,5,0,0.9862,0,2,0,1331.93
637.94,952.44,1.493,0.1573,1122.37,17.8421,7.86,316,40.199,1.3159,0.8804,31.829,3,2,0,0.9897,0,8,2,944.07
1659.57,2470.71,1.4888,0.1495,2053.47,-16.8874,20.06,431,21.481,1.426,0.8765,26.007,3,2,0,0.9758,0,3,1,2123.89
2581.8,3341.9,1.2944,0.229,2904.75,-13.0808,4.83,231,47.798,1.8794,0.8384,62.103,6,8,0,1.013,1,4,1,3264.19
4407.23,6503.33,1.4756,0.2302,5647.67,-13.1572,3.11,44,14.16,0.7256,0.7723,12.764,0,3,1,1.0604,0,8,0,5653.93
3772.26,7132.87,1.8909,0.2649,7999.39,12.1482,25.39,492,19.38,2.4126,0.8843,18.063,0,7,0,0.982,1,6,0,6181.61
3842.18,5604.43,1.4587,0.1835,6365.0,13.5709,8.35,315,37.736,0.9845,0.8485,29.913,5,11,1,1.0433,1,7,2,5466.54
2414.72,4730.11,1.9589,0.1146,4577.37,-3.2291,15.15,188,12.412,1.4062,0.9235,10.444,3,6,0,0.991,0,2,2,4070.38
2056.71,4019.55,1.9544,0.1547,4774.15,18.7732,1.94,51,26.253,1.1981,0.9146,25.066,0,8,0,0.9883,0,3,1,3446.88
2169.67,2762.35,1.2732,0.296,2496.59,-9.6209,1.39,51,36.711,0.6849,0.9141,31.962,4,3,1,1.0783,0,6,2,3250.79
4944.42,6431.28,1.3007,0.2193,6495.91,1.0048,10.17,331,32.554,0.8266,0.9924,36.489,4,1,1,1.0452,0,3,2,7452.56
680.49,1281.55,1.8833,0.2419,1535.96,19.8515,57.82,498,8.613,0.6712,0.8089,8.809,6,6,0,0.9586,0,1,2,1082.44
4401.64,6531.36,1.4838,0.1015,7385.94,13.0842,14.57,464,31.853,1.1159,0.6346,38.013,5,6,0,0.9624,0,9,0,5556.71
3104.04,3581.19,1.1537,0.2036,3562.83,-0.5126,10.91,317,29.063,0.4649,0.5827,32.978,5,8,0,0.9689,1,5,0,3577.55
2473.77,3420.71,1.3828,0.1075,2885.06,-15.659,14.43,409,28.334,0.6099,0.7024,22.012,1,10,1,1.1068,0,8,1,2844.83
3763.66,6240.09,1.658,0.2138,7249.37,16.1741,7.76,322,41.476,0.8012,0.6076,32.104,2,3,1,1.0976,1,1,2,5684.2
2690.01,4921.04,1.8294,0.2842,5003.96,1.685,7.79,78,10.011,0.9242,0.9005,12.387,4,9,0,0.9653,1,0,0,4104.05
4430.4,5597.29,1.2634,0.2937,5168.19,-7.6661,1.27,48,37.827,2.0708,0.8652,45.078,2,6,0,0.9956,1,7,2,6426.33
4553.16,5663.95,1.244,0.2081,5553.43,-1.9512,5.98,229,38.285,1.6446,0.8537,37.548,1,1,1,1.0723,0,0,1,6448.67
2397.74,4636.71,1.9338,0.1916,4286.04,-7.5629,9.42,343,36.41,0.943,0.8168,28.335,1,3,1,1.0669,0,0,2,3877.79
1745.73,3122.19,1.7885,0.289,3185.95,2.0422,14.35,370,25.792,2.4774,0.9197,31.961,5,4,0,0.9876,1,2,1,2681.33
3165.58,5227.36,1.6513,0.2347,4752.58,-9.0826,23.4,477,20.381,1.1827,0.8329,17.088,2,3,1,1.1034,0,4,1,4454.3
4605.64,8307.68,1.8038,0.113,8128.18,-2.1607,2.11,43,20.339,1.4008,0.4712,14.671,3,6,0,0.9883,0,8,0,7445.65
1447.98,2193.0,1.5145,0.1931,2128.32,-2.9496,7.87,291,36.957,0.3885,0.8085,46.364,2,7,0,0.975,1,9,2,1890.83
3303.35,5928.48,1.7947,0.148,6203.73,4.6428,17.17,436,25.397,0.6245,0.8499,30.105,4,12,1,1.0651,0,1,0,5092.27
3342.02,4899.51,1.466,0.194,3947.37,-19.4334,13.99,246,17.583,1.6885,0.8238,19.624,2,11,1,1.1078,1,0,2,4345.73
3799.01,5157.08,1.3575,0.1911,5360.79,3.95,13.49,427,31.648,1.3873,0.8919,22.8,4,2,0,0.9943,0,0,2,5262.56
1092.05,1932.57,1.7697,0.2164,2004.55,3.7246,5.19,218,42.014,2.4537,0.6725,42.73,4,6,0,0.9945,0,7,1,1678.65
3721.21,5606.83,1.5067,0.1714,5365.26,-4.3085,5.23,21,4.014,2.3602,0.7832,4.384,4,4,0,0.9665,0,9,1,5181.45
4590.65,9108.63,1.9842,0.1329,8186.47,-10.124,2.65,129,48.635,0.7669,0.9546,56.203,3,12,1,1.0967,0,9,2,7748.59
1308.57,1893.59,1.4471,0.2007,2150.55,13.5701,1.05,6,5.736,1.7781,0.6217,5.636,3,1,1,1.1135,0,9,0,2244.64
1568.94,3033.51,1.9335,0.266,2845.17,-6.2087,10.39,271,26.075,0.6118,0.8075,33.168,1,12,1,1.0946,0,1,1,2497.99
4871.28,9464.98,1.943,0.2328,8752.19,-7.5308,16.56,471,28.45,0.452,0.6061,24.094,0,2,0,0.9657,0,8,1,8156.33
1314.4,1781.76,1.3556,0.1677,1755.51,-1.4733,44.9,349,7.772,1.173,0.7782,5.766,3,5,0,0.9722,0,8,2,1511.56
4344.73,7944.29,1.8285,0.2871,7238.81,-8.8804,0.94,43,45.864,1.4662,0.3684,41.262,6,12,1,1.0682,0,1,2,8584.8
2715.25,4122.06,1.5181,0.2824,4667.43,13.2305,9.92,239,24.102,1.1822,0.7356,26.442,6,9,0,0.969,0,2,1,3673.82
1612.54,3112.03,1.9299,0.1419,3192.88,2.5979,45.55,365,8.013,1.613,0.6108,9.153,3,5,0,0.9926,0,1,0,2601.08
4418.37,6771.63,1.5326,0.1079,7460.65,10.1752,1.78,64,35.869,0.7477,0.8967,41.002,1,8,0,0.9572,0,5,1,5845.08
2503.87,4463.55,1.7827,0.2483,4901.66,9.8153,7.31,245,33.507,1.6643,0.8472,25.68,1,12,1,1.1092,1,6,2,4005.84
2816.68,4357.18,1.5469,0.2655,4859.49,11.5283,9.84,474,48.18,0.7711,0.6332,59.313,1,10,1,1.0378,1,5,1,3849.63
2116.55,2843.86,1.3436,0.2936,3263.85,14.7682,3.18,72,22.634,3.3016,0.8017,19.658,6,2,0,1.0075,0,2,2,3251.55
3168.28,4180.38,1.3194,0.278,4881.79,16.7786,4.96,70,14.122,1.5342,0.7971,11.664,2,5,0,1.0043,0,2,1,4738.25
1235.86,1868.14,1.5116,0.2201,1781.17,-4.6556,49.75,196,3.94,2.2005,0.678,4.21,4,1,1,1.0586,0,1,2,1861.94
2259.87,4050.07,1.7922,0.206,3958.89,-2.2513,5.09,188,36.923,0.5367,0.8719,30.539,6,2,0,0.9548,0,1,2,3512.17
4862.36,8092.47,1.6643,0.1056,6636.02,-17.9976,5.02,157,31.247,0.8103,0.8392,31.397,3,11,1,1.0541,0,4,0,6944.38
1661.6,2883.43,1.7353,0.1493,3374.43,17.0283,8.73,425,48.658,0.9581,0.9171,45.944,5,3,1,1.0734,1,7,2,2438.9
3455.31,4802.81,1.39,0.1919,4970.23,3.4858,13.2,474,35.896,0.5594,0.7239,30.125,4,8,0,1.0029,0,5,1,4236.2
1963.36,3061.3,1.5592,0.2257,3321.29,8.4926,7.04,329,46.725,2.2419,0.854,40.895,0,12,1,1.0636,0,8,2,3271.14
3980.63,4727.94,1.1877,0.2115,4606.91,-2.5598,0.48,24,49.587,1.0288,0.804,47.428,1,10,1,1.0593,1,4,1,5625.46
1088.93,2008.97,1.8449,0.2485,1987.96,-1.0461,15.32,337,21.993,0.4701,0.8321,19.963,0,3,1,1.0209,1,9,0,1740.16
4864.19,9686.6,1.9914,0.156,9853.89,1.7271,8.37,70,8.364,0.7801,0.8949,7.77,5,12,1,1.1149,0,3,1,8144.59
2542.05,3802.52,1.4958,0.213,4251.76,11.8143,29.44,312,10.597,0.5703,0.9443,12.094,5,4,0,0.9719,0,8,0,3302.51
1562.23,1811.12,1.1593,0.1176,1892.96,4.5187,13.37,222,16.6,1.4515,0.8173,13.297,5,4,0,0.9647,0,9,0,1813.85
830.74,1075.24,1.2943,0.1827,1209.09,12.4484,6.13,159,25.936,1.3546,0.8788,27.922,6,9,0,0.9918,0,4,2,1254.59
1263.91,2154.52,1.7046,0.25,1910.36,-11.3326,43.58,305,6.999,1.3824,0.8656,7.747,1,4,0,0.9517,0,0,0,1875.09
2838.98,4741.86,1.6703,0.2387,4183.91,-11.7664,31.17,492,15.784,1.6329,0.967,18.645,1,9,0,1.0173,0,4,1,3962.69
2016.51,3669.42,1.8197,0.2981,3239.09,-11.7275,4.6,74,16.082,3.0,0.8614,19.433,0,11,1,1.0816,0,4,0,3348.98
4229.98,5777.31,1.3658,0.1556,4633.04,-19.8062,114.15,137,1.2,2.4775,0.4851,0.954,4,8,0,0.9707,0,4,0,5027.32
2438.99,4387.96,1.7991,0.1996,3824.66,-12.8375,22.07,405,18.354,0.7994,0.9064,14.371,5,4,0,0.9606,0,1,2,3811.09
1619.21,2808.99,1.7348,0.1659,2380.62,-15.2501,71.43,478,6.691,2.9,0.9584,7.152,0,3,1,1.102,0,5,1,2375.1
3277.15,4667.95,1.4244,0.1881,4581.6,-1.8498,1.81,40,22.056,0.9047,0.9328,25.456,2,2,0,0.9773,0,4,0,4241.15
3680.5,5939.09,1.6137,0.2714,5053.55,-14.9104,28.41,302,10.63,1.0539,0.9932,9.178,3,8,0,0.9715,0,1,2,4978.43
1251.69,1596.13,1.2752,0.2368,1542.41,-3.3659,9.62,397,41.284,1.0362,0.7508,41.924,3,8,0,0.9593,0,9,2,1639.4
1254.29,1924.93,1.5347,0.2765,2309.53,19.9801,78.05,386,4.946,1.3942,0.8405,5.754,6,1,1,1.0558,0,7,1,1890.49
665.02,1262.89,1.899,0.1407,1264.59,0.1347,10.85,471,43.417,0.3932,0.7877,50.386,4,7,0,1.0074,0,5,2,1026.22
3813.81,5751.27,1.508,0.2747,6728.18,16.9859,11.31,333,29.446,1.0125,0.6859,32.163,4,8,0,1.0056,1,9,0,4896.37
3487.12,6498.71,1.8636,0.112,7023.57,8.0763,13.12,308,23.473,1.1591,0.874,17.541,4,7,0,0.9901,1,2,2,5575.56
2635.84,4353.66,1.6517,0.2777,5040.35,15.7728,0.54,15,27.937,0.4307,0.9662,20.405,0,11,1,1.1027,1,8,1,4407.56
4298.77,5644.69,1.3131,0.1658,5928.24,5.0232,19.25,374,19.429,0.4267,0.9002,18.129,0,12,1,1.0247,0,3,1,4943.58
4125.52,6782.1,1.6439,0.1629,7623.34,12.4038,25.92,188,7.253,0.6618,0.7423,5.193,6,3,1,1.1145,1,2,2,5833.14
3134.09,4952.14,1.5801,0.2024,4561.51,-7.888,0.7,27,38.528,0.6906,0.721,47.871,5,4,0,1.0148,0,6,0,4196.7
4407.22,6561.67,1.4888,0.2881,6225.47,-5.1236,3.49,162,46.468,1.0217,0.8378,33.089,0,5,0,0.985,1,7,2,5631.39
1426.29,1785.26,1.2517,0.1096,2113.93,18.4104,10.24,487,47.553,0.9356,0.7817,34.132,1,1,1,1.1127,1,6,1,1834.05
1003.64,1509.68,1.5042,0.1704,1369.3,-9.2986,11.37,385,33.865,1.7986,0.7314,27.065,0,10,1,1.1128,1,0,2,1446.59
1713.87,2076.95,1.2118,0.2713,2011.63,-3.1451,14.97,316,21.107,0.827,0.9199,22.716,3,3,1,1.0333,0,0,2,2375.6
756.89,933.97,1.234,0.1792,990.44,6.0464,17.96,439,24.44,0.8347,0.4434,25.049,3,6,0,1.0153,0,4,0,870.42
2890.26,4345.59,1.5035,0.1398,4158.57,-4.3039,14.49,481,33.191,1.6519,0.6729,36.367,1,3,1,1.047,1,7,2,3790.68
4714.73,6645.76,1.4096,0.185,5372.28,-19.1622,1.31,54,41.331,0.3862,0.8499,51.09,0,5,0,0.9943,0,9,0,5678.83
677.05,1311.24,1.9367,0.1771,1464.52,11.6892,14.11,273,19.354,2.4274,0.7627,18.831,0,4,0,0.9668,1,2,2,1114.34
1049.49,1542.07,1.4693,0.2831,1440.7,-6.574,9.89,454,45.922,0.4671,0.6762,33.355,6,2,0,0.972,1,7,2,1297.85
2534.9,4548.06,1.7942,0.2524,4052.62,-10.8934,18.0,304,16.889,1.666,0.8663,19.56,2,4,0,0.9922,1,2,0,3857.41
4702.44,7527.24,1.6007,0.201,7544.0,0.2226,3.74,101,27.012,1.5251,0.7287,32.068,2,4,0,0.9675,0,3,0,6433.58
1922.7,3361.79,1.7485,0.2977,2700.77,-19.6627,0.85,41,48.107,2.1872,0.9821,35.115,6,11,1,1.0696,0,9,1,3523.13
2782.56,3815.16,1.3711,0.1931,4370.48,14.5557,5.58,262,46.972,0.6996,0.9885,39.724,3,3,1,1.0261,0,6,0,3774.1
687.08,1340.23,1.9506,0.1116,1212.29,-9.546,11.03,387,35.092,1.0213,0.8016,40.789,4,11,1,1.1005,1,2,2,1106.45
1167.54,1868.74,1.6006,0.1525,2184.74,16.9099,10.06,170,16.903,0.5622,0.7966,15.647,6,8,0,0.9942,0,3,1,1593.4
4939.84,9171.42,1.8566,0.1872,9823.54,7.1103,17.64,207,11.733,0.9698,0.8937,11.54,5,6,0,1.0007,0,7,0,7750.95
4843.03,7072.23,1.4603,0.1314,7209.85,1.946,63.73,314,4.927,0.9501,0.6049,5.882,6,1,1,1.1138,1,3,0,5964.85
522.23,645.05,1.2352,0.2895,724.07,12.2502,1.34,48,35.724,2.1745,0.6956,27.035,3,9,0,1.0015,0,8,1,729.34
4783.15,8239.72,1.7227,0.2534,9865.44,19.7303,2.3,59,25.669,1.3084,0.8655,28.4,5,3,1,1.0233,0,3,2,9511.78
3376.04,3904.71,1.1566,0.1537,3516.13,-9.9516,0.17,5,29.042,0.9832,0.6925,24.076,1,4,0,0.9873,0,3,2,4558.3
4405.63,6846.35,1.554,0.2182,6449.52,-5.7962,6.09,147,24.147,0.9769,0.6661,17.811,0,10,1,1.0472,0,4,1,6180.54
2546.33,3345.58,1.3139,0.2443,3324.73,-0.623,11.6,286,24.664,0.7949,0.5444,27.069,6,10,1,1.0399,0,0,2,3847.55
2820.18,4747.13,1.6833,0.2883,4822.09,1.5791,7.24,210,28.992,0.8873,0.9091,22.407,2,12,1,1.0961,0,6,0,4119.52
2699.81,5352.39,1.9825,0.2763,5465.8,2.1188,8.1,371,45.799,1.0419,0.8,52.586,5,7,0,1.0123,0,8,2,4612.97
3500.89,5407.97,1.5447,0.203,5513.91,1.9589,61.09,149,2.439,2.6365,0.8092,2.004,3,5,0,0.9753,1,8,0,4607.45
1128.43,2081.81,1.8449,0.2549,2355.15,13.1297,2.09,84,40.28,1.2225,0.7995,29.369,5,4,0,1.0093,0,0,2,2063.08
634.88,1004.14,1.5816,0.2124,965.82,-3.816,23.09,465,20.135,0.5959,0.7619,15.294,6,2,0,0.9693,0,5,0,857.6
1885.68,2963.29,1.5715,0.2105,2383.63,-19.5612,4.24,159,37.501,3.6841,0.9695,45.18,1,5,0,1.0012,1,2,1,2536.48
3671.06,7125.02,1.9409,0.1229,8195.75,15.0277,0.97,46,47.478,1.6774,0.5323,43.802,4,8,0,0.9907,0,3,0,5916.85
1408.34,2684.96,1.9065,0.1252,2859.22,6.4901,10.06,161,16.008,1.6258,0.9049,14.109,6,2,0,0.9523,0,7,2,2264.62
3530.45,6418.11,1.8179,0.2059,5620.93,-12.4207,92.42,498,5.388,0.8976,0.8975,5.36,3,1,1,1.1137,0,3,0,5268.64
4864.6,6819.29,1.4018,0.1538,5536.17,-18.816,12.44,154,12.383,1.49,0.805,13.37,0,11,1,1.1198,0,7,2,7535.1
922.55,1488.32,1.6133,0.1042,1378.64,-7.3688,19.27,229,11.883,1.1643,0.7767,8.582,0,6,0,0.9645,0,3,2,1275.27
3526.71,4726.89,1.3403,0.2446,4016.82,-15.0221,8.01,299,37.351,0.5068,0.8937,46.274,2,1,1,1.0449,0,8,0,4524.24
2496.88,3813.55,1.5273,0.1065,4418.88,15.873,38.95,157,4.031,1.2546,0.642,5.14,6,9,0,0.9995,0,5,2,3140.21
4406.64,6881.33,1.5616,0.2191,6269.9,-8.8853,45.77,160,3.496,0.5339,0.9127,3.322,1,8,0,0.9743,0,0,1,5509.25
1297.17,2408.71,1.8569,0.2078,2606.87,8.2266,11.72,410,34.987,1.1607,0.8911,33.153,4,4,0,0.9984,0,9,2,2041.57
3616.82,6913.99,1.9116,0.2938,7350.93,6.3196,8.7,246,28.279,1.2161,0.7623,34.703,6,7,0,0.995,0,1,1,5940.28
4271.52,6417.65,1.5024,0.1968,6966.93,8.559,2.56,55,21.471,0.6337,0.5177,20.56,6,10,1,1.0611,1,6,1,5839.01
4750.76,5534.87,1.165,0.1127,5601.38,1.2017,5.14,150,29.193,1.0605,0.6135,35.432,4,4,0,0.993,0,9,2,6180.36
3574.62,6729.24,1.8825,0.2103,7347.47,9.1872,8.05,298,37.027,1.3461,0.6006,26.549,1,6,0,0.9693,0,6,1,5737.77
2737.29,3553.37,1.2981,0.2682,3570.99,0.4957,76.77,466,6.07,0.7739,0.6883,6.032,2,10,1,1.07,0,2,1,3553.71
3280.31,5506.33,1.6786,0.2994,5236.76,-4.8957,1.89,53,28.111,1.2568,0.6126,35.742,0,7,0,0.9962,0,0,0,4956.47
4410.07,5165.19,1.1712,0.1861,5905.75,14.3376,5.36,222,41.396,1.8892,0.7893,35.257,4,9,0,0.9572,0,7,1,6095.41
3067.74,4569.65,1.4896,0.1641,4494.21,-1.651,13.49,253,18.759,1.5236,0.7959,16.127,1,11,1,1.0783,0,9,1,4293.69
636.74,1265.88,1.9881,0.2813,1300.34,2.7215,1.75,67,38.388,0.8565,0.8489,41.385,2,2,0,0.9506,0,9,1,1097.91
4689.27,5794.01,1.2356,0.1382,5712.91,-1.3998,1.23,52,42.426,2.068,0.8852,53.274,0,10,1,1.0908,0,6,1,6715.54
3602.87,5440.84,1.5101,0.2231,6040.41,11.0199,11.3,466,41.226,1.4571,0.7214,33.774,1,8,0,1.005,0,9,1,4929.6
3544.31,5001.3,1.4111,0.1811,5080.82,1.5902,7.42,244,32.867,0.9189,0.9292,41.183,2,9,0,0.9857,0,7,2,4547.83
1470.54,2822.44,1.9193,0.1082,2789.45,-1.1688,13.42,485,36.15,0.7346,0.847,39.685,3,4,0,0.97,1,0,1,2385.1
3464.98,6545.14,1.8889,0.1695,5911.12,-9.687,0.98,39,39.596,1.3626,0.5951,51.31,6,8,0,1.0087,0,2,2,5567.39
2272.39,3072.37,1.352,0.153,3578.13,16.4617,11.99,443,36.952,1.7206,0.7692,42.194,6,11,1,1.0711,1,1,2,3342.66
3430.55,4181.87,1.219,0.2372,4789.36,14.5268,14.74,341,23.132,1.763,0.6783,25.461,6,10,1,1.0211,0,0,2,4944.83
979.67,1648.85,1.6831,0.2898,1603.67,-2.7403,44.56,392,8.797,1.3609,0.6901,10.459,6,5,0,1.0191,1,4,0,1382.09
3460.3,4968.7,1.4359,0.1536,5286.14,6.3888,21.64,350,16.177,0.8433,0.9253,13.024,1,9,0,1.007,0,2,0,4299.5
4997.36,8601.82,1.7213,0.2623,8629.73,0.3245,12.28,137,11.155,1.3285,0.7758,14.14,4,2,0,1.0095,0,9,2,7377.42
716.95,844.07,1.1773,0.1111,734.74,-12.9527,14.16,265,18.711,0.6502,0.641,14.957,1,12,1,1.0738,0,7,0,824.5
4897.28,6187.18,1.2634,0.2076,5880.36,-4.9588,16.54,413,24.977,1.1561,0.5383,17.869,0,1,1,1.0418,0,5,1,6057.49
2331.09,4040.74,1.7334,0.1141,4611.65,14.1287,2.85,137,47.993,2.4575,0.8039,53.691,1,10,1,1.084,0,9,2,4478.31
4418.39,5878.74,1.3305,0.2868,6578.16,11.8975,9.18,441,48.014,0.6043,0.9535,38.927,6,6,0,0.9727,0,8,2,6073.84
4020.73,7554.76,1.8789,0.2533,6353.52,-15.9003,7.52,291,38.71,0.7582,0.8287,44.72,5,4,0,0.9529,0,8,2,6512.46
3051.57,3661.28,1.1998,0.2316,3039.34,-16.9871,4.26,209,49.027,1.6054,0.918,57.706,0,6,0,0.9524,0,5,0,3666.33
3823.02,5096.7,1.3332,0.2648,5817.41,14.1407,3.43,171,49.903,0.6452,0.8308,42.019,2,7,0,1.0185,0,1,0,5331.29
4453.32,8901.19,1.9988,0.2295,10322.92,15.9723,4.15,184,44.378,2.1541,0.5437,33.373,3,9,0,0.9804,0,8,0,7527.31
2318.63,3519.95,1.5181,0.2938,3230.23,-8.2307,60.87,298,4.896,1.6292,0.9558,4.898,0,1,1,1.1182,0,1,1,3493.55
1971.65,3445.5,1.7475,0.2428,3237.78,-6.0285,10.93,239,21.876,1.6635,0.8891,26.998,6,12,1,1.0387,0,2,0,2929.62
3504.17,4573.87,1.3053,0.2849,4273.46,-6.5679,7.73,210,27.172,1.7664,0.8545,32.834,2,3,1,1.0403,0,5,2,5197.55
4135.31,6899.3,1.6684,0.2034,5869.84,-14.9213,51.13,362,7.08,0.524,0.9119,5.453,2,2,0,1.0117,0,1,0,5813.63
3930.28,6945.56,1.7672,0.1234,7626.25,9.8004,3.69,150,40.623,0.5823,0.697,51.951,3,5,0,0.981,0,4,0,5978.27
4090.16,5797.01,1.4173,0.2056,5495.76,-5.1966,46.71,387,8.285,1.9349,0.7516,7.112,4,10,1,1.0308,0,1,0,5202.28
2460.12,4562.46,1.8546,0.1254,5176.06,13.4491,19.97,395,19.783,0.8577,0.8586,17.995,4,8,0,0.9682,0,3,0,3999.45
4180.25,6951.36,1.6629,0.2185,8003.86,15.1408,28.1,123,4.377,0.9645,0.864,3.455,1,12,1,1.078,1,2,2,6045.56
1040.94,1541.38,1.4808,0.1965,1795.89,16.5117,1.8,48,26.705,1.4247,0.727,24.747,4,5,0,1.0047,0,4,0,1578.67
2950.2,4791.11,1.624,0.2245,5400.43,12.7177,13.45,407,30.255,1.0786,0.8421,32.717,1,8,0,0.981,0,5,2,4105.56
525.91,862.63,1.6402,0.102,962.32,11.5564,10.7,396,37.024,1.7166,0.9708,37.159,0,3,1,1.0358,0,6,0,742.12
1960.64,2530.6,1.2907,0.139,2479.47,-2.0205,6.98,123,17.634,1.3354,0.806,21.099,6,12,1,1.049,0,9,1,2770.16
2149.08,3207.12,1.4923,0.1983,2600.26,-18.9221,2.24,67,29.936,0.9058,0.7921,32.474,5,10,1,1.0543,0,7,1,3249.3
2282.78,3291.57,1.4419,0.2901,2780.8,-15.5175,12.82,474,36.973,0.9536,0.7843,31.728,5,1,1,1.1089,1,8,2,3595.44
3629.6,5410.89,1.4908,0.1767,5477.72,1.235,9.31,357,38.34,1.1379,0.886,39.661,5,4,0,0.9923,1,3,2,4496.92
2248.51,4040.45,1.7969,0.1849,3814.23,-5.599,14.57,230,15.78,1.2153,0.8579,11.654,5,3,1,1.0328,0,3,1,3454.45
2519.12,3930.23,1.5602,0.2429,4447.57,13.1633,105.39,455,4.317,1.4954,0.8084,4.527,0,8,0,1.0127,0,6,1,3263.83
1568.95,3058.3,1.9493,0.2208,3135.54,2.5256,121.34,345,2.843,1.0863,0.8872,2.655,1,11,1,1.1083,1,9,0,2684.89
2179.63,3050.67,1.3996,0.1598,2561.14,-16.0467,10.79,417,38.635,0.9586,0.7923,29.325,6,8,0,0.9768,0,9,1,2568.75
1522.71,2289.17,1.5033,0.1822,2269.51,-0.8588,0.4,8,19.887,0.9139,0.7394,17.589,3,8,0,0.9955,0,8,2,2151.35
829.38,1508.57,1.8189,0.1435,1702.86,12.8785,35.04,265,7.563,0.8057,0.8879,9.37,3,3,1,1.1113,0,1,2,1308.57
3215.52,5190.24,1.6141,0.2932,5944.03,14.5232,12.35,124,10.04,2.2309,0.9126,10.558,4,8,0,1.0057,0,5,1,5309.04
3506.96,5663.65,1.615,0.1261,4907.11,-13.3577,9.6,370,38.541,0.6462,0.7657,47.867,6,6,0,0.9979,1,9,2,4808.35
3287.71,3929.92,1.1953,0.1744,3301.61,-15.988,10.54,320,30.346,0.5325,0.9018,28.722,0,8,0,1.0148,0,9,0,3891.19
2585.72,3849.65,1.4888,0.1052,3675.63,-4.5204,4.34,111,25.569,1.5616,0.8103,32.916,0,9,0,0.9517,0,7,0,3294.22
2209.04,3048.74,1.3801,0.1444,2518.89,-17.3794,15.76,497,31.527,1.2721,0.8568,28.879,5,1,1,1.106,0,4,1,2754.45
4385.0,8767.52,1.9994,0.2561,9561.37,9.0544,42.26,327,7.737,2.8072,0.674,8.93,3,1,1,1.0201,0,4,2,7341.48
2835.87,4004.53,1.4121,0.1402,3920.49,-2.0987,19.78,329,16.633,0.9591,0.8853,14.691,6,12,1,1.0474,0,7,1,3261.25
2656.32,5051.85,1.9018,0.116,4442.03,-12.0711,2.74,53,19.329,0.9856,0.897,14.76,2,4,0,0.9695,0,0,2,4567.2
615.39,1061.42,1.7248,0.1949,892.64,-15.9012,25.96,426,16.41,0.6624,0.7545,19.69,3,1,1,1.1122,1,5,2,909.16
2035.62,2930.84,1.4398,0.102,3431.84,17.0941,11.44,496,43.356,1.0517,0.7251,50.187,3,9,0,1.0113,1,9,2,2450.57
2210.88,3563.95,1.612,0.117,2912.54,-18.2776,14.99,442,29.49,0.4203,0.8533,35.163,2,9,0,0.9814,0,8,0,2983.61
2294.7,4278.37,1.8645,0.2615,3590.2,-16.0849,2.4,88,36.737,0.3891,0.7865,32.322,4,11,1,1.0716,1,5,2,3709.64
3110.78,5913.16,1.9009,0.2543,5284.56,-10.6306,7.46,94,12.599,0.7621,0.8811,14.138,1,7,0,0.9884,1,6,0,4994.95
2901.21,3731.93,1.2863,0.283,3126.86,-16.2132,25.68,358,13.94,1.0337,0.8212,11.597,4,2,0,0.9685,0,3,2,3336.39
3235.57,4654.82,1.4386,0.2709,4923.46,5.7714,20.68,249,12.041,0.7457,0.824,8.511,5,4,0,0.984,0,9,1,4028.98
3941.97,5656.5,1.4349,0.2366,5018.94,-11.2712,12.73,442,34.711,0.7488,0.9488,42.344,2,12,1,1.0755,0,0,0,4827.52
4158.44,4930.82,1.1857,0.1105,4891.23,-0.8028,24.86,450,18.103,0.4704,0.9071,18.359,6,4,0,0.9835,0,8,0,4782.2
3731.55,6188.79,1.6585,0.2566,7080.58,14.4097,15.16,316,20.849,1.3713,0.6333,26.899,6,10,1,1.0926,0,5,0,5289.36
4799.86,9007.4,1.8766,0.2691,10177.54,12.9909,13.6,486,35.747,0.7002,0.9086,33.281,2,5,0,0.9548,0,2,1,7603.47
582.05,858.13,1.4743,0.2598,736.71,-14.1502,3.39,165,48.618,2.2928,0.9237,61.946,4,12,1,1.0861,0,3,0,882.85
1381.0,2456.84,1.779,0.2017,2052.67,-16.4507,25.3,226,8.932,0.966,0.8336,9.548,5,5,0,0.9796,0,9,1,2077.34
534.03,899.07,1.6835,0.1466,958.14,6.5701,33.16,135,4.071,0.5911,0.9703,4.101,6,8,0,1.003,0,5,2,779.6
3413.64,5015.66,1.4693,0.2691,4434.46,-11.5878,36.31,383,10.547,0.3157,0.968,9.3,5,3,1,1.0997,0,5,2,4829.86
4541.14,5766.79,1.2699,0.2454,6416.03,11.2581,1.73,64,37.013,0.5411,0.774,44.237,1,7,0,1.0121,1,8,1,5909.52
1595.67,2797.09,1.7529,0.2962,2723.79,-2.6205,0.38,4,10.537,0.9688,0.7946,12.615,4,1,1,1.0791,0,3,0,2716.61
4671.66,8765.8,1.8764,0.1311,7554.44,-13.8192,4.02,119,29.633,0.3048,0.8569,28.156,0,1,1,1.0388,0,4,0,7275.19
771.2,1336.48,1.733,0.1451,1589.99,18.9686,12.36,370,29.926,0.6728,0.7865,34.007,0,3,1,1.0421,0,4,1,1135.14
4704.96,5482.21,1.1652,0.1424,4507.72,-17.7754,14.13,218,15.427,0.7664,0.6568,14.938,0,1,1,1.0908,1,2,2,5485.04
2082.3,2777.37,1.3338,0.2585,2359.98,-15.0282,83.34,364,4.368,0.6907,0.9461,4.996,1,11,1,1.0607,0,1,1,2438.89
956.39,1156.34,1.2091,0.1374,1300.66,12.4815,23.0,473,20.561,0.7466,0.9506,26.657,6,1,1,1.1089,1,7,0,1099.85
2686.42,4391.84,1.6348,0.1133,4308.72,-1.8926,4.14,42,10.152,0.7924,0.8035,8.706,6,3,1,1.0687,1,9,0,3726.01
1655.49,2968.31,1.793,0.2997,3488.42,17.5221,18.63,187,10.039,0.6753,0.8945,10.847,1,11,1,1.0269,0,8,0,2577.46
1781.93,2216.7,1.244,0.105,1873.55,-15.4804,0.94,25,26.607,2.0854,0.7076,24.689,2,9,0,1.0101,1,9,0,2129.73
1882.8,3506.89,1.8626,0.267,3025.72,-13.7207,7.83,266,33.983,0.7346,0.7332,34.969,3,5,0,0.9509,0,8,2,2907.71
4113.62,6673.04,1.6222,0.1731,5343.3,-19.927,34.29,161,4.695,0.2687,0.6577,5.749,1,12,1,1.1194,0,4,2,5624.58
2926.23,5081.31,1.7365,0.2683,4506.34,-11.3154,7.91,232,29.338,0.4413,0.5205,26.655,5,4,0,0.9999,1,8,2,4324.65
1900.88,3755.56,1.9757,0.2109,3991.8,6.2904,9.87,129,13.064,1.3512,0.9419,9.712,3,7,0,0.9693,0,3,0,3252.45
3246.5,3964.4,1.2211,0.2803,4318.55,8.9332,0.59,20,33.992,1.2526,0.8652,40.088,6,2,0,0.9866,0,1,0,4473.33
3722.68,7132.8,1.916,0.2852,6932.91,-2.8024,9.09,370,40.701,0.7691,0.7394,42.044,0,6,0,1.003,0,2,0,6331.2
1726.81,2170.92,1.2572,0.1018,1960.22,-9.7057,10.09,409,40.544,0.4938,0.8376,39.313,0,10,1,1.0739,0,0,1,1985.83
2360.97,3503.72,1.484,0.1151,3806.9,8.6532,6.64,127,19.123,1.4272,0.6964,15.49,3,1,1,1.1118,1,4,0,3128.07
1048.49,1964.57,1.8737,0.1501,1707.3,-13.0956,2.6,75,28.796,0.4522,0.6851,21.762,6,4,0,1.0071,0,0,2,1632.92
1315.17,2525.55,1.9203,0.2339,2795.36,10.6834,1.8,72,39.891,1.2054,0.8763,34.595,4,6,0,1.0194,0,0,2,2223.97
3565.03,5634.23,1.5804,0.2777,6280.12,11.4636,58.3,232,3.98,0.8069,0.8957,4.502,2,10,1,1.107,1,6,2,5115.75
1316.47,2178.75,1.655,0.192,2127.39,-2.357,11.15,342,30.676,1.2838,0.9682,29.052,2,4,0,0.9833,1,1,1,1840.54
2863.24,5016.17,1.7519,0.2214,4401.41,-12.2557,2.5,105,41.99,0.7763,0.9449,43.759,6,7,0,1.0048,0,7,2,4373.28
3690.71,6856.76,1.8578,0.1377,7212.97,5.195,20.16,388,19.245,2.0754,0.9559,14.419,4,3,1,1.1156,0,5,1,5987.03
980.95,1229.4,1.2533,0.261,1403.22,14.1382,0.34,8,23.315,0.3975,0.848,18.045,5,3,1,1.0543,0,3,1,1419.27
3052.9,5612.95,1.8386,0.2935,5679.19,1.1803,3.35,118,35.238,1.3333,0.5576,24.905,3,10,1,1.0784,1,8,1,4640.91
1654.53,2579.56,1.5591,0.1537,2539.39,-1.5573,11.33,49,4.326,0.8411,0.6632,4.776,3,8,0,0.9821,0,9,0,2217.07
4833.17,7409.4,1.533,0.199,8829.7,19.169,0.45,9,19.896,0.7033,0.6791,17.084,1,2,0,0.9658,0,7,0,6585.08
2675.96,4041.54,1.5103,0.1172,4102.04,1.497,7.23,112,15.49,1.8731,0.9706,19.829,0,1,1,1.037,0,9,2,4029.53
4126.97,6532.29,1.5828,0.2118,5315.23,-18.6313,240.63,441,1.833,0.6012,0.8186,1.622,0,5,0,0.9737,0,2,2,5596.06
2976.02,5813.04,1.9533,0.2006,5817.8,0.082,24.99,265,10.603,1.1242,0.767,9.735,3,7,0,0.9774,0,2,1,4989.77
695.36,1123.68,1.616,0.1289,1099.08,-2.1891,3.77,77,20.398,1.0629,0.7818,20.025,1,4,0,1.0187,0,3,0,967.63
3349.18,6565.07,1.9602,0.1884,6019.13,-8.3158,3.28,35,10.674,0.5405,0.8184,9.516,5,8,0,0.9819,0,8,2,5679.35
4781.32,6231.23,1.3032,0.1668,5775.99,-7.3059,6.59,201,30.518,1.511,0.788,36.33,5,1,1,1.0978,0,8,2,7121.24
3207.25,5662.46,1.7655,0.2044,6638.27,17.233,13.53,311,22.984,2.747,0.5876,28.172,1,5,0,1.0013,0,4,0,4891.05
4186.35,7704.57,1.8404,0.2171,6575.38,-14.6561,39.87,117,2.935,2.2476,0.8635,2.074,2,2,0,0.9677,0,8,1,6668.48
4478.93,7736.27,1.7273,0.1017,8553.34,10.5615,13.06,189,14.477,1.2197,0.9288,15.82,2,11,1,1.0373,0,5,2,6460.46
1526.36,2542.74,1.6659,0.2522,2952.04,16.0968,123.31,241,1.954,0.8923,0.7465,2.173,3,3,1,1.0886,0,7,2,2451.74
1454.2,2370.48,1.6301,0.2426,2142.43,-9.6206,15.74,292,18.549,1.504,0.8913,23.684,5,6,0,0.9905,0,7,0,1993.85
3249.41,6114.72,1.8818,0.1733,5055.2,-17.3274,12.27,168,13.696,1.6226,0.7677,12.631,2,11,1,1.0638,1,9,0,5239.1
2349.63,4343.05,1.8484,0.1106,4008.02,-7.7142,6.6,229,34.721,1.0465,0.6685,28.373,1,2,0,1.0152,0,6,1,3708.7
4279.38,5366.1,1.2539,0.251,5222.04,-2.6847,2.93,47,16.063,0.3027,0.9134,16.261,4,8,0,0.9591,1,3,1,4921.28
4550.1,8514.61,1.8713,0.291,10052.09,18.057,7.69,149,19.383,0.4593,0.7047,18.773,6,4,0,0.9811,0,3,2,7206.95
2090.4,3139.69,1.502,0.148,3051.95,-2.7944,9.36,342,36.541,1.2584,0.7108,42.938,6,10,1,1.0873,0,5,1,2895.83
1565.92,2138.48,1.3656,0.1647,1789.53,-16.3177,8.43,207,24.565,1.1763,0.7964,30.519,0,7,0,0.9678,0,8,2,1873.43
4012.36,7580.57,1.8893,0.1368,6509.86,-14.1245,2.12,60,28.266,0.7938,0.7785,21.257,3,5,0,0.9554,1,6,2,6419.94
1736.63,2634.85,1.5172,0.2154,2479.64,-5.8907,7.82,330,42.226,1.1471,0.9313,51.007,5,7,0,1.0157,0,4,0,2277.22
4201.76,7719.1,1.8371,0.131,6743.99,-12.6325,10.42,116,11.138,0.4809,0.5606,13.87,2,7,0,0.972,0,4,2,6392.85
2406.82,3306.72,1.3739,0.1712,2725.48,-17.5773,4.81,238,49.47,0.9143,0.9636,62.059,6,10,1,1.0783,1,7,0,2774.35
3503.97,4041.27,1.1533,0.2394,3516.33,-12.9896,8.2,370,45.105,0.8454,0.9825,52.258,2,2,0,1.0024,1,5,2,4237.46
929.91,1461.02,1.5711,0.212,1230.46,-15.7804,23.54,354,15.041,0.3746,0.7024,17.226,1,11,1,1.0238,0,0,2,1246.31
3307.37,4085.24,1.2352,0.1773,3599.42,-11.8921,1.05,47,44.754,1.0446,0.7545,31.728,2,6,0,0.9599,1,0,2,4026.05
2532.95,4537.08,1.7912,0.184,5438.06,19.8582,11.78,447,37.944,0.4664,0.8465,47.51,0,12,1,1.0593,0,8,1,3731.34
3139.74,4347.48,1.3847,0.2124,4252.55,-2.1837,5.24,244,46.607,1.5495,0.7649,42.455,3,8,0,0.9898,0,7,1,4275.53
1256.06,1918.13,1.5271,0.1012,2039.82,6.344,13.39,467,34.866,1.1822,0.7566,25.266,2,8,0,0.9799,0,5,0,1567.76
3815.93,4670.62,1.224,0.1157,4045.28,-13.3887,8.58,292,34.049,0.716,0.8441,32.272,4,9,0,1.0038,0,0,2,4458.13
4382.59,6107.84,1.3937,0.2763,6961.2,13.9717,362.47,424,1.17,0.6012,0.7443,1.333,4,5,0,0.9875,0,1,0,5158.87
1475.33,2676.64,1.8143,0.1156,2427.08,-9.3238,0.16,4,24.256,0.4986,0.8193,23.411,5,10,1,1.0356,0,9,0,2288.67
930.72,1190.25,1.2788,0.2414,1419.96,19.2996,9.16,99,10.813,0.7882,0.6835,12.487,5,3,1,1.1165,0,2,2,1370.55
606.37,1030.89,1.7001,0.284,1169.73,13.4683,12.09,204,16.88,1.4715,0.7819,16.975,6,11,1,1.0212,0,9,1,926.67
3388.87,6539.89,1.9298,0.1541,7719.34,18.0349,3.66,179,48.962,0.8443,0.6934,43.07,3,5,0,0.9962,1,2,1,5643.66
3231.92,5584.31,1.7279,0.1741,5960.26,6.7321,3.08,16,5.19,0.9176,0.8392,4.265,4,6,0,0.9922,0,1,0,4706.69
2960.14,5444.79,1.8394,0.2138,5789.1,6.3237,2.44,89,36.402,0.5754,0.8907,34.679,4,9,0,0.9928,0,1,1,4631.67
1543.76,1918.32,1.2426,0.2763,2180.05,13.6439,52.67,499,9.474,0.7768,0.6254,6.836,5,9,0,0.9815,0,5,2,2122.74
2259.08,3079.4,1.3631,0.2884,3344.67,8.6145,78.52,107,1.363,0.8932,0.7933,1.299,6,4,0,0.9563,0,6,2,2933.2
3175.14,6065.66,1.9104,0.2479,6323.3,4.2475,7.39,189,25.57,1.064,0.8656,18.951,2,10,1,1.0338,0,3,1,5256.05
2735.45,4808.48,1.7578,0.1173,4535.88,-5.6692,20.11,179,8.9,0.9158,0.9053,10.913,4,5,0,1.0038,0,0,1,4264.22
4945.03,8375.01,1.6936,0.2338,7446.62,-11.0853,5.13,248,48.308,1.2515,0.7502,50.496,6,8,0,0.9527,0,5,0,7209.03
1113.98,1909.58,1.7142,0.1821,2125.17,11.2898,22.77,250,10.981,1.3875,0.9684,11.943,2,9,0,0.9983,0,6,1,1602.61
3628.15,5449.74,1.5021,0.1941,5201.34,-4.558,1.83,19,10.41,2.1473,0.7356,9.091,0,1,1,1.0268,0,3,0,5709.45
2319.43,2755.19,1.1879,0.1098,2271.61,-17.5518,138.97,358,2.576,1.1162,0.8999,2.152,1,3,1,1.1053,0,5,2,2858.24
2426.9,4409.13,1.8168,0.1382,4373.19,-0.8151,5.59,96,17.161,1.2342,0.81,19.302,6,12,1,1.1053,1,8,2,3864.59
3729.19,6439.96,1.7269,0.2581,6845.71,6.3005,101.31,221,2.181,0.77,0.9631,2.406,5,4,0,0.9516,0,3,2,5459.95
3615.96,5611.55,1.5519,0.1908,4540.96,-19.0785,5.62,143,25.445,2.1584,0.9195,19.685,2,9,0,1.0098,0,9,1,4709.45
4960.65,9498.63,1.9148,0.1603,10277.98,8.2048,0.23,6,25.775,0.7904,0.8274,21.733,1,12,1,1.055,1,3,1,8083.6
1077.77,1547.4,1.4357,0.1768,1376.99,-11.0127,96.7,349,3.609,1.3512,0.9165,4.576,2,1,1,1.0379,0,9,1,1298.04
968.49,1356.06,1.4002,0.2709,1205.46,-11.1057,25.15,321,12.763,0.7816,0.8188,11.263,6,11,1,1.0504,0,4,0,1156.01
3759.52,7112.56,1.8919,0.2498,7291.46,2.5153,6.39,267,41.773,0.9303,0.8976,29.889,2,10,1,1.0324,1,2,0,6014.81
3102.74,5670.07,1.8274,0.1545,5301.05,-6.5082,18.0,426,23.665,1.01,0.8291,17.471,6,8,0,1.0172,0,9,0,4789.47
1733.72,2752.69,1.5877,0.1235,2698.28,-1.9767,13.23,295,22.296,0.3765,0.904,25.981,3,2,0,0.9824,0,1,2,2298.76
857.39,1081.27,1.2611,0.1504,1086.91,0.5217,0.0,0,35.24,1.1043,0.8397,40.677,2,12,1,1.039,0,8,0,1218.87
885.46,1180.15,1.3328,0.2842,1378.9,16.8409,1.58,57,36.029,0.9607,0.9166,33.475,4,1,1,1.0746,0,0,1,1338.84
4523.86,7725.82,1.7078,0.2163,6813.86,-11.804,10.07,386,38.336,0.714,0.9727,30.359,6,10,1,1.0481,0,4,1,6485.72
1363.4,2014.13,1.4773,0.2067,1985.38,-1.4277,6.31,263,41.694,0.6051,0.9022,41.646,4,11,1,1.0331,0,4,2,2053.86
1955.17,3638.58,1.861,0.2193,4054.81,11.4395,7.19,89,12.38,0.7259,0.7476,11.132,2,7,0,1.0146,0,7,1,3088.34
1519.95,2975.25,1.9575,0.1732,2624.37,-11.7933,114.52,487,4.253,0.5878,0.9426,3.931,5,4,0,0.9889,0,5,1,2618.18
2097.48,3848.44,1.8348,0.2614,3205.57,-16.7047,3.77,74,19.633,0.7786,0.7063,16.817,5,12,1,1.0851,1,5,1,3358.25
812.41,1194.98,1.4709,0.2047,964.48,-19.2894,10.35,444,42.9,0.7155,0.8849,31.648,5,2,0,0.9864,1,5,0,1012.71
2835.77,5162.19,1.8204,0.1233,4343.95,-15.8507,70.49,340,4.823,0.8401,0.9003,5.666,0,4,0,1.0012,0,3,0,4327.77
804.26,1165.15,1.4487,0.1258,1060.09,-9.0164,8.9,260,29.222,1.4634,0.7623,31.295,4,10,1,1.0775,1,0,1,986.23
4101.6,5299.42,1.292,0.2074,5107.06,-3.6297,13.78,487,35.353,0.6347,0.8342,42.451,1,2,0,1.0154,0,2,1,4887.56
1551.7,1828.5,1.1784,0.2873,1897.09,3.751,11.43,281,24.589,0.747,0.8103,24.636,0,11,1,1.0846,0,9,1,2161.4
2930.05,4330.21,1.4779,0.1617,3810.74,-11.9964,25.18,340,13.504,1.0601,0.6494,17.433,1,4,0,0.9998,0,5,1,3591.79
4460.36,8555.08,1.918,0.2739,7766.97,-9.2122,19.31,328,16.989,0.6125,0.9216,21.704,6,11,1,1.0464,0,4,0,7169.14
3428.95,4639.84,1.3531,0.2528,5009.32,7.9632,88.67,400,4.511,1.4638,0.735,3.893,2,12,1,1.1126,0,9,2,5229.61
2898.31,3841.81,1.3255,0.1496,4470.35,16.3603,23.21,356,15.337,0.6173,0.964,14.297,2,2,0,1.0049,0,0,1,3387.55
1959.5,3868.74,1.9743,0.1073,3304.7,-14.5794,76.23,242,3.175,1.0695,0.8874,3.656,2,12,1,1.0675,0,4,0,3322.08
1998.51,2340.76,1.1713,0.1204,2315.03,-1.0994,13.61,498,36.59,1.7006,0.9351,42.662,4,7,0,1.0112,0,1,1,2473.59
3512.69,6385.77,1.8179,0.2457,5863.21,-8.1833,7.13,321,45.002,0.6115,0.8147,56.091,5,3,1,1.0857,0,0,2,5557.96
4973.63,7078.29,1.4232,0.1399,7157.48,1.1188,13.54,434,32.042,0.6704,0.6833,34.977,0,7,0,0.9758,1,3,0,6213.81
3478.28,4110.85,1.1819,0.1743,3484.57,-15.2348,3.56,118,33.178,0.7982,0.5003,32.683,1,2,0,1.0134,0,5,0,4000.02
3010.03,5809.75,1.9301,0.2003,5277.66,-9.1584,1.91,46,24.135,1.0096,0.9371,22.363,6,4,0,0.9962,0,6,2,4868.87
3787.93,4805.73,1.2687,0.2451,5207.22,8.3545,19.32,167,8.646,0.937,0.7631,8.227,3,11,1,1.109,0,8,2,5548.79
2593.43,4198.79,1.619,0.1226,4735.07,12.7724,251.72,347,1.379,0.9915,0.6257,1.668,5,7,0,0.9536,0,4,0,3504.25
770.64,1065.75,1.3829,0.1813,1117.61,4.8658,1.46,26,17.855,1.288,0.6932,22.997,0,12,1,1.1107,1,7,2,1222.7
3030.34,3652.81,1.2054,0.197,4302.22,17.7784,7.8,295,37.823,0.9106,0.8083,27.654,1,6,0,1.0125,0,7,1,3999.41
4809.31,5734.79,1.1924,0.2082,6085.53,6.116,0.0,0,48.061,0.4806,0.4594,50.375,6,3,1,1.085,0,8,2,6341.89
1288.86,1608.79,1.2482,0.2637,1767.48,9.8637,7.82,173,22.123,1.8903,0.6847,22.389,3,8,0,0.9782,0,2,2,1817.65
3605.02,4364.46,1.2107,0.1343,4115.56,-5.7029,20.84,394,18.904,1.2407,0.8145,17.499,0,11,1,1.1111,0,2,0,4412.24
1404.2,2522.61,1.7965,0.2616,2189.49,-13.2053,7.26,166,22.852,0.5289,0.8164,27.672,0,9,0,0.9996,0,8,2,2145.91
2911.22,4549.46,1.5627,0.2386,4836.76,6.3151,0.77,17,21.961,0.912,0.3387,22.959,5,4,0,0.9639,0,6,0,4184.88
935.04,1347.83,1.4415,0.2112,1573.77,16.7635,2.84,90,31.668,1.4809,0.9608,28.117,2,9,0,0.9643,1,3,1,1322.92
2526.67,3804.19,1.5056,0.2399,4537.48,19.276,8.17,302,36.973,0.6349,0.7151,35.733,5,3,1,1.118,0,0,2,4245.17
3902.73,7569.76,1.9396,0.1824,7418.51,-1.9981,5.09,201,39.463,1.5876,0.9059,36.072,0,2,0,0.9521,0,6,2,6292.43
2064.07,3971.56,1.9241,0.1277,4034.64,1.5883,14.71,483,32.831,0.6162,0.8049,31.453,5,8,0,0.9968,0,9,0,3334.71
3492.1,6140.25,1.7583,0.2332,5676.58,-7.5514,0.89,20,22.448,1.2397,0.7424,16.674,5,10,1,1.0296,0,5,0,5311.21
4079.52,7759.17,1.902,0.2049,8294.6,6.9006,3.26,155,47.555,0.2778,0.9457,36.482,6,6,0,1.0126,0,2,2,6537.33
4672.3,6642.61,1.4217,0.2279,7347.32,10.6088,10.71,384,35.84,1.6026,0.7323,38.5,5,8,0,0.9953,1,4,0,5469.1
1555.89,2293.29,1.4739,0.1676,1872.42,-18.3521,0.59,13,21.906,0.3893,0.8957,24.326,6,3,1,1.059,0,2,2,2210.43
2296.92,3839.66,1.6717,0.2814,4372.04,13.8652,0.83,19,22.883,1.8141,0.5936,24.758,1,8,0,0.997,0,7,1,3806.34
1185.87,1992.36,1.6801,0.2175,2003.36,0.5519,5.92,243,41.081,0.5583,0.807,47.566,2,11,1,1.0208,0,4,2,1690.48
4966.18,7744.48,1.5594,0.1171,7991.42,3.1886,16.65,376,22.587,2.5645,0.9126,28.597,0,10,1,1.1062,0,9,1,6842.49
4671.5,6963.15,1.4906,0.19,6144.92,-11.751,17.34,456,26.297,1.0528,0.8935,31.987,6,10,1,1.0639,0,9,1,5903.36
2929.81,5825.2,1.9883,0.2513,4684.16,-19.588,11.25,172,15.286,1.6626,0.8204,14.539,2,2,0,0.9838,0,5,0,4854.57
4289.15,7926.16,1.848,0.2588,9359.85,18.0881,10.54,444,42.107,0.911,0.9547,34.971,3,11,1,1.0402,1,1,0,6695.23
2844.31,4322.59,1.5197,0.1989,5063.31,17.136,15.42,410,26.592,0.4672,0.768,23.59,1,7,0,1.019,0,7,0,3669.9
3306.14,5845.9,1.7682,0.2789,6487.41,10.9736,4.31,121,28.074,0.6266,0.752,29.552,3,2,0,0.9732,0,8,0,4934.73
901.06,1242.68,1.3791,0.1535,1229.55,-1.0561,11.23,496,44.153,1.2624,0.9093,53.59,1,12,1,1.0716,1,2,2,1274.03
3898.72,4815.48,1.2351,0.1821,4464.18,-7.2952,3.97,183,46.105,4.2639,0.4276,51.686,4,11,1,1.0523,1,5,1,5430.52
1074.71,1557.86,1.4496,0.2797,1343.55,-13.7569,7.42,307,41.385,2.0567,0.7758,42.454,3,2,0,0.9879,0,5,2,1529.67
4217.3,6294.44,1.4925,0.2793,5239.29,-16.7632,15.94,67,4.203,1.0451,0.7677,4.46,6,5,0,1.0153,0,1,1,5294.15
4019.13,4678.49,1.1641,0.2371,4598.59,-1.7078,12.85,292,22.732,1.6038,0.3214,23.117,4,11,1,1.0841,0,9,1,5448.62
3689.35,6797.9,1.8426,0.2718,7592.57,11.6899,18.91,337,17.823,1.1147,0.64,22.867,5,9,0,0.9861,0,7,1,5743.66
662.72,964.47,1.4553,0.1178,1051.63,9.0369,13.78,158,11.462,0.8905,0.8049,13.636,2,2,0,0.9518,0,4,2,820.94
1864.08,3063.34,1.6434,0.273,3376.95,10.2374,1.05,48,45.539,1.0293,0.5961,53.224,3,9,0,0.9716,0,7,0,2788.66
1684.01,2042.48,1.2129,0.1641,1730.92,-15.254,4.03,180,44.613,0.7525,0.6132,45.077,0,8,0,0.9973,1,7,2,1941.89
2120.61,2754.14,1.2987,0.1357,3153.77,14.51,12.35,294,23.8,1.0357,0.9419,21.398,5,10,1,1.0395,0,2,1,2799.75
894.39,1704.93,1.9062,0.1479,1912.23,12.1589,51.75,393,7.593,1.1967,0.9127,5.404,1,4,0,1.0098,0,4,2,1433.29
4716.31,7863.9,1.6674,0.1836,6587.08,-16.2364,236.87,392,1.655,0.967,0.748,1.202,0,5,0,0.9554,0,6,1,6595.94
2992.11,5857.78,1.9577,0.1502,5521.62,-5.7387,15.43,347,22.485,0.7872,0.8192,16.147,6,6,0,0.9629,0,4,0,4955.3
1874.86,3747.73,1.9989,0.1641,3560.68,-4.991,160.59,475,2.958,0.7661,0.671,3.81,0,9,0,0.9781,0,5,0,3204.94
2286.42,3352.07,1.4661,0.127,3667.32,9.4045,4.54,140,30.868,0.8698,0.8718,23.728,5,10,1,1.0698,0,1,2,3741.58
2512.41,3527.38,1.404,0.1592,4036.01,14.4193,0.55,17,30.812,1.0554,0.6998,24.196,2,6,0,0.9678,0,7,0,3215.54
3202.67,6019.76,1.8796,0.2145,5720.51,-4.971,3.09,139,45.048,0.7826,0.8868,44.62,2,6,0,1.0156,0,4,1,5069.95
2820.56,5637.79,1.9988,0.1884,4805.29,-14.7664,6.88,71,10.312,1.2985,0.7734,10.197,0,11,1,1.115,1,5,1,4643.95
4637.26,7814.69,1.6852,0.1693,6509.83,-16.6975,24.48,470,19.198,0.4411,0.6895,24.036,5,6,0,0.996,0,0,0,6506.33
2736.34,4996.19,1.8259,0.2493,5273.66,5.5537,5.59,241,43.118,1.1083,0.7692,32.085,0,10,1,1.0362,0,9,0,4144.14
4964.71,9008.39,1.8145,0.2787,9001.1,-0.0809,10.73,260,24.241,1.6238,0.8582,30.891,0,1,1,1.0657,0,1,0,7772.95
4331.41,6289.38,1.452,0.2514,7300.83,16.0819,66.73,262,3.926,2.4183,0.7594,3.258,1,1,1,1.0642,0,3,2,6979.69
1438.3,2356.12,1.6381,0.1664,2783.54,18.1411,22.09,142,6.428,0.9614,0.7163,8.242,2,9,0,1.0189,0,8,2,2003.21
4687.68,8710.17,1.8581,0.2489,10097.03,15.9223,4.75,194,40.859,1.3814,0.8269,41.872,3,10,1,1.0247,1,5,1,7214.26
1023.65,1775.93,1.7349,0.1304,1474.47,-16.9747,3.87,145,37.441,1.1081,0.8248,40.856,2,2,0,0.9951,0,7,2,1440.65
4178.52,4880.47,1.168,0.1261,4459.31,-8.6294,6.67,293,43.918,1.6609,0.7485,39.062,0,5,0,0.9722,0,1,2,5233.45
2212.8,3178.03,1.4362,0.1691,2846.0,-10.4477,3.66,25,6.824,0.8842,0.8795,7.282,6,9,0,0.9548,1,9,1,2718.81
4450.88,5665.11,1.2728,0.2615,4687.68,-17.2535,11.0,421,38.26,1.2776,0.8758,43.1,3,6,0,0.9519,0,4,1,5600.47
4406.26,5939.75,1.348,0.1493,6933.52,16.7309,1.75,58,33.1,0.3375,0.4815,23.376,5,9,0,0.9663,1,0,0,5067.19
4126.66,7921.82,1.9197,0.1127,9172.79,15.7914,4.12,51,12.382,1.6347,0.7825,8.922,6,2,0,0.9614,0,3,0,6441.16
4055.14,4790.57,1.1814,0.1263,4581.26,-4.3693,8.54,416,48.721,1.0619,0.6381,62.942,5,10,1,1.1188,1,9,2,5456.64
1871.06,2501.29,1.3368,0.2717,2960.23,18.3484,5.11,148,28.947,0.7039,0.8383,28.21,3,11,1,1.1184,0,0,1,2926.54
864.14,1221.14,1.4131,0.2268,1252.08,2.5338,8.8,400,45.437,1.1437,0.9575,57.318,3,1,1,1.1127,0,8,2,1426.69
2313.41,3873.46,1.6744,0.1506,3771.25,-2.6387,2.46,106,43.096,2.0199,0.9613,49.04,2,2,0,0.9557,0,1,2,3656.91
1280.86,2054.48,1.604,0.2111,2095.28,1.986,18.3,317,17.323,0.6171,0.8554,16.003,0,2,0,0.9514,0,6,1,1759.14
3627.28,4844.34,1.3355,0.2055,4693.3,-3.1178,2.13,58,27.262,0.637,0.6251,21.551,5,5,0,0.9805,0,2,1,4979.02
2057.45,2653.3,1.2896,0.2311,2432.42,-8.3245,11.61,257,22.137,0.4412,0.7933,28.488,5,1,1,1.0842,0,1,1,2843.67
4890.25,6608.08,1.3513,0.1466,5765.16,-12.7559,12.51,447,35.745,0.6375,0.5736,37.557,5,11,1,1.0649,0,3,1,5740.0
3384.37,5337.67,1.5772,0.2729,5253.6,-1.575,9.39,280,29.814,0.6184,0.8172,24.311,6,2,0,0.9858,0,6,2,4592.39
4201.16,5799.71,1.3805,0.1619,5871.11,1.2311,10.75,424,39.458,0.903,0.7397,43.758,0,5,0,1.008,0,6,2,5345.81
1096.36,2143.89,1.9555,0.2388,2419.7,12.8649,11.42,18,1.576,1.0209,0.88,1.19,6,5,0,1.0087,0,8,2,1819.21
4379.07,6762.53,1.5443,0.1032,6690.52,-1.0649,4.75,165,34.702,0.4942,0.8779,42.365,4,7,0,0.9876,0,2,1,5655.25
4652.41,5582.78,1.2,0.1745,6318.39,13.1765,1.44,24,16.634,1.1684,0.7419,12.544,1,4,0,1.0135,0,6,0,6500.75
2691.78,4764.12,1.7699,0.1703,5630.52,18.1861,35.21,422,11.987,1.1315,0.7402,10.09,2,6,0,1.0153,1,5,2,4068.12
3228.14,4614.68,1.4295,0.2087,5023.52,8.8595,0.07,3,40.261,1.1189,0.8307,30.391,5,6,0,0.9671,0,9,0,4413.17
3941.64,6722.34,1.7055,0.1145,5699.78,-15.2114,0.37,2,5.372,0.6442,0.7019,4.095,6,9,0,1.0184,0,6,0,5503.36
1286.77,1785.6,1.3877,0.258,1757.93,-1.5494,34.2,417,12.195,2.6118,0.8871,12.369,4,3,1,1.046,0,6,0,1787.89
2761.55,4515.49,1.6351,0.1436,5159.78,14.2684,32.87,361,10.983,1.3698,0.8841,12.215,4,9,0,0.9545,0,9,1,3818.34
2293.98,4143.69,1.8063,0.2354,4129.84,-0.3343,18.22,393,21.571,0.511,0.8284,25.305,5,11,1,1.072,0,4,1,3499.71
1158.68,2246.46,1.9388,0.2606,2525.68,12.4291,21.91,368,16.795,0.4501,0.64,18.76,4,9,0,0.9541,0,8,2,1968.72
2153.9,2955.07,1.372,0.2124,3281.18,11.0358,0.72,26,36.303,0.6667,0.7117,33.33,6,2,0,0.9745,0,6,2,3234.64
806.78,1157.42,1.4346,0.2482,999.94,-13.6062,10.41,367,35.269,1.0449,0.7777,36.481,2,2,0,1.0066,0,6,1,959.96
616.15,951.73,1.5446,0.2324,886.81,-6.8205,20.36,345,16.948,2.0578,0.8473,21.297,1,7,0,0.9853,0,2,1,813.17
1108.25,2147.89,1.9381,0.1711,2374.64,10.5564,9.73,218,22.412,0.7122,0.9529,20.9,3,8,0,0.9707,0,0,0,1866.96
4834.02,9262.84,1.9162,0.2618,8000.05,-13.6329,34.32,384,11.188,0.4605,0.7122,9.526,1,3,1,1.0874,0,4,1,7710.24
2972.88,3645.93,1.2264,0.1589,3533.33,-3.0884,1.27,43,33.871,1.1542,0.88,34.264,1,7,0,0.9777,0,7,1,3957.42
4846.2,6116.58,1.2621,0.2142,5229.33,-14.5057,10.34,211,20.415,0.7899,0.8415,17.932,5,7,0,0.9525,0,4,1,5573.13
2446.24,3843.49,1.5712,0.2491,3437.16,-10.5718,6.79,51,7.508,1.0553,0.8674,6.435,6,7,0,0.9621,0,9,1,3291.08
1903.17,2361.13,1.2406,0.1758,2158.66,-8.5752,21.01,152,7.236,0.9206,0.877,8.446,5,2,0,1.0115,0,2,0,2208.26
2777.64,4010.2,1.4437,0.1606,4058.75,1.2106,11.97,201,16.794,0.8728,0.8937,20.732,0,8,0,1.0033,0,8,2,3765.68
2477.8,3161.99,1.2761,0.1919,3682.97,16.4762,8.51,320,37.619,1.6686,0.8695,37.671,4,11,1,1.0821,1,1,0,3202.96
975.49,1649.2,1.6906,0.2636,1573.7,-4.5777,205.8,463,2.25,1.3415,0.9092,2.627,4,10,1,1.0547,0,2,1,1403.18
3383.72,6622.18,1.9571,0.286,7549.19,13.9986,0.73,10,13.631,1.1125,0.3989,11.072,3,8,0,1.0099,0,3,1,5550.84
1472.17,2940.26,1.9972,0.209,3169.81,7.8071,7.48,67,8.962,0.3404,0.6917,9.218,0,5,0,0.9622,0,9,2,2487.56
3288.15,4830.14,1.469,0.2323,5371.99,11.2181,4.72,226,47.867,0.8805,0.7361,51.779,3,7,0,0.9954,0,0,2,5100.23
3425.9,5684.13,1.6592,0.2807,6280.29,10.4883,3.37,120,35.559,1.5393,0.9644,35.36,5,7,0,0.992,0,3,2,5802.5
1184.11,2223.56,1.8778,0.1197,2047.56,-7.9153,26.71,332,12.428,0.614,0.6611,9.571,2,10,1,1.0905,0,3,0,1878.22
776.07,969.97,1.2498,0.1464,867.64,-10.55,41.91,468,11.166,0.8912,0.6846,12.734,0,4,0,1.0047,0,8,2,892.48
4013.43,6967.83,1.7361,0.2418,8298.92,19.1033,0.33,14,43.043,0.9724,0.7603,51.801,4,5,0,1.0042,0,7,1,6174.48
2569.1,3847.27,1.4975,0.2647,4213.27,9.5131,5.43,56,10.321,1.1188,0.8535,11.159,3,12,1,1.0462,1,1,1,3461.98
761.74,1009.47,1.3252,0.2714,955.28,-5.3689,6.6,329,49.856,0.8139,0.873,39.959,0,6,0,0.9587,0,6,1,1023.58
4976.9,7427.23,1.4923,0.183,7588.79,2.1753,4.25,63,14.833,1.2305,0.7937,11.046,0,6,0,0.9758,0,5,0,6413.41
760.01,923.09,1.2146,0.1179,1024.95,11.0349,44.62,229,5.132,1.2088,0.8823,4.521,1,10,1,1.0656,0,6,2,1050.62
3627.66,6316.1,1.7411,0.1876,5193.78,-17.7693,0.29,10,34.856,0.6321,0.869,25.173,0,9,0,1.0009,0,3,2,5440.71
4926.56,6723.92,1.3648,0.1461,5645.49,-16.0387,3.89,120,30.872,0.6734,0.9041,37.156,0,3,1,1.0505,0,4,2,6711.51
1576.31,2230.0,1.4147,0.1582,1806.37,-18.9968,4.46,223,49.991,1.0887,0.9,56.082,4,5,0,0.9663,0,5,2,1880.85
1140.12,1428.48,1.2529,0.2545,1236.53,-13.4373,5.56,224,40.302,2.0774,0.8212,41.842,2,1,1,1.0872,0,8,1,1675.13
1046.23,1972.11,1.885,0.1151,1671.84,-15.2258,5.63,124,22.013,1.6487,0.6051,27.159,3,1,1,1.0463,0,1,0,1702.1
1864.74,2926.57,1.5694,0.2655,2883.32,-1.4779,4.3,147,34.154,0.7525,0.7505,26.164,2,10,1,1.0842,0,8,2,3018.09
954.71,1562.21,1.6363,0.1855,1429.23,-8.512,5.53,227,41.075,0.6685,0.9311,46.36,0,5,0,0.9905,1,9,1,1291.61
3614.73,5906.53,1.634,0.2192,4832.93,-18.1764,1.11,29,26.173,0.8265,0.9134,20.623,6,1,1,1.0762,0,0,1,5808.3
780.31,1169.63,1.4989,0.1179,1145.97,-2.0222,0.63,9,14.371,2.1532,0.8471,10.585,4,11,1,1.0437,1,3,0,1109.26
2792.4,3668.24,1.3137,0.1675,3783.53,3.1431,4.69,53,11.295,0.9918,0.7973,8.807,4,12,1,1.0275,0,4,2,4107.23
4985.14,8890.31,1.7834,0.1179,8428.83,-5.1908,11.96,185,15.469,1.0949,0.676,19.654,4,7,0,0.9701,0,8,0,7433.33
4162.87,5236.88,1.258,0.2923,4734.87,-9.586,4.84,206,42.555,0.6619,0.8233,41.034,4,10,1,1.1158,0,5,2,5911.67
3268.49,4047.34,1.2383,0.2615,3870.0,-4.3818,12.93,254,19.641,1.0116,0.8612,14.326,1,8,0,1.0122,0,3,0,4093.4
1878.14,3293.55,1.7536,0.1919,3319.77,0.7959,10.37,156,15.047,0.4677,0.9145,15.802,0,10,1,1.0782,0,1,2,2758.63
3307.53,4390.79,1.3275,0.1447,4278.43,-2.5589,3.16,128,40.488,0.4999,0.8777,33.194,6,2,0,0.9744,0,4,2,4003.21
2871.69,4051.25,1.4108,0.2867,3392.15,-16.269,22.23,57,2.564,1.0404,0.9748,1.805,1,3,1,1.0563,0,7,0,3468.25
2417.38,3756.46,1.5539,0.1689,3691.61,-1.7265,13.42,404,30.104,1.122,0.926,34.771,6,10,1,1.0743,0,7,2,3646.19
1088.2,1667.06,1.5319,0.1322,1813.99,8.8133,9.09,398,43.808,0.8112,0.9118,34.736,1,8,0,0.958,0,5,0,1421.02
4489.72,7867.3,1.7523,0.2126,8874.3,12.7999,9.2,194,21.094,1.1722,0.9414,26.694,0,11,1,1.1037,0,0,0,6558.78
2524.03,4240.16,1.6799,0.2888,4137.62,-2.4185,29.3,416,14.197,0.524,0.6306,14.987,4,1,1,1.0586,0,7,2,3673.49
1375.8,2335.75,1.6977,0.1008,2797.1,19.7517,16.78,421,25.094,0.8402,0.8977,18.875,3,9,0,0.9547,0,3,2,1921.61
2154.92,3786.07,1.7569,0.1476,4305.31,13.7143,11.12,402,36.156,0.7263,0.9539,30.035,4,5,0,1.0033,0,1,0,3126.39
2363.58,3305.99,1.3987,0.2877,2929.62,-11.3846,14.71,387,26.314,0.9571,0.6384,28.064,4,10,1,1.0572,0,0,1,3209.17
4223.92,6014.79,1.424,0.1342,5910.78,-1.7292,54.57,75,1.374,0.8586,0.7365,1.241,1,1,1,1.0711,0,6,0,5106.39
3801.26,5786.66,1.5223,0.1226,5313.23,-8.1814,18.19,88,4.838,3.1031,0.8184,4.931,2,11,1,1.0373,1,1,1,4986.85
3961.87,5591.56,1.4113,0.214,5703.93,2.0096,9.71,353,36.345,0.6209,0.7504,42.877,4,10,1,1.0484,0,3,1,5295.46
549.64,1092.24,1.9872,0.2724,971.71,-11.0352,3.88,80,20.598,0.9976,0.8748,24.214,0,8,0,1.0088,0,3,0,926.84
2372.69,4370.37,1.8419,0.1954,3557.88,-18.5908,4.69,185,39.454,4.0296,0.7536,44.141,0,9,0,0.9989,0,9,0,3735.5
2666.05,3439.09,1.29,0.2989,3995.37,16.1753,9.9,325,32.825,1.3573,0.9102,40.428,0,9,0,1.0178,0,0,0,3935.79
586.37,677.11,1.1548,0.2358,682.46,0.7904,9.05,267,29.494,0.9805,0.8356,24.174,6,11,1,1.0592,0,1,1,779.66
1669.16,1980.23,1.1864,0.1148,2308.92,16.5985,8.46,382,45.167,1.5036,0.8527,36.42,1,11,1,1.064,1,0,0,2216.96
3921.3,5322.99,1.3575,0.2986,4509.96,-15.2739,38.15,78,2.045,1.3705,0.8781,2.412,3,9,0,1.0054,1,5,0,4559.55
1116.99,1393.06,1.2471,0.1816,1198.85,-13.9407,16.75,144,8.597,0.5758,0.8456,7.673,3,6,0,1.0195,0,2,2,1284.54
2908.9,4663.94,1.6033,0.1575,4153.68,-10.9406,4.05,128,31.594,0.4609,0.6852,31.825,3,11,1,1.0983,0,0,2,4046.5
1468.41,2759.57,1.8793,0.2116,2712.24,-1.7152,3.08,13,4.226,1.0495,0.9798,4.844,4,7,0,0.9708,0,7,2,2357.56
554.54,985.0,1.7762,0.1609,1134.72,15.2001,3.62,118,32.604,0.7869,0.8529,30.568,4,12,1,1.081,0,3,0,839.22
1585.41,2113.77,1.3333,0.1173,2240.95,6.0165,0.02,1,49.222,3.1172,0.8375,38.299,2,7,0,0.9639,0,9,0,2138.64
4891.43,7285.32,1.4894,0.1003,5988.55,-17.7998,0.07,3,44.062,1.7499,0.6261,48.806,2,4,0,0.9795,0,6,0,5985.56
4106.92,6495.95,1.5817,0.1899,6254.81,-3.7122,8.11,243,29.955,1.7496,0.9534,35.655,2,3,1,1.0303,0,9,1,5808.39
4818.09,8858.91,1.8387,0.2674,9650.03,8.9302,1.45,65,44.805,0.3057,0.5896,31.707,1,9,0,0.9719,0,1,1,7262.53
2695.34,5022.11,1.8633,0.2145,4665.31,-7.1045,36.58,245,6.697,0.7445,0.6306,6.948,3,3,1,1.0547,0,5,2,4166.0
993.81,1911.36,1.9233,0.2998,1905.67,-0.2975,3.82,89,23.28,0.9948,0.8343,22.853,4,3,1,1.042,1,5,1,1627.19
2965.82,4694.47,1.5829,0.1574,5091.49,8.4572,19.5,429,22.005,0.6924,0.8151,18.831,2,4,0,0.9816,0,6,1,3885.79
2544.7,4428.11,1.7401,0.1561,5251.72,18.5994,10.12,177,17.486,0.7316,0.8917,13.93,1,10,1,1.1089,0,0,1,3732.79
4299.61,5353.14,1.245,0.1319,4996.01,-6.6715,58.42,59,1.01,0.8794,0.7715,0.821,5,10,1,1.12,0,0,2,5546.19
941.37,1534.9,1.6305,0.1328,1684.94,9.7751,5.17,231,44.66,1.0642,0.9741,50.689,2,10,1,1.0777,0,1,2,1448.02
2697.09,3671.78,1.3614,0.157,4035.14,9.8961,11.12,435,39.108,3.8694,0.7828,39.957,4,3,1,1.0872,1,1,1,3535.11
1175.22,1782.76,1.517,0.2586,1813.21,1.7081,10.67,352,32.99,0.7146,0.3646,42.514,2,2,0,0.9895,0,4,0,1526.76
1961.04,3312.09,1.6889,0.2812,3727.24,12.5346,23.91,175,7.319,1.5263,0.7106,6.192,6,5,0,1.0129,0,0,2,2760.75
3818.11,5224.84,1.3684,0.295,5300.32,1.4447,8.5,166,19.532,2.0788,0.6995,24.887,6,11,1,1.0446,0,1,1,5933.16
2642.08,3155.59,1.1944,0.1465,3313.37,5.0,8.25,382,46.292,0.608,0.848,46.712,1,1,1,1.0359,1,5,0,3105.44
2191.5,2539.29,1.1587,0.2763,2881.81,13.4889,6.31,197,31.23,2.7352,0.7284,24.597,5,1,1,1.0607,1,2,0,2938.55
2275.14,2659.27,1.1688,0.1657,2634.02,-0.9494,1.93,59,30.567,1.125,0.6352,24.115,5,11,1,1.0666,0,3,2,3079.91
2567.51,2970.86,1.1571,0.1226,2944.66,-0.8818,9.03,413,45.743,0.2872,0.8721,48.723,1,6,0,0.9612,0,0,0,2952.64
4032.57,5015.72,1.2438,0.274,5198.37,3.6416,16.5,469,28.432,1.8421,0.8724,34.086,2,12,1,1.0823,0,4,2,5764.84
4514.38,6110.51,1.3536,0.2272,6854.02,12.1678,13.54,410,30.284,0.4454,0.8497,34.784,4,4,0,0.9916,1,3,1,5397.02
4799.01,6421.25,1.338,0.1329,5463.68,-14.9126,4.57,82,17.94,2.0729,0.8903,19.615,1,8,0,1.0024,1,7,2,6337.96
4041.07,8036.78,1.9888,0.186,8908.66,10.8487,3.8,73,19.201,1.6269,0.8553,15.423,6,1,1,1.0423,1,2,0,6571.75
1919.33,2706.46,1.4101,0.1575,2484.27,-8.2096,8.96,310,34.595,0.5944,0.8751,26.465,3,10,1,1.0573,0,9,2,2550.3
3596.61,4525.64,1.2583,0.2474,3749.1,-17.1587,27.12,453,16.701,0.8228,0.4556,11.693,1,5,0,1.0044,0,0,2,4292.5
2469.21,3984.64,1.6137,0.1907,4450.33,11.687,0.88,25,28.396,1.4081,0.8117,21.612,0,11,1,1.0266,0,9,1,4323.16
1646.02,3093.3,1.8793,0.2979,2654.23,-14.1943,28.95,425,14.681,0.7577,0.8174,17.027,2,6,0,0.9858,1,4,0,2545.41
4283.92,7395.55,1.7264,0.1109,6547.32,-11.4695,41.14,376,9.14,2.387,0.5128,11.308,3,5,0,1.0076,0,0,2,6306.61
672.92,943.21,1.4017,0.171,1020.99,8.2467,10.4,242,23.266,1.5799,0.8909,19.641,4,11,1,1.0795,0,4,1,1030.1
4557.93,7417.45,1.6274,0.1964,7608.89,2.5809,27.63,322,11.655,0.4736,0.838,13.717,6,10,1,1.1172,0,8,1,6373.95
2576.65,4528.79,1.7576,0.2006,5290.52,16.8199,2.55,115,45.026,0.916,0.8807,36.89,3,6,0,0.9655,0,4,1,3885.83
3367.41,5956.57,1.7689,0.1632,7039.08,18.1734,20.28,322,15.877,1.2968,0.7792,13.489,5,3,1,1.0983,0,1,1,5006.87
3467.09,5951.46,1.7166,0.2458,5508.58,-7.4415,5.91,179,30.273,0.6772,0.8519,25.262,5,9,0,0.9704,0,1,1,4959.4
4528.03,8558.83,1.8902,0.2749,7956.97,-7.0321,18.77,261,13.909,1.7261,0.6617,10.168,1,7,0,0.9913,0,9,2,7372.76
3365.01,6358.49,1.8896,0.2877,5620.25,-11.6103,36.36,496,13.643,1.3597,0.6329,11.139,1,10,1,1.1145,0,8,2,5517.68
3262.7,5357.67,1.6421,0.261,5395.42,0.7047,6.22,113,18.181,1.4321,0.9391,16.802,0,1,1,1.1013,0,4,0,5230.32
799.93,1212.2,1.5154,0.2701,1153.04,-4.8805,5.78,265,45.878,0.8543,0.8846,43.276,6,5,0,1.01,0,7,2,1176.08
2832.84,4802.61,1.6953,0.2101,3870.23,-19.4139,1.83,37,20.183,0.6009,0.9023,17.876,5,10,1,1.0286,0,9,0,4064.28
1175.76,2169.84,1.8455,0.2652,2078.67,-4.2018,9.19,379,41.242,1.8382,0.8871,41.606,3,1,1,1.0559,0,3,0,1811.52
3818.45,4409.56,1.1548,0.1607,3636.48,-17.5319,7.12,76,10.668,2.4114,0.7196,9.887,1,3,1,1.0817,1,1,0,4391.22
2805.0,5590.92,1.9932,0.1797,6259.69,11.9618,30.06,101,3.36,1.6763,0.8671,4.309,4,6,0,0.9862,1,3,2,4722.74
3561.03,4648.77,1.3055,0.1634,5446.31,17.1557,0.28,11,39.302,1.5614,0.6654,46.55,4,2,0,0.9975,0,3,1,5260.69
687.53,1065.47,1.5497,0.1935,978.45,-8.167,10.92,301,27.552,1.0317,0.8522,34.676,5,5,0,1.0127,0,8,0,923.72
881.56,1667.24,1.8912,0.1571,1767.75,6.0285,1.87,48,25.683,0.7017,0.8318,26.567,3,7,0,0.9976,0,9,1,1405.47
3723.46,4994.21,1.3413,0.2923,4172.21,-16.4592,17.65,253,14.338,1.4489,0.7011,15.872,3,12,1,1.0466,1,5,0,4374.87
824.38,1282.14,1.5553,0.1626,1212.15,-5.459,76.15,346,4.544,0.7309,0.7549,3.635,0,9,0,0.9681,0,9,2,1072.31
820.66,1036.24,1.2627,0.1196,1067.7,3.0365,15.37,379,24.66,1.6503,0.6803,28.4,3,1,1,1.068,0,5,0,1005.47
554.49,823.87,1.4858,0.2054,693.42,-15.8331,5.7,248,43.494,1.1457,0.5715,36.604,4,7,0,0.9526,0,4,2,741.91
4804.26,6248.25,1.3006,0.1114,5941.18,-4.9144,10.32,71,6.881,0.4779,0.9051,5.419,3,8,0,0.976,0,5,1,5524.89
3818.79,5571.93,1.4591,0.1221,6586.56,18.2096,9.59,446,46.529,1.0284,0.7994,33.739,1,3,1,1.0898,0,0,2,5909.0
2089.63,3066.42,1.4674,0.1439,2656.85,-13.3567,13.55,196,14.462,0.5371,0.6769,14.221,1,2,0,1.0079,1,4,1,2591.76
1834.41,3658.17,1.9942,0.1929,3834.1,4.8092,9.31,252,27.077,0.4989,0.7434,23.613,5,8,0,1.0048,1,5,2,3165.96
2073.66,4138.19,1.9956,0.1867,4689.97,13.3339,113.41,483,4.259,0.3303,0.6703,5.503,5,7,0,0.9623,0,7,0,3643.77
3985.94,4972.73,1.2476,0.2599,5512.12,10.8468,16.36,357,21.827,0.5095,0.8907,18.551,6,12,1,1.1154,0,3,0,5277.62
3476.17,6142.64,1.7671,0.2479,6809.44,10.8553,41.57,298,7.169,0.5518,0.7141,8.746,3,1,1,1.0546,0,4,2,5057.86
1333.38,1592.03,1.194,0.1853,1311.28,-17.6351,65.96,221,3.351,1.8884,0.907,2.982,2,2,0,0.9675,0,3,1,1542.49
1283.49,1508.95,1.1757,0.1667,1794.81,18.9441,1.22,59,48.361,1.3323,0.7021,55.59,3,4,0,0.9539,0,6,1,1740.04
942.78,1168.61,1.2395,0.1633,1274.79,9.0858,9.68,356,36.775,2.7172,0.8734,40.301,6,3,1,1.0663,1,9,1,1329.64
3471.36,6840.88,1.9707,0.2548,8084.12,18.1736,4.31,156,36.234,0.9071,0.8422,37.577,0,2,0,0.9564,1,5,2,5727.96
3939.68,7681.32,1.9497,0.1104,9153.86,19.1704,62.72,341,5.437,0.5234,0.7529,5.166,4,5,0,0.9974,0,3,2,6644.35
1692.71,2225.64,1.3148,0.1026,2098.34,-5.7199,9.91,461,46.538,0.9956,0.7931,51.316,4,6,0,0.9605,0,5,2,1959.55
594.25,765.05,1.2874,0.2591,778.33,1.7353,15.87,381,24.004,0.8087,0.818,22.669,3,6,0,0.9505,0,3,2,702.67
869.77,1178.07,1.3545,0.1954,1286.2,9.1786,4.7,201,42.762,1.2356,0.734,43.996,2,7,0,0.9894,0,7,1,1140.54
4855.37,7711.37,1.5882,0.1262,8788.14,13.9634,164.46,266,1.617,0.4907,0.804,1.705,4,12,1,1.0265,0,2,1,6574.41
1829.5,2989.86,1.6342,0.1471,3553.09,18.8379,2.18,34,15.612,1.0241,0.716,13.433,6,6,0,0.9591,0,7,2,2904.45
3961.5,5301.9,1.3384,0.2865,6308.1,18.9782,5.1,254,49.806,1.9619,0.8095,45.017,6,6,0,0.9979,0,1,2,6237.24
3310.99,5937.03,1.7931,0.2719,5527.97,-6.8898,1.0,22,21.964,1.977,0.7869,15.613,6,8,0,0.9951,0,5,1,5138.93
2218.73,3135.33,1.4131,0.242,3361.67,7.2191,10.22,455,44.536,1.8129,0.954,53.946,2,12,1,1.0328,0,7,1,3311.56
1425.59,2756.83,1.9338,0.1964,2367.49,-14.1227,23.66,404,17.072,1.3173,0.855,19.694,4,5,0,0.9562,0,0,0,2319.79
1046.24,1787.2,1.7082,0.2041,2009.19,12.421,6.13,164,26.741,1.6001,0.8696,21.663,1,12,1,1.0454,0,5,2,1753.6
3267.56,4969.62,1.5209,0.295,4292.76,-13.62,0.63,27,42.857,0.9808,0.9459,39.309,0,5,0,0.9573,1,8,0,4270.96
3985.85,7259.93,1.8214,0.2932,8394.46,15.6272,12.09,371,30.685,1.2341,0.7875,29.232,4,11,1,1.0272,0,9,1,6464.38
3397.57,6269.29,1.8452,0.1431,7470.73,19.164,9.58,350,36.534,0.9376,0.8951,32.904,3,11,1,1.1193,1,9,1,5290.81
2886.36,4031.98,1.3969,0.2622,3364.85,-16.5461,25.63,313,12.213,0.7608,0.9059,14.398,1,7,0,0.9502,0,1,2,3416.29
688.78,990.99,1.4388,0.1394,995.89,0.4944,6.02,52,8.639,1.1372,0.4441,9.807,2,10,1,1.0581,0,0,0,913.74
4858.2,9451.93,1.9456,0.1427,8562.43,-9.4107,23.04,283,12.285,2.3406,0.8516,14.254,0,11,1,1.0568,0,1,1,7993.93
4094.21,5281.66,1.29,0.2352,5218.35,-1.1986,11.8,297,25.159,1.1496,0.7316,31.26,6,11,1,1.068,0,4,0,5654.99
1817.7,2155.48,1.1858,0.181,1977.67,-8.249,11.78,474,40.247,1.2732,0.7385,42.545,2,7,0,0.9868,1,5,0,2090.35
4909.87,7541.29,1.5359,0.2863,6231.06,-17.3741,26.55,487,18.346,1.475,0.6302,19.606,2,3,1,1.0791,0,0,0,6479.01
3208.47,5874.79,1.831,0.1178,5626.01,-4.2348,2.93,84,28.676,1.175,0.8823,32.494,4,1,1,1.0684,0,6,0,4899.82
3120.9,5636.09,1.8059,0.2023,4970.06,-11.8172,11.28,456,40.436,0.8958,0.879,44.833,1,5,0,0.9615,0,3,0,4860.86
3866.33,7468.21,1.9316,0.2837,7615.45,1.9716,27.4,348,12.7,1.4776,0.8319,15.518,0,10,1,1.0374,1,8,2,6318.36
4152.96,6658.12,1.6032,0.2808,7138.98,7.2223,2.78,123,44.266,0.6933,0.8714,51.442,1,11,1,1.1116,0,5,2,7526.61
3454.15,4266.07,1.2351,0.1313,4104.48,-3.7877,9.31,444,47.701,1.801,0.9293,36.838,1,4,0,1.0023,0,8,0,4078.5
1076.43,1776.53,1.6504,0.1733,1565.93,-11.8544,70.8,206,2.91,1.8777,0.6392,3.657,5,1,1,1.078,1,0,2,1536.84
2022.2,3663.5,1.8116,0.2238,3211.72,-12.3318,106.76,416,3.896,0.9766,0.9438,4.325,4,5,0,0.9829,0,3,1,3200.21
4676.38,5748.8,1.2293,0.1319,4604.53,-19.9045,80.26,438,5.457,0.7182,0.8325,4.236,2,6,0,1.0158,1,1,0,5479.03
1510.77,1959.1,1.2968,0.2936,2117.7,8.0954,4.2,164,39.062,2.9071,0.7811,45.436,1,7,0,1.0111,0,5,2,2280.18
2174.75,2523.68,1.1604,0.2829,2274.47,-9.875,4.48,46,10.278,0.7041,0.6571,9.404,2,10,1,1.0611,1,3,2,2818.87
2444.35,4044.43,1.6546,0.1334,4805.98,18.8296,11.46,419,36.559,0.863,0.6315,43.271,1,11,1,1.0253,0,8,1,3541.42
2477.32,4716.14,1.9037,0.1242,5182.2,9.8823,16.36,370,22.623,0.3662,0.7765,28.804,0,12,1,1.0452,1,2,1,4007.16
3258.23,5604.36,1.7201,0.1171,5145.65,-8.1849,3.69,155,41.976,1.989,0.5344,35.812,3,9,0,0.9999,0,0,1,4789.13
4743.84,9415.26,1.9847,0.2819,8130.82,-13.6422,6.52,265,40.619,0.4878,0.8651,49.33,3,12,1,1.076,0,0,1,7939.56
1583.12,1905.41,1.2036,0.1387,2000.18,4.9738,5.79,278,48.023,1.2761,0.7509,55.906,3,4,0,0.9885,0,8,0,1973.11
1046.76,2007.21,1.9176,0.1833,2299.91,14.5823,35.71,475,13.301,1.1643,0.7687,14.667,4,1,1,1.0582,0,8,2,1699.73
1388.62,2557.77,1.842,0.1898,2644.05,3.3729,39.32,481,12.233,0.9617,0.6772,11.388,4,4,0,0.953,0,4,2,2204.87
4491.16,6364.45,1.4171,0.2198,5119.5,-19.561,1.57,4,2.544,0.7625,0.789,1.948,2,11,1,1.0201,0,1,1,6307.89
3406.15,6735.65,1.9775,0.1143,7507.01,11.4519,3.84,81,21.11,1.2465,0.7444,20.906,4,7,0,0.973,0,8,2,5853.92
1786.58,2491.83,1.3947,0.1454,2954.53,18.5689,5.02,118,23.494,2.3902,0.9314,17.935,3,1,1,1.0535,0,7,2,2823.67
4171.76,7951.0,1.9059,0.2863,6511.78,-18.1011,5.41,261,48.261,0.8812,0.6987,48.265,4,9,0,1.0131,0,9,2,6822.07
4376.16,8308.75,1.8986,0.2817,9336.14,12.3652,2.97,124,41.708,0.437,0.6771,49.724,6,6,0,0.987,0,9,1,7315.92
4309.31,7730.95,1.794,0.2563,8408.17,8.7598,46.33,425,9.173,0.4043,0.7354,11.912,3,10,1,1.119,0,5,2,6850.22
4635.17,7550.46,1.6289,0.1039,7240.88,-4.1002,7.53,302,40.126,0.9102,0.6998,32.855,1,8,0,0.9916,1,6,2,6368.14
1635.08,2047.13,1.252,0.1654,2156.91,5.3628,21.98,214,9.737,0.796,0.6965,8.03,6,6,0,1.0147,1,5,2,1880.35
3897.69,6244.78,1.6022,0.2256,5392.51,-13.6478,5.61,27,4.81,0.918,0.8394,5.708,5,7,0,1.013,0,4,0,5337.71
2572.43,3738.45,1.4533,0.155,4067.58,8.8038,11.61,488,42.017,1.1537,0.7925,41.237,3,3,1,1.027,0,3,0,3257.73
4288.99,7820.48,1.8234,0.2819,8074.62,3.2497,5.49,268,48.822,0.7852,0.7195,61.002,3,8,0,0.9696,0,6,2,6678.69
3778.21,6779.65,1.7944,0.2268,5658.53,-16.5367,93.46,497,5.318,3.9752,0.7521,6.176,0,5,0,0.9761,0,3,2,5866.73
3994.01,7684.56,1.924,0.1144,8816.47,14.7295,0.59,24,40.882,1.2107,0.8598,46.682,5,7,0,0.9792,0,9,2,6434.23
3452.73,4014.16,1.1626,0.2818,3417.44,-14.8655,0.14,6,43.101,1.5698,0.8507,32.808,0,7,0,0.9503,0,9,2,4667.87
1298.43,2386.17,1.8377,0.2916,2327.29,-2.4679,28.3,193,6.819,0.9248,0.7206,4.92,0,6,0,0.9662,0,9,2,1935.93
2952.62,5750.8,1.9477,0.1155,4902.38,-14.7531,5.31,79,14.879,0.9279,0.8664,13.244,0,3,1,1.0942,0,8,2,4759.18
4931.01,8978.91,1.8209,0.2065,9503.71,5.8449,11.94,441,36.949,0.7431,0.7204,30.682,6,11,1,1.1057,0,4,0,7603.04
4718.25,5948.13,1.2607,0.1607,6514.05,9.5142,7.91,321,40.579,1.0384,0.7168,45.748,6,1,1,1.1008,0,7,1,6926.49
694.28,846.39,1.2191,0.1786,997.8,17.8893,1.91,35,18.345,0.4667,0.9148,17.802,6,6,0,0.952,1,5,2,865.86
1241.67,1449.92,1.1677,0.1359,1306.44,-9.8958,29.08,257,8.837,0.4478,0.7759,8.959,3,9,0,0.9765,1,3,2,1427.92
1092.78,1840.71,1.6844,0.2156,1742.27,-5.3481,3.42,112,32.769,0.7334,0.9646,38.937,2,2,0,0.9995,0,2,2,1546.82
3766.91,6348.08,1.6852,0.2916,6060.43,-4.5313,8.28,293,35.396,0.623,0.8579,34.94,6,2,0,0.9594,0,5,1,5417.67
4180.03,8313.57,1.9889,0.2006,6973.43,-16.12,7.83,201,25.677,0.7336,0.8852,26.369,0,10,1,1.0363,0,0,2,7074.79
1460.8,2174.16,1.4883,0.1166,2441.94,12.3163,1.6,13,8.102,0.8451,0.7925,9.766,4,1,1,1.0528,0,1,2,2539.19
2776.34,3976.05,1.4321,0.224,3312.38,-16.6917,3.63,154,42.38,0.8654,0.6727,40.634,4,1,1,1.0617,1,6,1,3643.26
4283.16,7198.98,1.6808,0.168,6734.05,-6.4582,12.2,398,32.618,1.5013,0.9571,24.459,4,2,0,1.0157,0,3,2,6069.46
3797.61,7032.28,1.8518,0.2712,6161.36,-12.3846,1.93,84,43.589,1.4718,0.8798,44.157,3,1,1,1.0638,0,4,1,6312.04
2940.07,5722.13,1.9463,0.1869,6098.37,6.5752,2.98,139,46.715,0.9858,0.7719,48.94,1,12,1,1.0984,0,9,1,5160.68
3156.56,5784.9,1.8327,0.1386,6723.37,16.2228,9.14,370,40.479,2.6982,0.8103,40.766,6,12,1,1.082,0,0,2,5459.3
2787.62,4216.76,1.5127,0.1382,4632.51,9.8594,8.88,426,47.974,0.7919,0.9415,41.01,5,12,1,1.0842,0,1,0,3491.5
1838.97,3107.26,1.6897,0.2538,3448.46,10.9807,2.01,96,47.759,1.5162,0.7823,39.841,5,11,1,1.0969,0,3,0,3295.08
3042.6,5713.56,1.8779,0.1531,4750.26,-16.8599,5.87,184,31.348,1.2877,0.7712,28.898,1,6,0,0.9692,1,7,2,4787.08
3599.98,5641.24,1.567,0.2534,6180.46,9.5584,13.28,487,36.681,0.897,0.8536,29.335,6,5,0,0.9681,0,9,1,4765.23
4429.95,5910.37,1.3342,0.1412,4876.13,-17.4988,9.67,341,35.271,0.9371,0.6797,38.785,0,8,0,0.9894,0,3,1,5094.45
3363.31,4353.02,1.2943,0.1643,4325.52,-0.6317,11.36,357,31.436,0.8021,0.8892,33.599,4,10,1,1.0906,0,2,1,4650.86
3925.05,4514.33,1.1501,0.1931,4860.93,7.6778,252.0,491,1.948,1.4613,0.7029,2.103,5,7,0,0.9884,0,2,2,5077.46
1220.32,2148.38,1.7605,0.2886,1937.61,-9.8106,27.06,499,18.439,1.8671,0.8575,15.395,0,12,1,1.0653,0,4,0,1857.25
2577.01,3206.91,1.2444,0.2863,3441.11,7.3027,73.0,431,5.904,1.0185,0.9192,5.006,3,4,0,0.9986,0,2,1,3311.1
541.99,735.63,1.3573,0.1414,847.6,15.2212,11.96,188,15.713,0.3931,0.8275,18.422,6,9,0,0.9886,0,7,1,623.29
1610.05,2259.22,1.4032,0.1716,2600.78,15.1186,18.58,81,4.36,1.314,0.8996,4.857,4,11,1,1.1068,0,4,2,2421.03
3769.08,6129.74,1.6263,0.1299,5374.81,-12.3158,6.49,299,46.082,0.9144,0.9911,56.455,0,11,1,1.0497,1,6,0,5391.09
4963.14,7386.47,1.4883,0.202,6720.25,-9.0194,7.74,179,23.115,0.5901,0.9153,21.777,2,4,0,1.0172,1,7,0,6263.13
946.3,1630.92,1.7235,0.1921,1739.24,6.6415,43.29,445,10.279,1.0384,0.7944,10.571,3,9,0,0.9729,0,4,2,1390.88
2306.72,2761.82,1.1973,0.2802,3138.89,13.6526,12.98,385,29.654,0.8403,0.7088,33.903,5,4,0,0.9759,0,7,0,3104.61
4100.32,5147.33,1.2553,0.286,5055.13,-1.7913,32.75,348,10.626,0.578,0.8951,13.649,5,2,0,0.9878,0,2,2,4993.87
1418.16,2232.65,1.5743,0.1767,2609.7,16.888,11.23,454,40.418,0.8953,0.7001,52.291,3,2,0,0.9535,1,6,1,1826.9
2997.88,4306.22,1.4364,0.1983,4434.74,2.9846,25.89,414,15.99,2.0249,0.8668,20.779,3,6,0,0.9634,1,7,2,3646.53
3798.82,5323.82,1.4014,0.2792,4816.88,-9.5221,6.33,104,16.43,1.0735,0.9988,20.28,2,6,0,1.0069,1,6,1,4753.14
3271.93,3949.14,1.207,0.2613,3190.85,-19.2014,8.71,380,43.628,1.013,0.7866,47.283,5,7,0,1.0056,0,1,2,4436.09
1346.11,2572.91,1.9114,0.1007,2889.23,12.2944,7.36,209,28.401,1.2503,0.7821,19.999,1,12,1,1.0915,1,7,1,2111.04
2099.23,3648.56,1.738,0.164,3054.29,-16.2878,7.37,328,44.478,1.1249,0.8271,49.803,5,7,0,0.9913,0,5,1,3044.58
4027.06,5047.42,1.2534,0.1844,4196.31,-16.8623,11.68,248,21.232,0.869,0.443,17.902,1,12,1,1.0887,0,9,2,5477.95
2994.02,3608.66,1.2053,0.1459,4008.69,11.0853,3.98,71,17.852,1.1024,0.8558,13.109,2,3,1,1.0892,0,2,1,4110.25
523.53,1035.88,1.9786,0.1399,841.82,-18.734,6.2,160,25.804,1.043,0.7551,28.857,5,10,1,1.1098,0,3,0,871.81
3924.46,6785.38,1.729,0.1076,7715.68,13.7104,32.89,132,4.013,0.3417,0.9557,4.63,1,7,0,0.9829,0,6,2,5923.3
658.9,991.54,1.5048,0.2287,1030.69,3.949,27.93,239,8.556,1.3029,0.9157,9.374,2,9,0,1.0149,0,2,0,873.91
3855.8,6734.05,1.7465,0.1525,7101.85,5.4618,6.55,77,11.757,1.0227,0.7363,10.805,0,9,0,0.9835,0,0,1,5805.95
1411.16,2530.05,1.7929,0.1105,2973.36,17.522,1.39,57,41.017,1.3109,0.8126,41.288,2,11,1,1.0356,0,5,1,2158.1
4811.33,8722.79,1.813,0.1462,10002.22,14.6677,12.45,460,36.956,0.9905,0.8591,46.601,1,7,0,0.9947,0,2,1,7449.04
2155.73,3354.74,1.5562,0.2604,2785.77,-16.9602,11.84,124,10.472,0.8391,0.6958,11.915,6,4,0,0.9801,1,9,2,2861.63
1971.19,2987.15,1.5154,0.2703,3408.91,14.1194,0.69,10,14.561,0.6207,0.9055,14.602,2,8,0,0.9888,0,5,1,3026.5
1170.0,1356.46,1.1594,0.1966,1447.15,6.6858,9.88,467,47.269,1.0839,0.7683,49.919,2,2,0,1.0154,1,9,0,1345.5
1875.22,3633.37,1.9376,0.1832,3367.08,-7.3291,78.01,406,5.204,1.0817,0.7193,6.54,6,8,0,0.9553,0,2,0,3052.47
4444.93,7391.08,1.6628,0.2956,8435.77,14.1344,15.38,428,27.825,1.9638,0.6179,26.052,4,12,1,1.0498,0,5,2,7232.13
4983.5,6591.59,1.3227,0.1401,5334.7,-19.068,0.98,26,26.578,0.7855,0.8364,20.229,2,12,1,1.0676,0,3,0,6102.52
2157.39,4167.36,1.9317,0.1431,4730.02,13.5018,5.63,206,36.56,1.713,0.9195,32.739,1,11,1,1.0968,0,3,2,3622.34
2518.75,4855.37,1.9277,0.1584,5088.8,4.8076,16.0,221,13.81,1.4878,0.9266,13.108,3,3,1,1.1185,0,9,2,4066.64
3749.32,7464.17,1.9908,0.1346,6751.1,-9.5533,6.64,311,46.804,0.6807,0.9233,40.428,0,5,0,1.0065,0,9,1,6394.49
4487.88,8495.33,1.8929,0.1759,6816.5,-19.7617,18.04,381,21.119,0.5008,0.6813,21.486,2,3,1,1.0253,0,1,0,7339.27
3168.7,6331.43,1.9981,0.2822,6385.44,0.853,16.6,249,15.0,1.6609,0.8039,13.244,1,6,0,0.9507,1,3,0,5359.95
2261.87,3071.58,1.358,0.2231,2976.06,-3.1097,17.94,314,17.507,1.2581,0.9377,13.338,5,6,0,0.955,0,3,0,2601.15
2356.8,4397.58,1.8659,0.1824,5035.31,14.5019,11.44,207,18.087,1.5073,0.9659,14.702,5,8,0,0.9979,0,6,1,3673.05
3630.28,6714.47,1.8496,0.2869,7487.76,11.5166,10.05,108,10.747,1.0772,0.9572,13.444,1,1,1,1.0218,0,4,2,5727.79
514.48,692.65,1.3463,0.1097,717.49,3.5863,6.35,295,46.475,0.5997,0.6213,50.088,4,5,0,0.987,0,7,0,597.87
3288.15,4056.5,1.2337,0.1421,3489.97,-13.966,41.91,401,9.569,1.0943,0.6434,8.503,5,5,0,0.9662,0,6,0,3901.44
2099.72,4162.71,1.9825,0.2132,4539.22,9.045,9.81,434,44.259,1.385,0.6636,40.725,1,9,0,1.0084,0,9,0,3581.6
4073.89,5710.05,1.4016,0.2231,5923.88,3.7449,2.88,60,20.842,0.3285,0.8618,20.759,3,10,1,1.0969,0,8,0,5946.12
918.46,1736.12,1.8903,0.1079,1404.55,-19.0983,8.52,121,14.195,1.2711,0.9376,15.669,1,4,0,0.9805,0,7,1,1431.61
3146.91,3629.99,1.1535,0.1806,4010.13,10.4723,22.19,238,10.727,1.5133,0.8348,11.256,3,6,0,0.9657,0,8,2,4011.0
2664.38,3111.65,1.1679,0.2298,3524.53,13.2688,4.08,105,25.713,1.5934,0.8801,32.388,5,12,1,1.0498,0,0,0,3559.01
3390.46,5241.63,1.546,0.2396,5817.15,10.9798,8.23,278,33.794,1.2568,0.6131,36.343,0,11,1,1.0983,0,9,0,5322.32
791.84,1071.29,1.3529,0.2276,932.59,-12.9468,0.78,35,45.013,0.8102,0.521,56.107,6,11,1,1.0846,0,2,2,1257.25
3109.93,5399.97,1.7364,0.1641,5405.37,0.1,1.12,37,32.97,0.968,0.7788,23.186,6,10,1,1.0429,0,4,1,4662.0
3026.68,4935.7,1.6307,0.1187,4989.56,1.0913,2.87,71,24.699,0.4777,0.6648,30.487,2,7,0,0.9596,0,8,1,4224.56
3022.97,3675.52,1.2159,0.1854,4314.11,17.3742,20.83,55,2.64,1.6909,0.6211,2.991,0,3,1,1.1185,0,7,1,4369.0
3215.69,4142.57,1.2882,0.1258,4847.8,17.0242,3.62,166,45.856,1.4856,0.8993,36.837,2,12,1,1.0574,0,9,1,4621.12
3544.11,5244.72,1.4798,0.2895,4326.43,-17.5088,4.87,220,45.216,0.8461,0.6635,38.787,5,6,0,0.9611,0,6,0,4465.27
4122.45,5391.19,1.3078,0.195,6467.7,19.9679,3.83,75,19.557,1.3476,0.6499,20.059,0,3,1,1.0881,0,1,2,6234.63
1714.19,3125.64,1.8234,0.1635,3484.08,11.4676,86.27,209,2.423,1.3641,0.9696,1.878,3,12,1,1.0784,1,5,2,2648.23
4212.72,6334.5,1.5037,0.2533,6019.12,-4.9787,13.46,497,36.935,0.5777,0.6343,43.259,2,6,0,0.9991,0,3,2,5550.29
2742.15,3371.25,1.2294,0.1996,3699.31,9.7313,5.28,210,39.792,2.7668,0.9309,46.744,6,1,1,1.0668,0,4,1,3843.44
846.76,1322.38,1.5617,0.162,1257.14,-4.934,8.23,227,27.581,0.6573,0.9012,24.287,2,9,0,1.0152,1,4,1,1150.96
763.48,936.95,1.2272,0.2624,1100.46,17.4512,10.8,224,20.741,0.3464,0.8478,15.387,0,6,0,1.0155,0,3,2,1049.37
2004.07,2524.32,1.2596,0.2734,2401.25,-4.8755,10.58,452,42.706,1.2228,0.8662,55.231,4,6,0,0.997,1,3,0,2304.68
4032.04,5458.04,1.3537,0.2346,6038.99,10.6439,24.25,253,10.433,1.1835,0.7869,8.873,5,4,0,1.0148,0,3,1,5080.91
3684.56,6929.19,1.8806,0.1094,5973.72,-13.789,21.56,486,22.538,0.8208,0.8823,16.69,4,5,0,0.9592,0,1,0,5957.22
4048.77,7838.09,1.9359,0.2133,8942.69,14.0927,70.46,155,2.2,1.1107,0.8234,1.975,0,4,0,0.9921,0,0,2,6821.22
2827.71,5237.82,1.8523,0.2527,5490.17,4.8178,52.34,473,9.037,0.6755,0.8864,11.579,1,6,0,1.0032,0,1,1,4379.74
2480.9,3557.52,1.434,0.1273,3995.24,12.304,7.69,362,47.101,0.4259,0.5986,55.379,6,7,0,1.016,0,6,0,3027.76
1163.54,1607.52,1.3816,0.1457,1554.77,-3.2816,5.05,148,29.326,1.6285,0.6784,28.98,6,1,1,1.0492,1,0,1,1517.28
1976.87,3196.16,1.6168,0.2765,2999.68,-6.1474,7.83,317,40.474,1.1649,0.7966,35.747,0,3,1,1.0693,0,5,2,3053.88
2453.09,4326.2,1.7636,0.104,4382.66,1.3049,11.19,278,24.839,0.8305,0.6272,23.696,5,2,0,0.9782,0,3,2,3749.61
898.7,1792.34,1.9944,0.2505,1712.18,-4.4724,9.64,404,41.907,2.3932,0.9536,29.771,6,11,1,1.113,1,1,2,1460.69
1492.75,1883.61,1.2618,0.1948,1894.27,0.5659,16.71,458,27.409,0.8629,0.8803,31.0,3,12,1,1.051,0,2,0,1792.8
3192.01,3804.56,1.1919,0.1894,3699.01,-2.7741,400.05,489,1.222,1.3448,0.9523,0.929,3,5,0,1.0095,0,6,1,3670.82
3810.48,6631.01,1.7402,0.1014,5826.39,-12.1343,8.32,375,45.085,0.6128,0.9026,45.6,1,8,0,1.0077,0,5,1,5530.27
4992.56,9273.15,1.8574,0.2639,11041.09,19.0652,27.78,230,8.28,0.3318,0.941,8.607,5,5,0,0.9776,0,5,1,7960.11
4699.01,8784.31,1.8694,0.172,7083.97,-19.3566,17.29,399,23.077,1.3597,0.6868,16.177,4,9,0,0.9697,0,7,2,7752.62
3391.54,5856.16,1.7267,0.2082,6853.22,17.0259,7.76,189,24.357,1.3394,0.5229,31.37,3,1,1,1.1184,0,7,0,5332.38
2395.62,4697.6,1.9609,0.2355,5312.78,13.0958,67.58,224,3.315,2.6047,0.9057,2.921,6,11,1,1.1048,0,5,2,3911.32
3362.8,5327.86,1.5844,0.2405,5159.3,-3.1639,131.65,474,3.6,0.5699,0.2863,2.687,5,6,0,0.9513,0,0,2,4406.49
4035.43,7775.24,1.9267,0.2912,7221.94,-7.1161,1.67,64,38.365,0.4323,0.5668,46.523,3,3,1,1.0567,0,9,0,6589.25
1032.51,2036.78,1.9726,0.2063,1763.59,-13.4125,6.81,107,15.722,0.7356,0.9144,12.439,6,2,0,1.004,0,6,2,1737.35
2344.57,4384.55,1.8701,0.1799,3741.0,-14.6776,3.75,79,21.072,1.3191,0.7527,15.066,6,4,0,1.019,0,7,2,3678.58
4279.11,6047.64,1.4133,0.2907,6170.82,2.0367,4.61,132,28.642,0.3346,0.8445,28.55,2,3,1,1.0409,0,4,1,6312.52
2227.25,2932.8,1.3168,0.2284,2469.92,-15.7829,8.97,173,19.296,1.0407,0.3133,15.011,6,11,1,1.0512,0,3,0,2900.08
3073.43,4966.35,1.6159,0.1596,4919.61,-0.9411,1.62,63,38.977,0.7936,0.9292,50.259,5,9,0,1.0153,0,6,0,4180.28
3144.96,4827.71,1.5351,0.1253,5435.45,12.5884,4.71,209,44.339,0.819,0.8266,31.314,2,12,1,1.0344,0,5,1,4375.72
1330.14,2522.08,1.8961,0.2685,2781.37,10.2807,75.39,296,3.926,0.6449,0.6473,2.869,1,9,0,1.0119,1,5,0,2135.05
2130.06,2630.68,1.235,0.1724,2243.98,-14.6995,3.02,97,32.135,1.7421,0.8798,38.561,3,8,0,0.9686,0,2,1,2567.45
2005.3,2745.42,1.3691,0.2321,3251.75,18.443,10.32,171,16.565,0.4506,0.8174,13.979,0,7,0,1.0008,1,9,2,2306.1
617.89,1105.41,1.789,0.1942,1010.87,-8.5532,2.97,88,29.58,1.6067,0.8764,36.886,4,10,1,1.023,0,3,0,945.73
608.86,749.35,1.2307,0.1398,811.0,8.2276,14.61,361,24.711,1.2737,0.8982,21.911,1,3,1,1.0972,0,4,0,833.84
4242.64,6035.79,1.4226,0.2203,5554.12,-7.9801,12.97,225,17.35,0.7873,0.8616,12.872,0,11,1,1.1065,0,8,2,6028.16
1728.82,2557.06,1.4791,0.1121,2677.17,4.697,25.15,142,5.646,2.1609,0.8268,3.988,0,3,1,1.1185,1,7,2,2379.01
2831.35,4754.42,1.6792,0.1827,4892.28,2.8995,6.86,195,28.413,0.3891,0.8465,24.706,6,7,0,0.964,1,2,0,3969.92
1844.27,2368.8,1.2844,0.2093,2064.0,-12.8674,27.27,178,6.527,1.6478,0.6683,6.424,1,4,0,1.001,0,5,0,2160.21
4733.06,8905.31,1.8815,0.1872,9448.75,6.1024,6.13,53,8.65,0.5767,0.6977,6.06,1,8,0,1.0193,0,9,0,7508.78
1666.84,2550.94,1.5304,0.2497,2373.4,-6.9598,3.97,195,49.127,0.7953,0.8532,51.517,6,1,1,1.0714,0,0,1,2600.26
2433.46,4695.28,1.9295,0.2656,4904.03,4.446,13.08,216,16.519,1.1686,0.7068,14.87,3,1,1,1.1021,0,2,0,4008.62
4427.29,6852.06,1.5477,0.2542,6965.47,1.6551,16.47,488,29.637,1.6874,0.7303,27.684,4,7,0,0.9513,0,9,0,5663.3
4288.7,5934.64,1.3838,0.1078,6748.04,13.7061,23.15,332,14.339,0.6201,0.6286,12.287,6,9,0,1.0014,1,6,2,4950.13
1337.46,1699.31,1.2706,0.1388,1504.63,-11.4563,6.84,297,43.41,1.3301,0.938,44.166,5,2,0,1.0079,0,6,2,1726.73
4111.89,4741.77,1.1532,0.2073,4080.6,-13.9435,28.82,429,14.884,0.803,0.5262,12.474,3,5,0,0.9727,0,1,1,4728.68
2561.84,4104.92,1.6023,0.287,4687.66,14.1959,1.26,24,18.977,0.6524,0.9035,14.819,6,2,0,1.02,0,2,2,4257.95
2673.36,3317.86,1.2411,0.267,3244.27,-2.2182,2.14,66,30.811,0.4394,0.7906,38.033,5,12,1,1.1035,0,6,0,3762.1
1100.66,1632.24,1.483,0.2685,1816.26,11.2737,3.71,162,43.629,0.8271,0.5007,40.764,5,9,0,0.9774,0,5,0,1532.4
862.71,1424.23,1.6509,0.1606,1686.04,18.3829,12.17,499,40.994,0.5273,0.9357,30.588,0,9,0,0.9649,0,6,1,1212.25
3775.73,5226.86,1.3843,0.1859,5319.54,1.7731,7.97,111,13.929,0.5427,0.6867,11.675,5,1,1,1.1037,1,9,2,5389.05
2734.08,3551.4,1.2989,0.1941,3268.25,-7.9728,7.88,328,41.648,0.7839,0.8627,36.899,3,11,1,1.0937,0,8,2,3573.58
2465.83,4459.48,1.8085,0.1315,4984.33,11.7692,5.8,205,35.359,0.8879,0.8567,41.079,3,7,0,0.9792,0,7,2,3868.09
3782.79,7394.49,1.9548,0.1062,8669.13,17.2377,8.18,405,49.502,0.7601,0.7528,35.312,4,11,1,1.0208,0,5,1,6394.68
3944.81,4873.31,1.2354,0.2894,4376.53,-10.194,7.84,367,46.837,1.0353,0.7631,46.226,2,1,1,1.119,0,3,2,5554.69
1215.09,1558.05,1.2823,0.1481,1675.43,7.5338,5.01,136,27.124,2.3223,0.8408,25.621,4,7,0,0.9654,1,9,2,1804.41
3246.01,6381.7,1.966,0.148,7097.94,11.2234,10.78,407,37.747,0.7151,0.7121,48.355,6,8,0,0.9796,0,8,2,5521.12
1109.09,1311.08,1.1821,0.1167,1062.79,-18.9375,9.61,278,28.939,0.6397,0.824,23.384,6,1,1,1.1188,1,6,0,1275.46
3881.19,7688.58,1.981,0.2857,7972.35,3.6907,14.72,444,30.155,0.6263,0.9058,32.468,3,3,1,1.0442,0,4,1,6466.54
3456.3,3988.39,1.1539,0.2159,4200.83,5.3266,27.45,164,5.974,0.2482,0.8002,4.906,2,10,1,1.1153,0,1,0,3978.88
4804.77,9093.59,1.8926,0.2334,9590.25,5.4617,385.57,428,1.11,0.7281,0.8145,1.142,5,5,0,0.9613,0,8,1,7561.17
810.31,1143.53,1.4112,0.2823,953.3,-16.6357,80.33,270,3.361,2.4368,0.8804,3.472,0,10,1,1.0298,0,6,2,1146.66
756.75,1473.99,1.9478,0.1691,1191.98,-19.1325,9.1,440,48.365,1.0356,0.5908,36.042,6,7,0,0.9777,0,8,0,1242.2
1769.84,2512.12,1.4194,0.2243,2304.81,-8.2523,31.58,227,7.187,0.817,0.6579,6.999,6,5,0,1.0008,1,8,2,2093.96
1677.68,2862.38,1.7062,0.1078,2699.61,-5.6867,39.68,126,3.175,1.3006,0.9033,3.101,4,3,1,1.0809,0,9,2,2482.16
1611.4,1962.74,1.218,0.1374,1683.73,-14.215,16.63,269,16.173,0.8066,0.815,14.418,6,8,0,0.9709,1,4,1,1853.12
4578.15,6207.88,1.356,0.2662,6231.68,0.3835,10.29,307,29.821,1.8575,0.8437,25.834,1,6,0,0.9938,0,6,2,6410.94
1622.96,2933.7,1.8076,0.2534,2613.98,-10.8982,5.2,247,47.475,0.9394,0.8284,39.621,0,1,1,1.0642,0,4,0,2483.63
1723.77,2756.97,1.5994,0.1701,2577.81,-6.4987,9.6,339,35.294,2.0125,0.9144,24.832,2,7,0,0.9998,1,2,1,2305.22
3917.29,7594.74,1.9388,0.1754,6965.36,-8.2871,33.42,486,14.541,1.1403,0.8617,10.195,0,9,0,0.9883,0,9,1,6564.05
2523.83,3822.18,1.5144,0.2067,4238.09,10.8813,0.74,35,47.014,1.3031,0.854,49.547,1,1,1,1.114,0,7,0,4370.73
3995.2,7548.29,1.8893,0.1,8686.8,15.083,55.68,154,2.766,0.9267,0.732,2.42,1,7,0,0.9775,0,7,2,6566.53
794.15,1216.33,1.5316,0.1482,1118.28,-8.0611,2.94,144,48.974,1.6235,0.86,39.215,6,2,0,0.9655,0,8,2,1206.11
2694.07,5340.62,1.9824,0.1416,5077.11,-4.934,122.12,473,3.873,2.3357,0.8459,4.303,4,1,1,1.0566,0,5,2,4431.64
651.26,1280.29,1.9659,0.1501,1441.74,12.6109,11.18,424,37.939,1.3079,0.715,38.597,5,1,1,1.1083,1,1,2,1108.37
781.94,1117.99,1.4298,0.2612,1233.86,10.364,80.45,259,3.22,0.9133,0.6152,4.021,4,3,1,1.11,0,2,2,1200.23
4578.97,8713.94,1.903,0.1559,9441.7,8.3517,8.28,386,46.647,1.6281,0.5333,55.911,3,1,1,1.0322,0,9,1,7551.14
1126.6,2107.28,1.8705,0.1383,2282.48,8.3143,2.85,18,6.325,0.7902,0.542,7.185,3,10,1,1.0965,0,5,1,1787.14
2895.89,3848.87,1.3291,0.2009,3536.62,-8.1128,122.07,424,3.473,2.0309,0.5316,2.695,0,2,0,0.982,1,0,0,3330.28
2349.93,3949.4,1.6806,0.2731,4639.01,17.4612,9.49,423,44.574,0.7759,0.7301,49.016,6,7,0,0.9575,0,1,2,3350.95
2063.04,2499.96,1.2118,0.1483,2809.15,12.3678,10.01,57,5.694,0.9643,0.8188,6.356,1,8,0,1.0156,0,7,2,2690.47
4549.25,8467.08,1.8612,0.1157,7491.44,-11.5227,10.52,422,40.099,1.5447,0.8579,46.434,6,3,1,1.1099,1,7,2,7250.45
598.21,776.69,1.2984,0.1713,827.06,6.4861,6.97,262,37.605,0.3599,0.8556,32.26,0,7,0,1.0167,0,5,0,719.96
3487.05,4220.01,1.2102,0.2495,3637.46,-13.8043,1.15,35,30.345,1.1705,0.8133,32.899,2,12,1,1.0276,0,2,2,4714.05
4835.27,7205.46,1.4902,0.2101,7429.22,3.1054,10.76,210,19.52,1.0829,0.9036,20.905,2,7,0,0.9523,0,1,1,6109.69
3020.76,4955.2,1.6404,0.2634,4537.18,-8.4361,7.22,331,45.863,0.7925,0.8772,42.707,3,10,1,1.0972,0,5,2,4794.88
4715.7,8849.86,1.8767,0.2919,7452.45,-15.7901,3.37,147,43.683,0.8503,0.7491,47.968,5,4,0,0.9826,0,0,0,7385.65
735.16,1454.23,1.9781,0.2585,1514.24,4.127,4.61,101,21.886,0.6554,0.6892,16.459,0,11,1,1.109,0,9,1,1276.41
2384.57,3633.06,1.5236,0.2208,4191.53,15.3719,6.07,75,12.355,0.6182,0.8146,13.418,2,1,1,1.1054,0,5,1,3884.08
1670.71,2007.16,1.2014,0.1987,1718.7,-14.3716,28.7,412,14.356,0.8127,0.8849,15.269,3,4,0,0.9797,0,8,1,1921.32
3788.69,6769.44,1.7867,0.108,7850.02,15.9626,40.44,477,11.796,0.6078,0.9212,9.748,0,11,1,1.0365,0,6,2,5659.85
4915.84,8014.77,1.6304,0.2969,6821.57,-14.8875,16.97,467,27.521,1.2906,0.8068,32.776,6,12,1,1.0622,0,8,0,6680.36
1654.39,2532.38,1.5307,0.1767,2777.39,9.6751,1.54,67,43.558,0.6979,0.8813,53.344,1,12,1,1.075,0,1,0,2379.46
3443.79,4865.65,1.4129,0.1304,5818.54,19.5839,1.67,65,38.907,1.4907,0.7906,32.148,2,1,1,1.041,1,4,2,5636.22
1391.44,2194.35,1.577,0.2333,1837.71,-16.2528,7.55,302,39.98,0.623,0.9474,29.808,5,10,1,1.1058,0,8,0,1834.41
3043.99,4376.88,1.4379,0.1569,3873.84,-11.4931,9.62,221,22.966,0.5251,0.9327,24.393,2,4,0,1.0034,0,6,1,3778.92
2587.7,4640.93,1.7935,0.2172,4573.28,-1.4578,8.93,150,16.8,0.8962,0.7024,16.597,6,5,0,1.0028,0,8,1,3770.21
4874.02,7858.44,1.6123,0.2174,8605.29,9.5039,10.21,389,38.11,0.5606,0.7958,36.455,1,9,0,0.9617,0,5,0,6715.21
3238.37,6137.75,1.8953,0.1891,7114.66,15.9163,6.85,273,39.872,0.9338,0.8555,46.116,6,7,0,0.9873,0,6,0,5158.35
2072.78,3341.34,1.612,0.2672,3647.56,9.1644,12.43,436,35.072,0.6741,0.8322,44.956,3,9,0,0.983,0,9,2,2901.0
1013.43,1370.69,1.3525,0.153,1519.39,10.8488,107.65,277,2.573,0.5323,0.6254,2.539,2,9,0,0.9846,0,4,2,1210.04
1180.61,2211.79,1.8734,0.1897,2169.44,-1.9146,16.19,484,29.895,0.5357,0.8674,21.037,1,8,0,0.9618,0,5,2,1813.72
1513.93,2458.07,1.6236,0.2075,2316.3,-5.7674,3.72,67,18.005,1.7984,0.7249,19.045,6,2,0,0.9769,0,0,2,2222.4
1629.35,2160.22,1.3258,0.2327,2166.93,0.3106,22.05,234,10.613,1.4198,0.5731,11.594,3,5,0,0.9863,0,0,2,2029.19
4327.77,7270.58,1.68,0.2568,7705.43,5.981,5.77,202,35.025,0.5194,0.9305,41.919,4,4,0,0.9979,0,1,2,6212.29
3025.5,4399.26,1.4541,0.179,4403.38,0.0937,16.39,232,14.158,0.6727,0.9235,11.604,3,1,1,1.0811,1,3,1,3741.45
2855.26,5332.9,1.8677,0.2292,5952.21,11.6132,3.54,162,45.729,2.1025,0.6224,46.397,2,6,0,0.9953,0,8,0,4509.22
1016.46,1560.58,1.5353,0.1301,1346.51,-13.717,29.35,458,15.606,0.9855,0.8894,15.111,3,5,0,0.9932,0,6,2,1298.75
4370.63,7724.98,1.7675,0.2865,7404.2,-4.1525,3.44,97,28.204,0.8423,0.9394,30.987,5,10,1,1.0956,0,5,1,6926.71
3752.66,4620.3,1.2312,0.1766,3819.16,-17.3396,0.19,8,41.56,1.0552,0.7046,30.687,2,12,1,1.0551,1,0,0,4471.82
804.51,1196.0,1.4866,0.2459,1278.01,6.8575,20.0,414,20.704,1.1409,0.8057,25.474,3,10,1,1.027,0,4,0,1029.37
3685.26,7318.02,1.9858,0.1041,8070.41,10.2813,5.96,248,41.604,0.9946,0.8986,41.883,4,7,0,0.9518,1,3,0,6168.57
2945.92,5412.22,1.8372,0.141,5774.59,6.6954,13.41,489,36.461,0.6694,0.9376,44.71,3,1,1,1.0233,1,4,2,4551.72
867.76,1115.9,1.2859,0.1974,1319.06,18.2062,10.39,479,46.122,0.37,0.6822,41.701,4,5,0,1.0166,1,8,2,997.93
2562.35,3551.68,1.3861,0.2757,4165.61,17.2857,25.11,426,16.966,0.99,0.9521,18.529,2,3,1,1.0837,1,2,2,3700.55
2681.13,3834.94,1.4303,0.2055,3482.76,-9.1834,36.77,226,6.146,0.3967,0.9363,7.831,6,4,0,1.0165,0,3,0,3258.27
1245.99,2121.68,1.7028,0.286,1903.72,-10.2731,10.87,240,22.087,0.7831,0.6447,27.963,3,4,0,1.0105,0,7,0,1838.41
4755.64,8528.98,1.7934,0.1968,6909.58,-18.9871,1.87,74,39.505,0.7206,0.7691,50.031,1,12,1,1.0278,0,2,1,6943.75
4324.89,7729.0,1.7871,0.1981,7736.94,0.1027,0.69,16,23.071,0.6959,0.8672,16.744,6,6,0,0.9956,0,2,1,6806.37
3510.6,5558.66,1.5834,0.1239,6361.6,14.4448,3.61,50,13.837,1.2364,0.8635,13.032,5,12,1,1.0798,0,8,1,5315.43
2580.33,4745.74,1.8392,0.2605,4095.58,-13.6997,96.49,227,2.353,0.8988,0.9261,1.733,4,4,0,0.9644,0,4,1,4111.48
2352.94,3580.04,1.5215,0.1494,3713.77,3.7352,11.81,193,16.338,1.267,0.7194,14.47,0,7,0,1.0144,1,9,0,3092.65
3429.38,4304.9,1.2553,0.2799,4684.36,8.8146,7.76,279,35.956,0.4072,0.8607,28.935,4,3,1,1.0288,0,0,2,5032.22
2954.44,4815.08,1.6298,0.2822,4560.24,-5.2925,28.79,237,8.233,1.4598,0.9476,8.827,3,8,0,0.9942,0,6,2,4270.1
780.23,1528.82,1.9595,0.2887,1652.93,8.1178,21.47,380,17.703,1.584,0.9136,20.685,4,2,0,0.9766,0,6,2,1298.83
2806.26,5118.75,1.824,0.204,5809.4,13.4927,135.59,270,1.991,0.9753,0.5917,2.007,3,2,0,0.9884,0,5,2,4488.33
4128.82,6779.09,1.6419,0.2354,5451.77,-19.5796,11.3,411,36.366,2.6325,0.8137,42.813,2,1,1,1.0705,0,5,1,5899.13
2566.58,4362.63,1.6998,0.2557,4773.12,9.4091,8.74,386,44.153,1.4016,0.7948,31.247,2,6,0,0.9785,1,2,0,3686.92
733.8,1424.3,1.941,0.1262,1481.18,3.9936,5.41,156,28.858,0.9831,0.7134,34.407,5,11,1,1.0825,0,2,2,1193.86
4038.25,6114.28,1.5141,0.2202,6957.65,13.7934,111.57,253,2.268,2.0462,0.7279,1.83,1,6,0,0.9851,0,9,0,5280.57
1406.14,2013.15,1.4317,0.1069,1722.13,-14.4558,26.32,307,11.664,1.043,0.7834,11.39,0,6,0,1.0196,0,8,1,1694.89
1663.79,3295.4,1.9807,0.1995,3700.21,12.284,13.74,309,22.485,0.6302,0.4879,21.71,5,1,1,1.0849,0,0,1,2734.22
1241.18,2338.29,1.8839,0.131,2002.68,-14.3528,10.51,313,29.791,1.5001,0.7024,36.462,2,4,0,0.9603,0,6,2,2054.26
1985.97,2829.18,1.4246,0.1366,2925.24,3.3953,11.85,300,25.318,2.1312,0.8767,32.396,1,1,1,1.0393,0,9,2,2946.8
3905.38,6030.74,1.5442,0.173,5478.05,-9.1646,2.55,117,45.877,0.4644,0.9025,39.137,0,2,0,0.9898,0,6,1,5152.18
2837.24,4263.85,1.5028,0.1865,3820.42,-10.3997,7.06,332,46.993,0.7932,0.9487,34.796,1,8,0,0.9927,1,7,1,3583.29
1421.97,1815.47,1.2767,0.2246,1814.55,-0.0504,7.84,49,6.25,0.7752,0.7311,6.815,2,8,0,0.9693,0,5,0,1635.26
4450.24,8740.91,1.9641,0.1149,9640.63,10.2932,35.6,277,7.781,0.5285,0.9063,7.794,5,1,1,1.1198,1,7,1,7381.89
4458.12,6658.94,1.4937,0.2007,7045.75,5.8089,2.75,51,18.545,0.8684,0.7203,19.276,0,1,1,1.0933,0,0,0,7266.46
4417.6,8367.07,1.894,0.1365,10002.21,19.5425,8.32,180,21.641,0.6762,0.625,15.749,2,11,1,1.1052,1,0,1,7226.35
1574.58,2064.2,1.311,0.2148,1749.67,-15.2376,1.01,30,29.717,1.2343,0.8986,34.626,3,12,1,1.0426,0,8,0,2307.71
2530.58,4088.63,1.6157,0.2275,4451.31,8.8704,8.38,326,38.885,1.2802,0.7815,32.64,5,3,1,1.0306,0,3,1,3741.1
4932.45,5772.78,1.1704,0.2113,4746.31,-17.7812,64.68,495,7.653,1.0719,0.8596,6.895,0,7,0,0.9811,1,2,1,5964.13
3974.06,7151.66,1.7996,0.2477,6743.88,-5.7019,10.69,431,40.329,1.1113,0.9464,33.756,1,6,0,0.9738,0,5,0,6275.81
622.25,1022.85,1.6438,0.1671,958.82,-6.2599,7.93,245,30.891,2.122,0.9291,39.157,3,3,1,1.1023,1,9,0,827.87
793.42,1334.34,1.6818,0.253,1204.22,-9.7515,1.81,89,49.063,2.7388,0.795,39.311,1,8,0,0.9631,0,8,2,1298.09
2587.69,3089.61,1.194,0.1866,3129.65,1.2961,0.91,30,32.907,1.3557,0.797,37.494,2,8,0,1.0155,0,9,2,3508.72
4591.49,6103.85,1.3294,0.1968,5477.92,-10.2547,2.8,101,36.088,0.7764,0.68,30.583,6,6,0,1.0047,0,3,1,6287.2
2924.16,3547.53,1.2132,0.2296,3359.62,-5.2971,21.67,229,10.565,1.15,0.8608,10.089,2,1,1,1.1158,0,8,1,3788.53
2740.16,3824.1,1.3956,0.1037,4374.0,14.3798,10.01,387,38.674,1.0156,0.9409,50.185,3,12,1,1.1114,0,4,0,3702.49
974.63,1640.62,1.6833,0.2308,1524.93,-7.0513,85.58,418,4.884,1.4068,0.7546,3.714,3,8,0,1.0037,0,6,1,1346.46
3455.51,5636.83,1.6313,0.2237,6732.54,19.4384,2.89,96,33.17,0.6424,0.9162,40.76,0,5,0,0.9583,0,2,2,5252.21
4199.46,7014.48,1.6703,0.162,6386.1,-8.9583,17.73,66,3.723,1.4517,0.9168,4.719,1,9,0,0.9561,0,2,0,5940.23
2211.89,3576.32,1.6169,0.1172,4152.83,16.1202,28.74,191,6.646,1.0419,0.8023,7.437,4,9,0,0.9976,0,2,1,3126.68
3990.25,5514.83,1.3821,0.1182,5363.23,-2.749,33.41,210,6.285,0.9586,0.8606,4.437,2,2,0,0.964,0,7,0,4723.55
4840.14,6572.1,1.3578,0.2846,7643.43,16.3011,38.08,136,3.572,0.9778,0.6703,4.259,4,11,1,1.0279,0,5,2,7374.87
1416.95,1794.57,1.2665,0.2379,1742.02,-2.9283,25.63,429,16.736,1.9619,0.9027,20.574,4,6,0,0.9749,0,8,2,1793.99
2854.98,5343.7,1.8717,0.1254,5921.59,10.8144,6.8,338,49.723,3.9264,0.9494,64.071,3,4,0,0.9567,0,8,2,4710.53
1792.12,3000.02,1.674,0.1713,2880.02,-4.0001,10.13,183,18.063,1.0609,0.7142,21.74,6,7,0,0.9937,0,7,1,2512.65
4067.84,5322.91,1.3085,0.2185,5580.34,4.8361,1.44,55,38.278,0.6937,0.7805,37.028,1,6,0,0.9952,0,0,1,5789.52
3099.17,4030.87,1.3006,0.2671,3307.71,-17.9405,62.27,466,7.484,0.9942,0.6819,8.331,4,7,0,0.9878,0,5,1,3636.24
3355.62,6349.1,1.8921,0.1087,6600.53,3.96,10.7,249,23.27,1.167,0.935,23.062,1,5,0,0.9744,1,3,1,5374.26
4090.61,7286.7,1.7813,0.1473,6750.25,-7.362,27.9,281,10.071,1.0841,0.841,9.183,3,9,0,1.014,0,3,1,6311.54
2281.87,3903.11,1.7105,0.2779,4677.93,19.8515,5.67,59,10.413,1.0886,0.6094,11.203,6,1,1,1.026,1,2,1,3260.77
4617.91,6907.62,1.4958,0.1018,7765.89,12.4249,21.58,127,5.885,0.9153,0.8943,6.838,5,12,1,1.0208,0,8,2,6041.91
2898.63,3978.89,1.3727,0.1403,3309.76,-16.817,9.2,204,22.17,1.9622,0.9473,23.978,5,7,0,0.9837,0,1,2,3572.97
1210.8,2400.44,1.9825,0.2918,2110.73,-12.0692,45.31,213,4.701,0.8738,0.8146,5.622,5,9,0,1.009,0,0,1,2001.87
3631.55,6637.21,1.8277,0.2227,6945.37,4.643,2.76,126,45.581,1.4954,0.6152,36.73,5,8,0,1.0173,0,9,2,6604.66
4069.68,5724.05,1.4065,0.1523,5267.11,-7.9829,21.57,495,22.947,0.4699,0.8447,21.208,4,1,1,1.035,1,2,0,4881.8
1925.43,3601.38,1.8704,0.1134,3187.8,-11.4839,1.69,71,42.09,0.7534,0.8701,37.357,4,8,0,0.9535,0,3,1,3050.0
4357.31,7821.77,1.7951,0.1056,7370.28,-5.7722,4.39,215,48.994,1.1578,0.9195,40.002,2,3,1,1.0902,0,3,0,6689.37
4577.64,6420.23,1.4025,0.1489,5408.93,-15.7518,2.6,89,34.211,0.9845,0.9612,33.045,6,10,1,1.0962,0,5,1,6572.49
1746.07,2641.05,1.5126,0.2763,2698.6,2.1789,9.54,431,45.174,1.8376,0.7505,57.313,6,12,1,1.1137,0,0,1,2836.91
4925.85,6443.31,1.3081,0.1832,5884.04,-8.6797,41.01,313,7.633,1.1441,0.8884,7.807,4,6,0,0.9717,0,0,2,5664.72
1133.2,1410.15,1.2444,0.2441,1617.17,14.6804,5.57,232,41.67,1.9392,0.8208,36.329,0,9,0,0.9974,0,1,0,1660.68
1409.07,2486.09,1.7643,0.2837,2021.44,-18.6899,16.24,232,14.29,1.2756,0.6776,13.038,3,7,0,0.9532,1,3,2,2133.27
1329.01,1830.56,1.3774,0.1816,1721.42,-5.9623,2.57,62,24.157,0.6648,0.9091,25.796,0,5,0,0.9746,0,6,1,1672.73
4522.95,8354.12,1.8471,0.1383,8519.87,1.984,11.47,375,32.683,0.9083,0.8233,29.795,5,8,0,0.9709,0,5,0,6936.1
3444.32,6875.78,1.9963,0.2034,6147.39,-10.5935,5.43,246,45.274,0.9371,0.8663,46.315,4,8,0,0.956,0,8,1,5548.89
1184.47,1439.28,1.2151,0.2816,1184.44,-17.7059,9.66,441,45.639,1.8941,0.9461,39.454,4,6,0,0.9991,0,6,2,1628.4
2481.46,3851.42,1.5521,0.2609,3192.76,-17.1018,70.02,386,5.513,0.8836,0.8016,5.003,0,6,0,0.9758,0,4,1,3189.91
3268.84,5987.71,1.8318,0.1132,5171.76,-13.6271,7.1,134,18.863,0.934,0.8648,21.192,6,9,0,0.9653,0,5,1,4963.25
875.59,1594.1,1.8206,0.2385,1448.65,-9.1244,10.91,435,39.866,0.8191,0.8267,41.89,2,4,0,0.9603,0,9,2,1352.83
4470.87,8029.68,1.796,0.2144,8690.47,8.2294,10.41,369,35.455,1.063,0.8231,26.807,2,3,1,1.1087,0,8,1,7045.76
4116.22,5954.71,1.4466,0.2815,5894.31,-1.0142,194.22,445,2.291,1.3856,0.9667,2.942,0,8,0,0.9597,0,0,0,5258.02
2773.43,4259.37,1.5358,0.1245,3463.59,-18.683,0.04,1,23.045,1.42,0.8302,16.813,0,9,0,1.0106,1,8,2,3481.08
4852.07,8033.68,1.6557,0.2068,6925.14,-13.7987,3.84,160,41.633,0.855,0.4649,31.215,3,4,0,0.9864,0,5,1,6844.17
2379.92,4707.13,1.9778,0.2759,4458.45,-5.283,3.74,139,37.147,0.3676,0.8167,41.635,2,2,0,0.9522,0,3,2,4144.92
4928.5,7039.94,1.4284,0.182,6814.02,-3.2091,14.31,303,21.181,1.1479,0.8511,23.824,5,6,0,1.0171,0,4,1,5935.97
3505.64,6782.26,1.9347,0.1964,5597.12,-17.4742,12.4,459,37.023,1.0521,0.8916,26.337,6,9,0,0.9887,1,0,2,5847.02
3356.02,4627.8,1.379,0.1141,3926.33,-15.1576,11.0,308,28.009,1.0794,0.5632,30.408,1,2,0,0.9722,0,6,2,4021.98
1246.8,2482.02,1.9907,0.1556,2245.92,-9.5123,4.4,201,45.719,1.0031,0.7527,32.916,5,9,0,0.9688,0,7,0,2045.28
4468.67,7684.89,1.7197,0.1649,8719.75,13.4662,4.17,124,29.769,1.1649,0.8141,37.999,4,5,0,0.9722,0,4,2,6405.75
2423.7,3742.16,1.544,0.289,3306.87,-11.632,20.55,424,20.636,0.365,0.6279,23.065,4,4,0,0.965,0,1,0,3151.71
1230.05,2055.88,1.6714,0.1565,1831.21,-10.9282,8.59,372,43.283,1.0757,0.944,35.144,0,11,1,1.0727,0,7,2,1791.49
556.73,769.21,1.3817,0.1922,767.53,-0.219,100.48,346,3.444,0.6084,0.9167,2.737,5,8,0,0.9765,0,9,2,666.33
3018.9,4175.28,1.383,0.2343,4829.08,15.6588,1.8,81,45.125,1.8082,0.7994,47.011,1,2,0,0.9864,0,6,1,4662.09
2873.3,3581.63,1.2465,0.1324,3622.01,1.1275,12.56,441,35.121,1.0636,0.6862,37.935,2,7,0,1.0008,0,9,1,3382.35
3737.09,4659.94,1.2469,0.1973,3875.87,-16.8257,6.86,323,47.09,0.6962,0.8246,56.448,6,10,1,1.0334,0,8,1,5021.59
4506.16,6513.75,1.4455,0.2477,5696.77,-12.5424,36.69,487,13.275,0.5537,0.823,16.487,2,7,0,0.9595,1,3,2,5563.4
857.33,1541.84,1.7984,0.2734,1761.28,14.232,11.58,406,35.051,0.6517,0.9417,32.791,2,1,1,1.0534,0,8,2,1347.48
3791.73,6319.97,1.6668,0.2253,7272.41,15.0703,11.51,468,40.664,0.7253,0.8616,49.059,5,10,1,1.0933,0,3,0,5732.63
1343.35,1661.99,1.2372,0.2338,1858.41,11.8181,4.6,163,35.403,1.0202,0.9291,36.303,0,8,0,1.0054,0,2,0,1773.66
4361.8,8175.76,1.8744,0.1253,8312.57,1.6734,30.87,349,11.306,0.5506,0.8641,11.107,0,1,1,1.1198,0,2,0,6844.6
4185.79,6953.27,1.6612,0.2892,6784.03,-2.434,16.48,239,14.504,1.1286,0.9866,16.235,4,9,0,0.9652,0,9,1,5961.24
2933.57,5769.54,1.9667,0.1265,5234.64,-9.2711,7.37,212,28.77,1.6511,0.9296,21.921,5,2,0,1.0138,0,1,1,4973.64
3696.09,6356.01,1.7197,0.2549,6477.53,1.9118,20.53,470,22.891,1.7362,0.8473,19.668,4,10,1,1.0286,0,9,0,5527.27
1914.58,2486.84,1.2989,0.153,2668.7,7.3128,4.0,148,37.021,0.8252,0.609,44.057,2,7,0,1.0183,0,2,2,2711.43
2620.26,4068.51,1.5527,0.2867,4230.04,3.9702,3.63,71,19.555,0.9861,0.6851,19.603,6,5,0,0.9893,1,7,1,3529.81
4197.37,7140.66,1.7012,0.244,6356.77,-10.9777,2.37,102,43.115,0.7183,0.912,53.67,4,12,1,1.1091,0,7,1,6584.61
2566.69,3013.36,1.174,0.2508,3499.24,16.1242,8.21,182,22.164,0.547,0.8467,16.694,4,11,1,1.0625,1,1,0,3324.93
2110.09,2453.35,1.1627,0.1438,2345.83,-4.3826,61.78,183,2.962,0.764,0.9596,2.63,2,5,0,0.9927,0,1,1,2426.61
2723.96,3432.16,1.26,0.1886,3960.57,15.3957,6.48,12,1.851,0.4055,0.7126,1.69,0,5,0,0.986,1,1,0,3132.55
4227.12,5765.43,1.3639,0.2236,5528.93,-4.1021,11.59,379,32.69,0.3724,0.7224,31.175,4,9,0,0.9667,0,9,1,4861.19
2008.44,3043.02,1.5151,0.254,2481.22,-18.4618,8.4,231,27.487,1.1633,0.8461,35.516,0,11,1,1.0974,0,6,2,3038.93
1281.93,2005.35,1.5643,0.1208,2196.22,9.5182,5.4,149,27.594,1.1348,0.6937,24.46,1,10,1,1.04,1,5,2,1651.51
3704.06,4694.25,1.2673,0.2925,5483.14,16.8056,6.6,262,39.71,1.8402,0.958,40.156,0,12,1,1.1123,0,0,1,5490.7
4216.9,7263.12,1.7224,0.278,6550.64,-9.8096,1.18,23,19.41,2.0495,0.8603,19.83,3,2,0,0.9819,0,1,0,6037.13
952.87,1578.63,1.6567,0.1541,1605.46,1.6993,3.78,188,49.777,1.0953,0.882,57.865,3,9,0,0.9983,0,0,1,1319.49
1579.43,2211.67,1.4003,0.2646,2483.81,12.3047,2.79,132,47.331,0.624,0.7679,47.838,2,12,1,1.0615,0,6,0,2491.48
1138.87,1322.93,1.1616,0.2037,1228.25,-7.1566,29.97,49,1.635,0.623,0.8884,1.739,3,7,0,1.0107,1,5,1,1309.71
2065.74,2511.94,1.216,0.1924,2297.09,-8.553,9.91,445,44.891,0.5945,0.9467,51.715,1,3,1,1.0829,0,1,2,2824.34
2526.58,3746.77,1.4829,0.1629,3613.48,-3.5574,5.3,182,34.347,1.1342,0.8883,26.127,6,3,1,1.0687,1,1,2,3513.52
3869.72,4956.64,1.2809,0.2162,5056.91,2.023,0.98,25,25.602,0.6869,0.8265,32.722,6,2,0,0.9525,1,1,1,4480.73
3430.16,5043.36,1.4703,0.246,5149.34,2.1013,16.85,498,29.555,0.4953,0.8598,35.696,0,10,1,1.0443,0,7,1,4390.21
3294.18,5547.25,1.684,0.1822,5516.97,-0.5458,3.24,137,42.251,1.2343,0.8566,39.431,6,5,0,1.0018,0,6,1,4660.18
2085.69,3368.7,1.6152,0.2258,3800.35,12.8135,0.21,10,47.601,1.5374,0.9377,54.125,0,3,1,1.0904,1,0,2,3572.85
4286.51,5771.79,1.3465,0.2399,4970.48,-13.8832,10.37,295,28.456,0.6884,0.7325,32.935,5,2,0,0.9816,0,3,2,5439.29
2620.79,3779.84,1.4422,0.2422,3152.63,-16.5935,10.22,101,9.883,0.9829,0.7382,11.96,4,12,1,1.0762,0,3,0,3322.66
4905.97,8202.43,1.6719,0.1104,7114.99,-13.2575,0.31,10,32.348,2.0768,0.951,26.299,4,4,0,0.9679,0,6,1,6973.95
3353.64,6310.63,1.8817,0.2719,6825.59,8.1602,23.44,111,4.735,1.5946,0.9006,5.313,4,9,0,0.961,0,1,1,5349.34
1068.19,1912.31,1.7902,0.1917,1640.95,-14.1902,2.9,93,32.122,0.6305,0.8112,23.128,0,1,1,1.0915,1,3,2,1554.28
3542.8,5740.72,1.6204,0.1525,5333.87,-7.087,6.38,259,40.622,2.175,0.6746,31.252,0,9,0,1.0033,0,0,1,5052.16
1962.97,2861.91,1.4579,0.1484,3296.55,15.1872,14.03,257,18.313,1.4321,0.8022,21.347,5,7,0,1.0135,0,3,0,2462.16
3588.47,5240.22,1.4603,0.1966,4486.11,-14.3908,102.49,460,4.488,2.2537,0.7456,5.331,4,2,0,0.9746,0,0,1,4568.56
813.39,1543.4,1.8975,0.2774,1560.8,1.127,4.75,166,34.919,0.9138,0.8,36.856,5,12,1,1.1098,0,1,2,1459.4
1286.97,1522.94,1.1834,0.1757,1526.62,0.2416,11.8,208,17.627,0.6523,0.7262,18.491,6,2,0,0.9705,0,1,1,1480.01
4350.82,8657.19,1.9898,0.2499,7043.65,-18.6382,30.74,406,13.206,0.9805,0.5291,15.183,0,5,0,0.9874,0,9,2,7403.4
1522.31,2610.33,1.7147,0.1194,2208.77,-15.3834,1.27,44,34.77,0.4939,0.7275,43.242,6,3,1,1.026,0,2,0,2224.54
4266.69,7376.96,1.729,0.1952,8705.97,18.0157,6.78,329,48.51,1.5129,0.7854,46.214,1,1,1,1.0692,0,7,0,6785.09
1756.74,2076.99,1.1823,0.2983,2460.01,18.441,5.44,204,37.521,0.7585,0.9089,28.849,4,8,0,1.0144,0,5,1,2394.96
3392.97,5648.27,1.6647,0.2541,6494.74,14.9863,16.95,425,25.076,1.2155,0.6135,30.177,3,5,0,0.9845,0,5,1,4761.95
3623.68,5660.41,1.5621,0.1421,5506.13,-2.7256,11.77,358,30.425,2.9494,0.8099,27.534,4,5,0,0.9779,0,8,2,4757.77
2806.95,3480.37,1.2399,0.2003,3609.75,3.7177,5.14,41,7.972,0.7836,0.8532,6.22,3,6,0,0.9528,0,7,0,3227.99
1873.9,2597.66,1.3862,0.1467,2934.48,12.9661,6.95,284,40.847,0.9998,0.8501,43.657,2,11,1,1.0568,0,1,0,2737.37
1456.9,2777.97,1.9068,0.1819,2973.7,7.0458,13.03,399,30.61,0.7917,0.6807,32.045,6,8,0,0.9595,0,5,0,2295.26
649.35,1050.32,1.6175,0.256,1216.33,15.8053,9.31,450,48.326,0.9298,0.8396,47.579,6,4,0,0.9823,0,0,0,869.29
1867.76,2804.26,1.5014,0.2542,2597.58,-7.3704,2.02,99,48.995,0.8894,0.9302,59.572,3,12,1,1.0854,0,8,1,3111.17
3439.23,4167.59,1.2118,0.1456,4374.56,4.966,24.11,443,18.375,1.6485,0.6856,15.864,5,3,1,1.0973,0,3,1,4657.15
4722.37,8297.22,1.757,0.2844,8519.72,2.6816,7.83,387,49.439,1.5597,0.7344,35.0,1,12,1,1.0463,0,3,2,7766.04
4420.42,7724.34,1.7474,0.2185,9221.62,19.3838,7.41,355,47.885,0.8926,0.9606,42.813,0,7,0,1.0051,0,8,0,6537.24
3947.29,6599.62,1.6719,0.176,7597.69,15.1231,8.38,271,32.352,1.0619,0.9576,22.835,6,1,1,1.0847,0,2,1,6104.84
4048.01,6410.93,1.5837,0.2004,5552.36,-13.3924,24.45,424,17.34,0.846,0.692,17.793,5,2,0,0.9721,0,4,1,5318.56
3492.43,5304.02,1.5187,0.221,4368.16,-17.6443,0.13,5,37.914,2.0292,0.9492,35.144,5,3,1,1.0898,0,0,0,5678.4
1671.29,2764.78,1.6543,0.212,2705.51,-2.1439,2.87,41,14.291,0.279,0.8093,16.982,1,5,0,1.0076,1,5,1,2347.33
4582.38,6178.81,1.3484,0.1973,6291.31,1.8206,12.02,383,31.862,0.6754,0.7405,37.551,2,10,1,1.0958,0,2,2,6931.94
3518.3,6860.92,1.9501,0.201,7656.42,11.5946,199.59,440,2.204,1.2372,0.5656,2.118,5,4,0,1.013,1,0,2,5921.46
3021.98,4987.71,1.6505,0.1353,4308.84,-13.6109,12.92,411,31.801,1.5254,0.7743,26.391,1,12,1,1.1139,0,9,0,4141.45
999.45,1413.74,1.4145,0.2625,1651.21,16.7971,7.45,355,47.629,1.8861,0.9163,45.412,6,3,1,1.098,0,5,2,1599.29
2511.75,3848.57,1.5322,0.2084,3958.78,2.8634,32.42,406,12.522,1.0,0.7174,13.584,1,10,1,1.1091,0,9,1,3611.1
2571.61,4718.48,1.8348,0.1262,5365.38,13.7099,6.44,252,39.131,0.7445,0.9289,31.857,6,4,0,0.979,1,1,2,3885.2
4390.54,5652.26,1.2874,0.2532,6413.0,13.4591,4.88,75,15.378,0.9865,0.7908,17.897,2,11,1,1.09,0,7,1,6561.87
2959.92,4140.66,1.3989,0.2865,4889.06,18.0746,1.15,41,35.685,1.6229,0.6113,32.057,1,10,1,1.1063,0,1,0,4730.88
2211.8,3821.07,1.7276,0.2895,4063.69,6.3494,9.92,350,35.299,0.7354,0.8494,44.452,2,7,0,0.9676,0,3,0,3110.25
4895.6,6942.77,1.4182,0.1738,7730.99,11.353,26.56,267,10.052,0.9699,0.941,10.124,0,7,0,0.9564,0,2,1,5865.02
998.24,1820.42,1.8236,0.1271,2053.82,12.8211,12.53,379,30.259,0.8608,0.9308,36.562,6,5,0,1.0091,0,8,1,1533.81
2401.47,3027.98,1.2609,0.2037,2989.36,-1.2753,11.11,479,43.099,1.8654,0.8945,46.096,4,5,0,0.967,0,1,2,3225.78
689.11,1239.22,1.7983,0.1225,1205.65,-2.7088,10.94,216,19.744,0.5594,0.8415,20.391,0,7,0,0.988,0,2,1,1029.63
3829.57,4626.5,1.2081,0.2868,5453.0,17.8646,1.76,63,35.804,0.283,0.8522,39.716,6,4,0,0.9929,0,6,0,5345.49
4631.34,5375.62,1.1607,0.1367,4444.5,-17.3211,12.95,441,34.047,0.9402,0.7182,40.41,0,11,1,1.0795,0,3,1,5901.39
1760.17,3368.06,1.9135,0.1506,3978.28,18.1178,13.07,178,13.618,1.3636,0.8864,14.799,0,1,1,1.0473,0,5,2,2960.18
4362.54,7172.62,1.6441,0.1813,7397.79,3.1393,0.61,28,46.014,0.7747,0.8763,54.22,1,4,0,0.9851,0,2,2,6668.81
1814.98,2630.0,1.4491,0.1766,2414.01,-8.2127,9.58,274,28.612,0.3993,0.678,23.298,6,9,0,0.9711,1,0,1,2220.78
4598.47,6197.38,1.3477,0.2589,6339.18,2.2881,25.48,469,18.409,1.3836,0.831,15.952,6,10,1,1.0657,0,5,2,6904.89
3892.83,6517.97,1.6744,0.1913,6877.22,5.5117,23.75,215,9.054,0.8007,0.631,7.585,0,11,1,1.0409,0,3,2,5574.54
4122.08,6523.82,1.5827,0.1342,5508.15,-15.5685,14.55,352,24.199,1.1193,0.5483,28.531,2,12,1,1.0826,0,1,0,5519.64
581.03,1157.91,1.9929,0.1534,1236.61,6.797,13.13,483,36.776,0.8631,0.7895,27.643,2,10,1,1.0996,0,6,1,981.04
4832.65,9596.35,1.9857,0.2018,11141.66,16.1032,9.51,300,31.558,0.3311,0.6879,37.161,5,10,1,1.0469,0,9,0,8285.1
3770.02,6370.47,1.6898,0.1295,7571.42,18.8518,13.3,487,36.626,1.1762,0.4972,34.187,5,2,0,1.0003,0,4,0,5519.85
1871.38,2856.55,1.5264,0.2223,2970.57,3.9915,1.33,53,39.796,1.3291,0.7364,29.756,2,1,1,1.0455,0,5,2,3349.85
4232.28,6633.96,1.5675,0.2131,6175.01,-6.9182,16.14,365,22.609,0.9072,0.7174,21.584,5,9,0,1.0026,0,5,0,5559.52
1766.85,3056.83,1.7301,0.2429,3134.44,2.5389,2.98,79,26.488,0.5691,0.7646,23.318,2,6,0,0.9854,0,8,1,2623.8
4427.39,5473.75,1.2363,0.2875,4385.24,-19.8861,3.91,193,49.335,2.5081,0.8317,52.057,5,2,0,1.015,1,1,1,5751.54
1006.61,1438.55,1.4291,0.2825,1679.79,16.7696,4.11,199,48.435,1.2156,0.8081,47.636,0,7,0,1.0161,1,5,1,1462.49
3666.59,4451.17,1.214,0.2892,4957.96,11.3856,0.56,12,21.326,0.505,0.7598,18.726,3,4,0,1.0031,0,8,0,4990.57
2933.14,3556.02,1.2124,0.1489,3081.56,-13.3424,6.39,221,34.574,3.1583,0.965,42.089,5,9,0,0.9725,0,3,1,3856.14
934.41,1230.11,1.3165,0.1263,1283.92,4.3747,13.61,192,14.112,0.7365,0.869,13.323,4,11,1,1.099,0,5,1,1227.82
1588.52,2482.01,1.5625,0.1605,2006.06,-19.176,46.57,395,8.482,1.9465,0.9057,8.333,3,12,1,1.0335,0,6,0,2103.56
555.82,1009.95,1.8171,0.279,895.24,-11.3583,9.52,368,38.652,1.3876,0.6476,46.69,1,6,0,0.9506,0,0,0,868.36
2609.46,4077.72,1.5627,0.2944,3539.48,-13.1995,14.57,326,22.373,1.1943,0.8766,16.856,6,7,0,1.0067,0,4,0,3482.72
1855.69,2663.21,1.4352,0.2719,2296.91,-13.754,24.7,239,9.676,2.0041,0.8566,9.036,6,3,1,1.0576,0,3,0,2498.11
3192.61,3894.98,1.22,0.122,3976.16,2.0841,7.04,269,38.184,0.4019,0.8464,35.958,0,6,0,0.9933,0,9,2,3671.5
1837.57,2972.73,1.6178,0.2895,3524.98,18.5771,6.48,297,45.843,1.3317,0.7941,45.729,3,1,1,1.049,0,1,0,3040.87
1849.64,2553.57,1.3806,0.1847,2175.98,-14.7865,2.1,98,46.73,0.8446,0.8488,35.687,0,5,0,0.991,1,1,0,2144.18
3844.37,6430.45,1.6727,0.1019,7389.4,14.9126,7.25,219,30.22,3.3315,0.9194,23.016,2,10,1,1.0914,0,1,1,5611.17
716.64,1419.39,1.9806,0.1885,1182.21,-16.7097,13.51,331,24.502,0.3811,0.7749,23.274,1,5,0,0.9782,0,6,1,1179.67
4563.03,5679.22,1.2446,0.1092,4731.57,-16.6863,12.95,103,7.951,1.1689,0.8685,5.724,3,2,0,0.9723,0,3,0,5247.48
4335.19,5767.13,1.3303,0.2088,6062.58,5.1231,10.82,431,39.847,1.211,0.8508,33.989,4,6,0,0.9672,0,5,0,5481.44
3505.12,5440.4,1.5521,0.1677,5602.54,2.9802,7.95,376,47.321,0.741,0.8482,38.836,2,11,1,1.0964,1,6,0,4544.18
3169.5,6254.44,1.9733,0.1947,5864.73,-6.2309,9.13,407,44.584,0.8785,0.8801,44.3,5,3,1,1.1024,0,8,1,5475.35
4515.36,8154.92,1.806,0.2226,8263.83,1.3355,1.69,64,37.837,0.7934,0.8439,26.74,6,4,0,0.9663,1,1,1,6946.24
1333.99,2552.57,1.9135,0.2738,2812.85,10.1966,117.66,144,1.224,0.6151,0.8059,1.353,2,3,1,1.0902,0,9,0,2117.87
855.36,1226.3,1.4337,0.2324,1360.35,10.9318,1.76,37,20.98,0.6277,0.6716,25.456,5,1,1,1.099,0,8,1,1372.07
1577.8,3144.91,1.9932,0.1868,2531.01,-19.5206,1.28,27,21.125,0.9229,0.738,23.745,5,1,1,1.0654,0,4,1,2757.82
4075.6,5043.18,1.2374,0.2639,4192.06,-16.8767,6.43,288,44.824,1.4016,0.8627,53.379,1,5,0,0.9897,0,5,0,5242.62
656.02,783.96,1.195,0.2811,628.24,-19.8628,96.52,407,4.217,0.7205,0.7313,4.579,5,10,1,1.1167,0,5,1,810.13
3122.63,5862.0,1.8773,0.124,4726.27,-19.3743,13.54,366,27.03,0.3106,0.8093,27.149,2,6,0,1.0188,1,2,0,4862.77
4979.47,9651.08,1.9382,0.2064,10962.23,13.5855,30.77,236,7.671,0.954,0.8995,6.377,6,5,0,0.9855,0,9,2,8275.93
4350.63,5338.22,1.227,0.1569,4448.98,-16.6579,3.74,125,33.452,1.1524,0.7501,29.029,2,12,1,1.1119,1,6,2,5736.23
2846.51,3547.92,1.2464,0.1094,3847.38,8.4402,9.62,383,39.821,0.8853,0.8801,35.465,5,4,0,0.9531,0,6,2,3316.77
786.38,926.52,1.1782,0.2337,1104.42,19.2013,10.01,325,32.456,1.0216,0.8846,23.46,3,6,0,0.9535,1,7,1,926.73
4241.18,5254.11,1.2388,0.2726,5928.55,12.8364,2.1,84,39.935,1.5855,0.5925,49.833,2,9,0,0.9747,0,4,2,6036.44
3195.4,4243.52,1.328,0.1326,3507.51,-17.3442,7.67,236,30.767,0.9665,0.8085,38.157,6,4,0,1.0007,1,1,1,3674.71
1017.2,2008.52,1.9746,0.2625,2324.97,15.7552,23.78,245,10.302,1.5042,0.8241,7.878,1,9,0,1.0088,1,2,0,1695.22
922.36,1584.32,1.7177,0.2707,1874.67,18.3267,19.59,387,19.751,1.1678,0.8775,20.422,5,10,1,1.1156,1,8,2,1397.69
4593.32,8322.04,1.8118,0.2829,9009.02,8.2549,8.69,416,47.887,0.625,0.9741,46.957,0,7,0,0.9836,0,5,1,6893.98
3511.4,6354.65,1.8097,0.1531,6650.29,4.6524,24.73,374,15.121,1.7473,0.8839,16.785,1,4,0,1.0093,0,7,2,5465.8
4231.79,6791.23,1.6048,0.2808,7067.76,4.0718,64.95,265,4.08,0.5097,0.8243,4.332,6,10,1,1.066,0,7,1,5718.98
4455.41,8143.88,1.8279,0.1641,9187.12,12.8101,12.49,248,19.857,0.3515,0.7505,15.381,1,4,0,0.9727,0,4,1,6920.82
3072.98,5090.19,1.6564,0.2105,5199.02,2.1381,15.36,291,18.949,1.0512,0.8708,20.769,0,3,1,1.0653,0,0,0,4301.71
2828.51,4009.03,1.4174,0.1101,3742.47,-6.6489,8.48,204,24.045,1.3493,0.6091,25.616,3,7,0,1.0152,0,5,1,3428.54
2436.92,3964.74,1.6269,0.1088,4710.8,18.8174,7.98,227,28.455,1.3037,0.8198,28.988,4,4,0,0.9562,0,6,1,3306.91
1926.26,3088.72,1.6035,0.2441,2530.85,-18.0617,4.82,239,49.629,0.5467,0.796,46.723,6,10,1,1.1195,0,8,2,3031.78
2455.68,4542.85,1.8499,0.1889,4843.31,6.6139,1.89,72,38.055,1.0757,0.7135,48.443,5,4,0,1.0012,0,1,0,3822.64
3982.46,7903.06,1.9845,0.1513,8173.75,3.4251,57.27,158,2.759,0.4358,0.6384,3.337,5,11,1,1.07,0,1,1,6838.89
3208.66,4811.01,1.4994,0.1381,5078.79,5.566,10.77,387,35.923,1.1908,0.9747,37.757,4,7,0,0.9719,0,9,2,4109.01
4516.35,8124.39,1.7989,0.234,8586.53,5.6883,9.11,377,41.387,1.0454,0.8198,29.13,1,7,0,0.9876,0,0,0,6969.03
2495.21,3081.08,1.2348,0.1001,2617.11,-15.0588,4.7,211,44.886,1.3122,0.8923,43.058,3,12,1,1.1125,0,4,1,3338.28
3231.9,5850.74,1.8103,0.2612,4993.04,-14.6595,6.2,135,21.776,1.4836,0.9222,24.394,6,2,0,0.9837,0,1,2,4882.26
3340.88,4896.75,1.4657,0.1158,4049.36,-17.3051,17.23,282,16.368,1.3052,0.6958,12.609,6,8,0,1.0142,0,2,0,4093.75
3162.64,3742.92,1.1835,0.1383,4399.26,17.5353,3.87,163,42.127,0.5139,0.8718,39.765,3,7,0,0.9598,1,1,0,3637.03
3661.85,5341.76,1.4588,0.1772,5576.59,4.3961,3.48,136,39.103,0.7751,0.6974,31.87,3,1,1,1.0679,0,3,0,4979.39
1568.45,2617.82,1.669,0.197,2175.0,-16.9156,6.23,170,27.266,0.5658,0.8026,24.618,3,10,1,1.0488,0,2,0,2224.37
2805.64,3510.87,1.2514,0.171,3417.7,-2.6537,22.28,151,6.776,0.2807,0.853,4.852,1,9,0,0.9893,0,8,1,3309.88
969.01,1875.45,1.9354,0.1641,1769.92,-5.6271,4.98,164,32.936,1.4505,0.7937,25.56,5,8,0,0.9784,0,9,1,1543.23
2230.3,2712.09,1.216,0.2928,2330.45,-14.0719,70.18,296,4.218,1.3749,0.9769,4.103,2,1,1,1.1112,1,1,0,2886.16
2694.5,5228.7,1.9405,0.2283,5902.19,12.8807,17.4,103,5.918,0.6294,0.7467,7.332,5,5,0,1.0157,0,6,0,4348.25
3435.01,6014.93,1.7511,0.1047,6678.03,11.0242,12.83,221,17.226,0.6754,0.6888,17.129,4,6,0,0.9867,0,2,1,5081.42
4777.39,6832.89,1.4303,0.186,6734.7,-1.437,14.64,281,19.188,0.9837,0.8678,18.647,4,8,0,0.9898,0,9,2,6225.13
3202.93,4747.18,1.4821,0.275,4789.85,0.8987,16.37,387,23.637,0.7596,0.9951,27.715,5,10,1,1.0301,0,7,0,4089.75
3846.17,6844.99,1.7797,0.1603,6670.93,-2.5428,21.06,371,17.618,1.7339,0.7621,15.164,0,7,0,0.9849,1,3,1,5649.6
2778.2,4615.28,1.6613,0.1189,4709.47,2.0408,48.2,128,2.656,0.8247,0.8245,2.01,6,5,0,0.9514,0,3,1,3935.69
3353.47,5770.97,1.7209,0.2517,6307.82,9.3025,46.25,403,8.713,0.6559,0.3988,7.195,1,1,1,1.0331,1,8,2,4895.94
819.19,1213.06,1.4808,0.2212,1395.48,15.0388,32.98,219,6.64,1.2406,0.7065,7.801,4,4,0,1.0176,1,2,1,1030.93
1644.76,2573.46,1.5646,0.2141,2668.5,3.6928,7.77,172,22.128,0.6347,0.6623,24.479,6,9,0,1.0034,1,6,0,2160.52
2128.34,4238.35,1.9914,0.1107,3603.95,-14.9681,41.34,471,11.394,1.4238,0.97,8.602,1,8,0,1.0014,0,0,1,3522.39
2626.22,3497.69,1.3318,0.1281,3878.32,10.8822,22.56,347,15.384,0.9711,0.6639,16.926,5,10,1,1.0691,0,6,0,3149.05
705.42,1061.78,1.5052,0.2245,1007.54,-5.1088,19.7,475,24.107,1.5768,0.8848,30.349,1,10,1,1.0258,1,9,1,898.4
1130.11,1579.95,1.398,0.1416,1662.03,5.1951,36.04,452,12.543,1.647,0.8696,9.118,5,2,0,0.953,1,1,0,1320.33
1745.66,3142.8,1.8003,0.2008,2763.89,-12.0564,7.28,95,13.051,0.521,0.6868,13.962,3,2,0,1.0116,0,5,0,2719.06
4871.9,8766.54,1.7994,0.209,7586.25,-13.4636,1.22,51,41.824,1.0333,0.5943,38.792,0,8,0,1.0042,0,8,1,7620.44
1991.06,2784.66,1.3986,0.1567,2286.4,-17.893,3.34,93,27.856,0.9771,0.8613,27.873,1,12,1,1.0427,0,5,0,2401.66
2669.18,3254.22,1.2192,0.2897,3012.7,-7.4218,1.47,63,42.981,0.9442,0.8898,43.708,5,3,1,1.0481,0,2,1,3810.13
1382.44,1603.24,1.1597,0.2685,1665.54,3.8858,0.76,20,26.212,1.7857,0.9434,30.475,4,5,0,0.971,0,0,1,1783.19
3248.51,4916.08,1.5133,0.2445,4559.71,-7.249,2.3,105,45.554,0.9922,0.9179,47.112,4,9,0,0.9634,1,3,1,4021.73
1763.07,2642.47,1.4988,0.1156,2368.59,-10.3648,24.85,335,13.482,0.5002,0.8196,14.235,6,2,0,0.9739,0,3,0,2224.0
1431.47,2848.81,1.9901,0.1212,3412.72,19.7946,6.37,199,31.217,0.7948,0.7387,28.087,0,8,0,1.0115,0,7,1,2510.66
2824.58,4376.21,1.5493,0.1986,5249.42,19.9537,12.9,331,25.658,0.7046,0.7661,19.9,1,2,0,0.954,1,9,2,3637.77
524.78,717.87,1.368,0.1321,748.01,4.1979,7.63,351,46.016,0.8137,0.8653,51.061,3,3,1,1.0979,0,9,0,675.22
534.49,1019.56,1.9075,0.2957,947.62,-7.0564,13.02,280,21.505,0.9926,0.8396,15.06,0,7,0,0.956,0,6,2,879.84
1485.81,2328.87,1.5674,0.1317,2665.74,14.4652,10.49,450,42.886,0.7054,0.9144,38.479,1,7,0,0.9582,0,9,2,1935.72
665.25,1103.84,1.6593,0.1975,1208.39,9.4716,9.81,281,28.631,1.358,0.8184,23.788,0,5,0,0.964,0,6,2,963.21
986.12,1214.22,1.2313,0.1728,1270.53,4.6375,2.77,99,35.719,2.1379,0.8582,33.33,3,1,1,1.0913,0,6,2,1379.43
2024.87,2987.66,1.4755,0.2279,3475.55,16.3302,7.56,336,44.458,1.0923,0.7364,39.423,2,2,0,1.0096,0,1,1,2783.81
4111.64,8028.34,1.9526,0.1258,7852.72,-2.1875,0.52,26,49.848,1.4828,0.8164,55.956,6,7,0,0.9599,0,8,2,6796.95
3074.22,5075.78,1.6511,0.1861,4579.28,-9.7817,6.63,244,36.826,0.6081,0.6818,31.527,2,8,0,0.9664,0,5,0,4410.69
2807.0,4050.02,1.4428,0.1549,4806.64,18.6818,26.51,435,16.412,1.5337,0.8196,17.01,2,6,0,0.9944,1,1,2,3511.62
1820.7,3062.08,1.6818,0.2776,3503.32,14.4098,3.96,62,15.652,1.9844,0.7887,15.236,3,3,1,1.1024,1,0,2,2990.36
4692.89,9028.42,1.9238,0.1081,10516.54,16.4826,21.12,341,16.146,1.8444,0.8171,19.063,3,3,1,1.0885,0,0,2,7793.1
2286.57,3162.08,1.3829,0.2827,3691.04,16.7282,64.34,373,5.798,0.7471,0.5589,5.547,6,9,0,0.9611,0,0,1,2891.38
891.92,1408.65,1.5793,0.2666,1342.51,-4.6955,118.03,428,3.626,1.8577,0.7364,4.418,0,3,1,1.0772,0,3,2,1356.66
3276.8,6438.54,1.9649,0.1595,7367.77,14.4323,14.97,441,29.461,2.411,0.9672,20.625,5,6,0,0.9738,0,3,2,5481.76
1012.27,1312.45,1.2965,0.2579,1516.81,15.5712,0.91,37,40.719,0.7554,0.914,43.28,4,3,1,1.0894,0,8,2,1494.14
2053.5,3617.69,1.7617,0.1062,3686.55,1.9035,150.87,418,2.771,1.4198,0.8099,1.956,3,10,1,1.102,1,0,0,3159.91
2783.35,4654.63,1.6723,0.2934,4887.84,5.0103,10.46,301,28.765,0.7499,0.8959,32.457,3,3,1,1.1168,1,2,1,3934.9
4434.0,7660.73,1.7277,0.2053,7898.2,3.0999,6.56,126,19.216,0.5076,0.7469,16.16,2,12,1,1.0818,0,2,1,6636.07
2720.96,3941.41,1.4485,0.1607,3178.4,-19.3589,1.56,70,44.732,0.8985,0.7371,41.511,2,9,0,0.9968,0,7,1,3430.98
3660.16,5185.71,1.4168,0.1725,5259.42,1.4213,47.51,386,8.124,0.7551,0.7109,7.541,5,8,0,0.9685,0,1,0,4339.79
4967.68,8601.92,1.7316,0.1133,7011.72,-18.4865,4.65,133,28.608,0.9342,0.5599,34.554,2,7,0,0.9904,1,5,2,7144.1
1091.7,1455.47,1.3332,0.2979,1426.98,-1.957,5.19,252,48.575,0.2748,0.8702,36.978,4,3,1,1.0798,0,3,0,1521.67
1736.29,2616.08,1.5067,0.1079,2140.67,-18.1726,0.67,12,17.907,1.2118,0.7954,19.7,2,11,1,1.0491,1,9,1,2295.48
2275.59,2980.91,1.3099,0.231,2927.68,-1.7857,4.63,173,37.347,0.8903,0.9364,48.131,2,5,0,0.972,0,5,1,2922.43
2398.23,2774.89,1.1571,0.1885,2558.17,-7.81,10.44,462,44.24,1.4554,0.9593,31.562,5,1,1,1.092,0,4,1,3243.14
2349.59,4639.39,1.9745,0.2898,5147.73,10.957,8.79,89,10.124,0.795,0.8931,12.954,6,2,0,1.0082,0,8,0,3914.76
4584.25,6954.07,1.5169,0.1492,6895.93,-0.836,7.39,367,49.634,2.3784,0.8391,35.292,4,9,0,0.9842,0,8,1,6175.64
3713.15,7329.56,1.9739,0.2064,7365.02,0.4838,7.08,288,40.66,0.8036,0.8098,48.983,2,3,1,1.024,0,0,2,6224.87
3235.57,4106.83,1.2693,0.1965,4769.98,16.1474,26.61,206,7.741,1.0579,0.5894,9.883,0,5,0,0.9942,0,2,0,3720.91
1892.18,3120.7,1.6493,0.2406,3098.6,-0.7081,3.76,61,16.233,0.612,0.9118,21.035,6,4,0,1.0105,0,0,2,2686.62
4207.06,5556.8,1.3208,0.1136,4793.01,-13.7451,10.06,318,31.624,1.0497,0.8037,30.848,0,8,0,1.0009,0,5,1,4838.12
4797.77,8739.44,1.8216,0.1388,7385.1,-15.4969,7.01,311,44.361,1.1438,0.9536,54.128,6,11,1,1.0811,0,2,1,7563.45
4195.39,7619.45,1.8161,0.1429,7027.64,-7.7671,3.6,38,10.547,0.7534,0.932,8.157,1,1,1,1.079,0,0,0,6590.58
507.04,631.63,1.2457,0.2476,572.35,-9.3849,1.6,59,36.829,1.4616,0.9702,35.18,0,6,0,1.0069,0,5,2,722.4
3363.81,6476.18,1.9253,0.1378,7301.24,12.7398,7.29,104,14.262,0.755,0.8403,12.619,6,6,0,0.9793,0,4,0,5299.69
730.11,960.41,1.3154,0.2147,1059.87,10.3554,5.88,238,40.465,1.763,0.9308,37.92,4,8,0,1.0199,0,7,2,1085.65
1659.23,2772.63,1.671,0.143,2283.12,-17.655,13.37,461,34.489,0.5041,0.6933,38.668,2,1,1,1.1028,0,1,1,2453.56
767.86,1526.35,1.9878,0.2723,1343.79,-11.96,4.73,126,26.623,0.9678,0.8823,20.033,1,4,0,1.0135,0,7,0,1308.04
3217.08,6112.57,1.9,0.2884,5987.45,-2.047,2.5,82,32.843,3.7209,0.5413,42.66,3,1,1,1.1026,1,4,0,5483.83
3589.65,7046.78,1.9631,0.2037,5883.21,-16.5121,4.98,219,43.946,0.3022,0.9715,47.507,5,9,0,1.0155,0,7,2,5916.3
1015.19,1463.11,1.4412,0.1705,1267.76,-13.3513,20.42,407,19.935,1.6112,0.7343,24.402,5,6,0,0.9795,0,9,1,1247.0
2227.27,2761.24,1.2397,0.1468,3212.37,16.3378,11.19,433,38.693,1.1715,0.8391,46.347,3,7,0,0.9828,0,3,1,2680.57
2553.06,3344.76,1.3101,0.11,3399.87,1.6479,11.84,104,8.786,0.8577,0.8949,10.189,0,1,1,1.0545,0,3,2,3352.15
2160.74,3404.07,1.5754,0.1537,3807.99,11.8658,11.77,416,35.358,1.7328,0.7126,25.583,1,10,1,1.097,0,9,2,3546.26
1044.61,1905.63,1.8242,0.2308,1776.46,-6.7781,12.15,459,37.782,1.2384,0.8708,38.156,3,4,0,0.9559,0,3,2,1612.88
2385.27,3047.49,1.2776,0.2067,2894.86,-5.0084,3.21,73,22.707,0.8627,0.904,20.366,3,11,1,1.024,0,5,2,3452.53
3880.3,6638.31,1.7108,0.2888,7589.85,14.3341,3.36,134,39.887,0.692,0.9118,30.624,3,7,0,0.9686,0,3,2,5881.91
819.53,1167.87,1.425,0.1793,1241.3,6.2872,15.16,429,28.298,0.8094,0.6173,25.632,0,4,0,0.9939,0,8,1,986.95
860.81,1239.59,1.44,0.2388,1328.03,7.1353,8.04,377,46.877,0.8841,0.9806,50.95,0,11,1,1.08,0,8,1,1340.8
2096.47,3590.48,1.7126,0.1979,3790.02,5.5576,9.37,61,6.511,0.9159,0.7347,5.459,1,5,0,0.9746,0,2,0,3104.07
4737.77,7329.08,1.5469,0.2025,7449.67,1.6454,0.0,0,7.41,0.6719,0.7853,7.164,0,1,1,1.0848,0,6,1,7620.08
3508.58,6456.58,1.8402,0.1536,7724.99,19.6452,1.84,78,42.279,1.0777,0.8232,39.856,0,3,1,1.0823,0,4,2,6326.47
3554.01,4558.13,1.2825,0.191,5276.88,15.7684,8.82,373,42.276,0.722,0.9347,30.924,4,8,0,1.0008,1,8,1,4087.12
2128.64,3877.22,1.8215,0.1942,4204.31,8.4361,2.66,64,24.09,1.0704,0.6458,25.941,0,11,1,1.0867,0,1,1,3720.82
3171.47,3820.36,1.2046,0.2413,4092.61,7.1263,8.87,428,48.234,2.6012,0.9534,51.674,1,12,1,1.0312,0,2,1,4289.97
545.59,717.42,1.3149,0.2881,598.12,-16.6294,13.62,467,34.29,1.5327,0.937,43.886,0,12,1,1.0521,1,9,0,676.87
3362.43,5742.12,1.7077,0.1659,5708.09,-0.5926,3.7,182,49.16,0.9808,0.9798,43.202,5,12,1,1.0238,0,4,0,4923.16
4609.79,8651.13,1.8767,0.1084,8637.32,-0.1597,2.4,65,27.087,0.554,0.8918,25.77,5,9,0,0.9719,0,4,2,7046.89
3256.58,4444.51,1.3648,0.1993,3647.94,-17.9224,29.6,322,10.879,1.0735,0.906,10.25,0,8,0,0.9747,1,9,2,3791.56
4431.64,6328.89,1.4281,0.2089,6975.96,10.2241,15.59,355,22.775,2.4427,0.7268,28.511,4,11,1,1.0404,0,6,0,6099.31
3757.88,6037.23,1.6066,0.1337,4834.53,-19.9213,4.22,207,49.044,0.6041,0.7879,46.356,5,12,1,1.0908,0,7,1,5119.96
1042.51,1386.37,1.3298,0.2521,1344.9,-2.9916,2.77,53,19.15,0.3338,0.7777,18.493,1,4,0,1.0117,0,7,1,1454.42
4561.04,8389.95,1.8395,0.297,9743.26,16.13,4.59,220,47.894,1.1709,0.6113,40.777,5,12,1,1.0607,0,0,0,7410.19
799.0,1444.26,1.8076,0.2892,1352.04,-6.3856,5.87,235,40.054,2.1569,0.8885,28.066,3,10,1,1.1017,1,0,2,1287.0
2902.85,3696.78,1.2735,0.1394,3818.99,3.3059,16.59,376,22.663,1.8355,0.8509,17.366,4,1,1,1.0692,1,2,1,3509.42
1139.62,1759.86,1.5443,0.2751,1624.67,-7.6818,3.59,99,27.552,2.288,0.6164,30.922,0,4,0,1.0062,0,0,2,1762.37
552.68,999.58,1.8086,0.2409,871.23,-12.8407,14.5,446,30.765,0.5252,0.9364,34.133,2,6,0,0.9599,0,0,1,840.91
2399.15,3446.94,1.4367,0.1908,3764.08,9.2008,13.0,437,33.623,0.8193,0.6512,30.042,4,2,0,1.0157,0,9,2,3257.71
1827.68,3085.39,1.6881,0.2081,2720.78,-11.8172,103.19,491,4.758,1.2026,0.8466,4.681,4,7,0,1.0066,0,7,1,2685.67
2687.0,3204.74,1.1927,0.2699,2656.34,-17.1122,2.18,102,46.746,0.3152,0.7811,41.063,1,3,1,1.0493,0,0,2,3576.09
3097.4,5164.56,1.6674,0.196,5030.55,-2.5948,14.38,435,30.253,0.9863,0.894,34.445,3,8,0,1.0147,1,8,2,4277.33
696.83,891.77,1.2798,0.1746,966.27,8.3551,3.88,181,46.626,0.7665,0.9794,56.208,3,4,0,0.9747,0,1,2,920.07
1053.51,1955.32,1.856,0.1986,2017.89,3.2003,14.08,450,31.963,0.884,0.8832,39.617,3,9,0,1.0121,1,8,0,1662.27
3013.89,4376.57,1.4521,0.2158,3929.12,-10.2238,18.99,420,22.12,1.1429,0.7382,17.791,4,12,1,1.0724,0,6,2,4223.55
2044.25,2840.12,1.3893,0.1378,3201.11,12.7102,3.72,107,28.779,0.8449,0.8923,32.147,2,1,1,1.078,0,8,0,2883.96
3781.28,7051.16,1.8648,0.2802,5914.78,-16.1163,0.26,11,41.646,0.5798,0.8492,53.215,1,10,1,1.1169,1,2,0,6053.04
3435.31,4097.03,1.1926,0.2348,4376.15,6.8127,26.03,442,16.98,1.423,0.8188,18.515,2,1,1,1.0483,0,0,2,4757.39
4305.22,6402.37,1.4871,0.2267,6675.56,4.2671,8.42,403,47.867,0.5768,0.9434,43.587,3,5,0,0.9764,0,0,0,5220.35
3616.22,5295.96,1.4645,0.1199,6141.03,15.9569,14.35,342,23.832,0.9452,0.8225,25.776,4,9,0,1.0066,0,9,0,4407.02
2434.69,3389.28,1.3921,0.2208,3425.79,1.0771,1.78,85,47.856,0.6597,0.3648,53.266,3,6,0,1.0026,0,5,0,3212.95
3528.35,6792.04,1.925,0.1242,7658.66,12.7594,6.5,287,44.157,1.4075,0.9214,41.429,2,11,1,1.0458,1,6,1,5709.69
1739.22,3110.22,1.7883,0.1157,2756.02,-11.3882,8.44,326,38.615,0.4552,0.7794,29.44,3,2,0,0.9874,0,8,2,2585.35
1878.41,2262.24,1.2043,0.2055,2303.24,1.8126,8.91,213,23.904,0.9519,0.925,25.434,0,9,0,0.9753,0,5,0,2196.62
4050.43,7118.57,1.7575,0.1806,7211.48,1.3052,1.44,43,29.76,1.1662,0.8372,35.155,1,12,1,1.0329,0,4,2,6833.63
2508.89,4009.72,1.5982,0.2178,3681.45,-8.1867,7.63,321,42.063,1.1489,0.8096,54.621,2,7,0,1.0063,1,1,0,3399.16
4092.71,7840.56,1.9157,0.1178,6288.4,-19.7965,2.78,77,27.659,1.7111,0.8844,23.063,0,5,0,1.0067,0,1,2,6680.97
4200.9,5948.49,1.416,0.1862,6529.66,9.77,1.45,54,37.171,1.5123,0.8111,41.641,3,7,0,0.9868,0,7,0,5820.49
4359.03,7140.26,1.638,0.135,6845.15,-4.1331,6.82,271,39.742,1.2542,0.9444,28.488,1,11,1,1.0395,0,0,1,6059.75
4624.86,7287.12,1.5756,0.2974,6704.42,-7.9963,13.12,343,26.142,0.3694,0.7747,33.511,1,9,0,1.0013,1,7,1,6133.26
2439.43,3820.46,1.5661,0.2122,3352.98,-12.2364,2.57,70,27.276,1.3335,0.7527,19.299,1,8,0,0.9867,0,9,1,3393.21
1934.9,2975.28,1.5377,0.2375,3393.86,14.0687,6.27,67,10.694,1.8304,0.8332,9.788,4,8,0,1.0041,0,6,0,2747.3
3119.89,4133.19,1.3248,0.1651,3858.54,-6.645,13.78,179,12.992,0.6781,0.8244,9.69,1,9,0,0.9764,0,6,2,3587.88
2170.28,3889.9,1.7924,0.1189,3429.26,-11.8419,8.36,379,45.342,1.7876,0.8424,48.633,0,11,1,1.0622,0,4,0,3386.42
3204.83,4915.05,1.5336,0.2952,4961.16,0.9382,9.96,420,42.176,1.5718,0.7775,38.115,2,3,1,1.0588,0,2,1,4845.55
3675.14,7220.68,1.9647,0.1573,8034.74,11.274,115.64,173,1.496,0.7032,0.6665,1.705,0,1,1,1.0382,0,6,0,6205.67
3597.82,4935.09,1.3717,0.1848,5137.35,4.0986,3.85,168,43.6,0.7682,0.5809,43.244,3,12,1,1.0352,0,6,2,5290.94
2185.49,3781.62,1.7303,0.23,4477.73,18.4077,173.48,388,2.237,0.6182,0.8245,2.128,4,12,1,1.0945,0,6,1,3188.66
1250.87,2438.71,1.9496,0.1049,2884.28,18.2708,19.14,449,23.456,1.6981,0.7333,21.324,4,4,0,0.9701,0,1,0,2051.29
2437.38,4177.53,1.7139,0.2621,4849.89,16.0949,60.41,260,4.304,0.7102,0.9186,3.235,3,9,0,0.9696,0,2,2,3554.21
1141.67,2158.43,1.8906,0.2073,2214.68,2.6062,9.2,446,48.472,0.7169,0.7917,39.888,2,10,1,1.0745,0,2,1,1860.69
4505.44,8350.19,1.8534,0.1556,9246.24,10.7308,2.55,124,48.644,0.8894,0.921,52.704,4,1,1,1.0464,0,3,2,7710.85
2056.45,2994.39,1.4561,0.1123,2741.07,-8.4599,4.2,130,30.933,0.5694,0.6909,30.872,3,10,1,1.1032,1,8,2,2542.62
1195.07,1983.94,1.6601,0.1325,2043.74,3.0144,11.52,233,20.218,1.277,0.663,15.003,3,12,1,1.0605,0,9,1,1651.38
614.51,788.31,1.2828,0.279,651.62,-17.3402,14.99,391,26.088,0.8621,0.8617,26.776,6,1,1,1.0577,0,0,0,808.88
3406.2,5467.62,1.6052,0.2372,4950.24,-9.4627,3.99,153,38.353,1.7313,0.826,28.093,6,6,0,0.9841,0,6,0,4629.14
3366.06,4530.24,1.3459,0.15,4213.74,-6.9863,27.56,329,11.936,1.5307,0.8356,12.02,3,4,0,1.013,0,6,0,3916.27
2032.72,3622.66,1.7822,0.1131,3421.59,-5.5503,5.48,124,22.644,2.2599,0.8662,28.962,6,1,1,1.0491,0,3,0,2999.28
822.7,1315.38,1.5988,0.2381,1137.02,-13.5593,9.51,353,37.126,0.4565,0.7972,32.835,6,4,0,1.0075,0,0,2,1094.17
2343.33,3513.92,1.4995,0.2145,2928.17,-16.6694,24.2,493,20.374,0.528,0.71,23.106,3,11,1,1.0901,0,2,0,2948.04
1900.48,2619.77,1.3785,0.1809,2701.89,3.1348,147.21,378,2.568,1.0015,0.5909,2.946,1,6,0,0.9789,0,4,0,2245.18
3547.04,7090.16,1.9989,0.1727,7065.55,-0.3471,3.83,99,25.862,1.0604,0.7307,24.386,2,8,0,1.0176,0,1,2,6139.98
3226.01,3906.55,1.211,0.1434,4038.64,3.3813,1.4,52,37.133,0.8654,0.8231,39.212,5,9,0,0.9736,0,6,2,4471.82
2140.67,2541.03,1.187,0.2339,2164.26,-14.8278,6.77,331,48.864,2.2715,0.6896,48.044,3,10,1,1.0444,0,9,1,2971.31
1480.52,1976.0,1.3347,0.2941,2329.85,17.9077,165.88,467,2.815,0.8184,0.9205,2.449,6,12,1,1.1147,0,9,2,2347.24
4946.16,9770.71,1.9754,0.1351,9432.07,-3.4658,4.63,127,27.456,1.2634,0.6996,31.653,6,6,0,0.986,0,6,1,8389.17
2543.01,5041.14,1.9824,0.2194,4939.25,-2.0211,17.88,412,23.047,1.1833,0.6169,25.852,1,2,0,0.9927,1,9,1,4237.44
3597.23,6139.36,1.7067,0.1848,6254.7,1.8786,1.01,13,12.88,0.7387,0.8444,15.975,1,12,1,1.0513,1,4,0,5201.73
1132.49,2149.57,1.8981,0.1893,2313.04,7.6051,15.35,495,32.25,1.2618,0.6908,34.536,0,6,0,0.9611,1,9,0,1783.84
2685.15,3576.27,1.3319,0.1508,3411.56,-4.6057,0.44,4,9.018,0.9981,0.8715,8.415,5,1,1,1.1168,0,5,0,3988.19
623.92,1233.0,1.9762,0.265,1057.0,-14.274,16.7,249,14.909,1.8576,0.9544,16.824,3,1,1,1.0925,1,0,2,1047.11
2774.55,3527.47,1.2714,0.1971,3926.95,11.3248,9.34,367,39.306,1.789,0.8429,42.113,1,1,1,1.0337,0,3,2,3965.97
4838.08,5979.65,1.236,0.2087,5406.94,-9.5777,1.1,26,23.56,0.2836,0.5762,25.209,5,6,0,0.9761,0,3,0,5691.15
2228.93,2775.86,1.2454,0.161,2712.43,-2.2853,2.5,124,49.69,0.4635,0.8356,60.12,0,12,1,1.0811,0,7,0,2908.68
675.48,1105.87,1.6372,0.1364,1164.41,5.2932,22.62,451,19.937,0.9299,0.8406,24.847,0,11,1,1.0643,0,1,2,930.65
639.3,1159.58,1.8138,0.1172,1375.43,18.6146,1.18,28,23.7,1.5397,0.9023,19.153,6,7,0,0.9827,0,0,1,978.1
2245.94,3282.82,1.4617,0.2428,2670.36,-18.6566,0.13,2,15.713,1.0635,0.761,13.96,3,1,1,1.0746,0,6,1,3561.94
1220.11,2417.3,1.9812,0.1392,2435.54,0.7547,38.16,480,12.578,1.2303,0.8616,13.713,6,12,1,1.1002,0,5,0,1985.42
605.08,919.28,1.5193,0.238,1079.65,17.445,8.94,413,46.192,4.0333,0.7686,47.778,4,3,1,1.1012,0,4,0,1064.82
3902.96,4987.52,1.2779,0.1781,4499.04,-9.7941,6.02,227,37.693,0.7324,0.8682,41.137,1,3,1,1.1161,1,7,0,4675.41
2563.35,3963.13,1.5461,0.1832,3348.53,-15.508,7.84,136,17.337,1.2474,0.9248,16.64,4,7,0,0.9924,0,1,1,3466.8
1801.6,3111.69,1.7272,0.1938,3232.23,3.8736,7.25,256,35.308,1.0857,0.8244,33.453,0,4,0,1.0113,0,1,0,2571.77
4550.37,8451.83,1.8574,0.1735,7275.99,-13.9123,4.95,239,48.323,1.5365,0.9419,37.238,4,9,0,0.964,0,8,1,7458.01
1022.63,1574.79,1.54,0.1201,1813.45,15.1549,60.06,278,4.628,1.6082,0.6367,4.972,4,9,0,0.9637,0,0,2,1332.32
4801.63,7944.62,1.6546,0.1619,8653.83,8.9269,23.06,322,13.961,1.3199,0.9817,11.245,3,10,1,1.054,0,5,2,6875.64
1912.85,2634.46,1.3772,0.2327,2235.1,-15.159,14.68,159,10.828,2.0149,0.8189,11.939,0,4,0,0.9708,0,2,2,2676.0
4497.82,7641.92,1.699,0.2332,7878.66,3.0979,10.8,471,43.619,1.9542,0.9207,55.843,2,3,1,1.1041,1,4,0,6399.15
3213.24,6388.17,1.9881,0.1572,5179.82,-18.9154,0.51,5,9.78,1.2301,0.8971,8.351,1,6,0,0.9712,0,7,2,5324.65
4220.18,5029.17,1.1917,0.192,5723.54,13.8068,28.58,460,16.096,0.9487,0.6617,12.64,6,9,0,0.9647,0,6,1,4853.21
4928.06,9380.81,1.9036,0.1387,8275.52,-11.7825,10.99,304,27.649,1.156,0.618,19.755,3,10,1,1.0653,0,3,1,8078.71
1797.82,2926.75,1.6279,0.1421,3198.14,9.2727,4.52,142,31.434,0.4359,0.9516,29.148,3,8,0,1.007,0,7,1,2610.55
4825.11,6582.82,1.3643,0.1046,5546.22,-15.7471,10.86,441,40.601,0.7688,0.9442,33.649,2,7,0,0.9971,0,9,0,5548.88
2252.67,4418.96,1.9617,0.2793,4370.22,-1.103,8.59,180,20.959,0.617,0.9165,20.856,3,7,0,0.9696,0,1,0,3763.5
2234.8,3488.2,1.5609,0.1421,4087.09,17.1692,1.07,29,27.178,1.5606,0.8427,27.574,0,5,0,0.9786,0,6,1,3275.63
2031.74,2909.33,1.4319,0.1455,2414.13,-17.0209,9.5,459,48.308,1.9644,0.9341,43.94,3,9,0,0.965,1,4,1,2426.9
2936.33,3829.78,1.3043,0.1559,3516.31,-8.1851,16.18,252,15.571,1.3917,0.8194,17.905,3,2,0,0.9888,0,5,1,3464.33
1193.65,1620.72,1.3578,0.1255,1803.95,11.305,2.96,39,13.157,0.9374,0.871,16.352,2,11,1,1.0998,0,2,1,1823.75
2991.7,5558.35,1.8579,0.2279,5476.89,-1.4655,5.19,186,35.819,0.6909,0.8334,29.62,1,5,0,1.0149,0,9,2,4705.86
2937.67,4912.52,1.6722,0.115,5207.86,6.0121,8.2,318,38.786,1.55,0.9679,46.612,5,5,0,0.9689,0,6,1,4126.1
3928.56,7567.42,1.9263,0.1268,8511.86,12.4803,14.21,303,21.324,1.6865,0.7467,16.605,1,5,0,0.9998,1,6,0,6403.7
4251.42,5727.41,1.3472,0.229,6378.15,11.362,19.76,226,11.436,0.9533,0.7412,9.574,4,8,0,0.9776,0,1,0,5024.67
2481.99,3109.85,1.253,0.1679,2979.7,-4.1851,5.59,219,39.167,1.0304,0.8108,40.61,6,1,1,1.095,0,0,0,3378.49
1860.5,2149.2,1.1552,0.2416,2089.56,-2.7751,11.2,379,33.854,0.8392,0.7283,29.925,0,12,1,1.1105,1,9,0,2407.63
1667.01,2636.68,1.5817,0.2115,2711.68,2.8448,7.35,323,43.935,1.2313,0.812,31.854,2,11,1,1.0583,0,1,0,2347.4
1375.81,2749.63,1.9986,0.1512,2334.73,-15.0896,9.2,390,42.372,0.8234,0.6189,37.157,6,4,0,0.9574,0,7,1,2398.41
759.41,1321.93,1.7407,0.2302,1517.32,14.7809,38.9,430,11.055,0.9613,0.9793,13.74,1,1,1,1.0966,0,9,1,1121.76
2041.02,2882.19,1.4121,0.1233,2413.53,-16.2606,1.01,42,41.785,0.5569,0.7391,33.617,2,5,0,0.9717,0,2,2,2523.62
1716.11,3252.6,1.8953,0.2073,2842.53,-12.6074,14.92,143,9.584,1.1401,0.5999,11.1,5,7,0,0.9971,0,3,2,2687.06
4848.88,8798.11,1.8145,0.1874,10363.48,17.792,6.39,277,43.321,2.4005,0.9168,49.099,4,2,0,0.9861,0,7,2,8439.55
3009.69,3500.58,1.1631,0.1536,3195.1,-8.7264,8.21,318,38.746,1.1897,0.8271,29.591,6,2,0,0.9674,0,2,1,3484.33
2062.75,3804.39,1.8443,0.2208,3415.15,-10.2314,5.98,173,28.923,1.684,0.8771,25.963,6,12,1,1.0732,1,5,2,3128.95
3112.1,4373.9,1.4054,0.2743,4243.29,-2.9861,7.58,246,32.469,1.4649,0.7149,26.417,1,7,0,0.9546,0,1,1,4098.82
1126.39,1438.64,1.2772,0.2998,1567.71,8.9714,28.2,172,6.1,0.9407,0.8008,4.355,2,2,0,0.9936,0,2,0,1337.55
2498.2,3353.53,1.3424,0.2216,3174.08,-5.3511,13.54,40,2.954,0.9932,0.8942,2.375,5,12,1,1.0638,0,0,1,3310.52
3318.05,5137.32,1.5483,0.1809,5907.35,14.989,23.72,408,17.202,0.7604,0.9052,14.122,0,11,1,1.0364,0,8,1,4371.91
2700.04,4080.13,1.5111,0.145,3507.87,-14.0256,1.19,49,41.249,1.6312,0.8131,32.982,6,2,0,0.9748,0,3,0,3488.52
2308.0,3220.95,1.3956,0.1514,2728.71,-15.2823,13.52,322,23.823,1.2638,0.9004,17.979,0,6,0,0.9899,1,5,0,2796.78
4972.32,6446.04,1.2964,0.1959,5356.4,-16.904,14.98,179,11.946,1.6512,0.9235,12.135,4,5,0,0.9676,0,6,0,5838.56
4461.42,8021.16,1.7979,0.1735,7374.2,-8.0657,8.14,341,41.893,1.055,0.6786,37.435,1,1,1,1.055,0,1,2,7035.23
3305.33,6582.87,1.9916,0.2828,5791.76,-12.0177,12.95,158,12.203,0.4087,0.7822,15.192,1,11,1,1.1135,0,7,2,5680.25
3062.2,5546.02,1.8111,0.1737,5460.23,-1.5468,0.88,36,40.959,0.6972,0.8759,33.272,6,7,0,0.9913,1,8,2,4689.57
3292.97,4615.25,1.4015,0.1747,5530.37,19.828,17.46,405,23.196,1.6498,0.8586,24.628,0,2,0,0.9693,0,9,0,3790.77
1405.9,1909.34,1.3581,0.1767,2190.81,14.7416,1.1,26,23.711,0.9064,0.7922,29.411,5,2,0,0.9663,1,1,2,1988.88
2278.12,3041.33,1.335,0.2673,3521.81,15.7986,26.11,375,14.363,1.7013,0.8926,10.461,6,12,1,1.1157,0,4,0,3505.21
677.57,857.93,1.2662,0.2302,971.43,13.2296,8.53,385,45.109,2.0245,0.8374,45.549,4,3,1,1.0456,0,1,0,990.55
2639.96,4273.12,1.6186,0.2228,3882.91,-9.1316,47.66,255,5.35,1.5919,0.8956,5.192,3,9,0,0.9976,0,4,0,3664.83
2943.61,4899.91,1.6646,0.1668,4363.51,-10.947,34.3,277,8.076,1.5619,0.8607,10.154,6,1,1,1.0349,0,6,2,4269.2
1524.87,2668.04,1.7497,0.2636,2915.75,9.2844,7.71,248,32.158,0.2608,0.5675,35.318,0,12,1,1.0573,0,5,2,2261.29
4838.13,8361.17,1.7282,0.1077,8692.15,3.9586,4.22,180,42.656,0.8897,0.7307,38.795,0,12,1,1.0882,0,3,0,7192.64
4592.55,6422.6,1.3985,0.2742,5667.62,-11.7551,2.82,16,5.677,0.997,0.9352,6.398,2,12,1,1.0211,0,1,2,7631.58
3749.64,5364.86,1.4308,0.2025,6367.74,18.6935,9.93,367,36.954,1.5642,0.8138,38.786,4,8,0,0.9884,0,6,1,5228.3
2900.24,5015.35,1.7293,0.1797,4863.31,-3.0315,3.32,124,37.383,1.0585,0.9072,33.955,3,2,0,0.966,0,9,2,4238.51
4414.86,6388.44,1.447,0.1994,7191.91,12.577,10.54,311,29.495,0.4735,0.9076,34.543,5,11,1,1.0867,0,8,0,5872.68
1087.94,1447.75,1.3307,0.2335,1200.94,-17.0477,8.49,211,24.85,0.4789,0.9135,27.357,6,9,0,0.9536,1,0,0,1251.13
4057.29,5956.86,1.4682,0.1026,4849.28,-18.5933,28.15,471,16.733,0.7847,0.7908,11.768,4,5,0,0.9904,0,2,0,5155.16
1061.69,1466.49,1.3813,0.2743,1440.56,-1.7678,12.95,236,18.222,3.8347,0.8832,22.214,4,9,0,1.0024,0,6,1,1551.77
4073.95,4990.85,1.2251,0.1893,4231.03,-15.2243,12.16,414,34.047,1.1505,0.958,31.945,0,11,1,1.0928,0,8,0,5037.48
1740.95,3230.55,1.8556,0.1686,3849.86,19.1706,118.84,499,4.199,1.2918,0.9623,4.566,0,12,1,1.1009,0,4,0,2761.76
4446.91,8338.6,1.8751,0.1276,9379.32,12.4808,10.05,298,29.662,0.4785,0.6377,27.825,0,10,1,1.12,0,6,2,7059.74
4748.19,6347.32,1.3368,0.1879,6230.72,-1.837,13.58,199,14.658,1.7363,0.922,18.012,6,9,0,0.954,0,9,1,5812.07
1169.58,1409.41,1.2051,0.1993,1679.75,19.1806,15.76,376,23.864,0.8532,0.689,26.023,2,5,0,0.9674,0,6,2,1481.83
2582.04,4590.88,1.778,0.1807,4110.26,-10.469,6.34,180,28.39,2.1219,0.7644,29.742,3,2,0,0.9535,1,3,0,3848.96
4914.44,6535.22,1.3298,0.2357,7003.08,7.159,8.74,388,44.397,0.5372,0.6989,57.191,5,9,0,0.9775,0,4,0,5769.28
2675.33,3971.32,1.4844,0.1842,3204.9,-19.2988,4.39,129,29.375,0.9542,0.8764,25.509,5,8,0,0.9675,1,1,1,3383.98
4385.96,5282.96,1.2045,0.2923,5013.03,-5.1094,9.89,120,12.131,0.7744,0.9665,8.967,3,3,1,1.0578,0,7,0,5654.7
3149.29,4227.39,1.3423,0.2199,3516.04,-16.827,38.01,186,4.894,1.3737,0.6884,4.941,6,1,1,1.0426,1,0,1,3621.69
2188.98,3992.64,1.824,0.2615,3780.82,-5.305,12.2,387,31.722,1.6323,0.6781,30.276,6,5,0,0.9524,0,1,2,3395.5
1786.03,3275.1,1.8337,0.1219,3118.68,-4.7761,8.16,226,27.707,0.7299,0.8558,26.947,4,2,0,0.9887,1,2,1,2855.0
1414.5,1875.66,1.326,0.1795,1782.01,-4.9932,4.75,161,33.918,1.4956,0.6285,36.362,5,9,0,1.0023,0,6,2,2136.01
3928.09,5638.88,1.4355,0.1674,5445.88,-3.4227,19.14,450,23.51,2.0328,0.8666,25.134,5,5,0,0.9828,0,5,0,4686.31
2239.43,2830.87,1.2641,0.2139,2963.19,4.6741,2.68,111,41.431,1.6331,0.7923,38.753,5,7,0,0.9697,0,6,2,3260.13
2800.74,3397.43,1.213,0.2722,2975.37,-12.4229,10.13,467,46.089,0.7506,0.7038,56.124,0,1,1,1.0968,0,4,2,3776.74
2715.46,5412.86,1.9933,0.1157,4837.79,-10.6241,154.04,456,2.96,0.809,0.9125,3.229,5,1,1,1.1104,0,3,2,4517.45
3097.76,5288.66,1.7073,0.1145,5596.31,5.8172,3.55,133,37.46,0.8991,0.8245,46.224,4,8,0,0.9707,0,6,1,4420.81
4395.1,7079.54,1.6108,0.2701,6983.93,-1.3505,67.94,185,2.723,1.6054,0.8149,3.398,0,8,0,0.9813,1,2,2,6022.16
4913.33,8847.3,1.8007,0.1426,7650.86,-13.5232,7.63,174,22.81,1.2393,0.8998,18.257,4,12,1,1.1093,0,9,1,7741.23
2334.13,4350.97,1.8641,0.2338,4850.89,11.4898,11.01,260,23.619,0.5331,0.9579,26.177,4,8,0,0.9905,0,6,1,3672.08
4223.84,7753.73,1.8357,0.2086,9090.1,17.2352,9.0,316,35.115,0.992,0.5633,31.27,2,7,0,0.9576,0,1,1,6782.64
3940.38,4586.83,1.1641,0.2666,4523.23,-1.3866,26.71,488,18.268,2.2656,0.8164,21.955,5,5,0,0.9653,1,7,0,4559.56
3080.88,4032.22,1.3088,0.125,4216.13,4.5612,7.54,311,41.224,1.6371,0.9345,46.984,2,1,1,1.0973,0,5,0,3958.59
4802.21,8195.79,1.7067,0.126,9229.59,12.6138,20.06,357,17.8,0.7405,0.9287,14.583,5,8,0,0.9807,1,2,0,6968.32
1402.14,2060.29,1.4694,0.2114,2442.48,18.5501,23.51,418,17.783,0.464,0.8494,22.465,6,10,1,1.1141,0,2,1,1968.16
991.69,1968.61,1.9851,0.2893,2338.04,18.7659,31.39,374,11.915,0.7792,0.7043,13.227,4,11,1,1.0507,0,4,0,1689.6
4342.83,7450.53,1.7156,0.183,8710.68,16.9135,13.85,478,34.51,0.9983,0.884,43.799,6,7,0,1.02,1,2,2,6328.23
2476.17,4860.89,1.9631,0.1654,5475.33,12.6404,56.39,268,4.753,0.8141,0.5537,3.903,0,12,1,1.0695,0,5,1,4041.78
4311.36,5696.3,1.3212,0.2213,5527.18,-2.9689,14.96,281,18.79,0.6121,0.9537,22.958,6,12,1,1.1185,0,1,0,5653.5
4518.91,8515.26,1.8844,0.2861,9093.08,6.7857,33.32,469,14.078,1.3404,0.5469,15.497,4,12,1,1.024,0,7,1,7355.28
781.06,1111.56,1.4231,0.2674,1228.69,10.5368,18.22,223,12.237,0.3027,0.4785,12.621,6,3,1,1.0378,0,8,0,974.35
4475.59,8911.48,1.9911,0.2991,7456.78,-16.3239,62.94,251,3.988,1.7519,0.746,4.755,0,7,0,1.0144,0,6,2,7798.26
2517.44,3232.48,1.284,0.1045,2736.44,-15.3454,6.1,63,10.329,1.4586,0.9631,11.152,1,5,0,0.9561,1,2,1,2906.85
2796.95,4444.04,1.5889,0.1226,4809.16,8.216,20.2,462,22.866,1.238,0.8268,25.193,3,10,1,1.0625,1,9,0,3820.33
3319.67,6054.8,1.8239,0.2219,6459.05,6.6766,15.34,394,25.683,1.347,0.9108,21.887,4,11,1,1.0694,0,3,0,5245.5
4668.72,7085.93,1.5177,0.2641,7947.18,12.1543,22.31,317,14.206,0.8676,0.8233,16.908,6,10,1,1.0456,0,9,2,6773.39
586.02,907.09,1.5479,0.157,792.64,-12.6168,14.09,463,32.862,0.9865,0.8688,35.825,1,10,1,1.1162,0,1,2,852.4
2645.8,5260.91,1.9884,0.1478,6179.84,17.4672,24.64,430,17.454,2.0853,0.913,21.06,4,4,0,1.0197,0,8,0,4416.8
3594.75,5433.51,1.5115,0.2574,4864.85,-10.4658,6.48,123,18.995,0.9268,0.8366,17.303,2,1,1,1.058,0,4,0,5106.03
3752.18,6241.61,1.6635,0.1113,5330.58,-14.596,1.75,69,39.349,1.2118,0.5602,35.375,3,10,1,1.0669,0,1,1,5756.39
3616.4,4326.51,1.1964,0.1739,4022.5,-7.0266,8.45,237,28.046,1.3014,0.5418,20.035,6,2,0,1.0097,0,9,1,4406.0
1104.96,2061.72,1.8659,0.2012,2316.19,12.3426,1.55,74,47.706,1.0541,0.4896,55.394,4,2,0,0.9992,0,5,0,1760.38
1847.28,3142.12,1.7009,0.2121,2549.19,-18.8704,23.7,441,18.606,0.8985,0.9343,16.711,5,10,1,1.0801,1,6,2,2666.14
2114.22,3157.41,1.4934,0.2457,2812.41,-10.9268,12.01,499,41.564,0.4176,0.7562,37.255,6,12,1,1.0975,0,1,1,2836.98
4119.97,4794.59,1.1637,0.171,5668.36,18.224,0.24,9,37.179,1.5036,0.9089,41.388,2,2,0,1.0112,0,0,0,5296.47
1754.42,2899.91,1.6529,0.2225,2339.66,-19.3196,8.94,399,44.619,1.7141,0.7909,38.003,2,9,0,0.9995,1,6,2,2461.06
1448.17,1680.98,1.1608,0.2171,1531.88,-8.8697,5.58,267,47.883,1.037,0.8037,59.634,1,6,0,0.9799,0,0,2,1923.65
4808.52,5534.71,1.151,0.2095,5148.99,-6.9691,329.91,454,1.376,1.862,0.8808,1.408,5,5,0,0.9929,0,2,0,5529.79
539.88,903.6,1.6737,0.2281,1056.81,16.9565,91.24,486,5.327,1.2092,0.7732,6.827,2,10,1,1.1075,0,3,0,779.59
4990.19,6540.47,1.3107,0.1519,7459.3,14.0483,13.92,474,34.043,0.3752,0.9322,25.396,6,4,0,0.9918,0,1,1,5738.72
3545.7,4655.87,1.3131,0.1169,4581.54,-1.5965,4.32,87,20.12,0.5902,0.73,18.15,5,9,0,0.9659,0,6,0,4092.61
4228.11,7210.12,1.7053,0.1239,6683.94,-7.2977,1.19,49,41.137,0.7831,0.8619,38.212,1,9,0,0.9969,0,4,1,6052.73
1825.79,2182.99,1.1956,0.1449,2571.06,17.7771,89.48,142,1.587,0.7371,0.8554,1.806,0,10,1,1.1071,0,0,2,2368.56
564.42,799.44,1.4164,0.2,699.77,-12.468,1.43,58,40.542,1.0378,0.924,33.56,0,12,1,1.1101,0,7,1,893.71
3820.41,4878.73,1.277,0.2681,4833.5,-0.9272,59.4,453,7.627,0.6319,0.653,7.056,0,7,0,0.9951,0,9,0,4393.47
4253.65,6989.39,1.6431,0.2403,6761.36,-3.2625,20.82,317,15.222,2.3437,0.6399,18.973,0,5,0,0.9753,0,6,1,5767.21
3832.14,6562.55,1.7125,0.2578,7704.97,17.4082,4.33,210,48.485,0.3408,0.5725,37.272,6,6,0,1.0018,0,3,2,5821.16
1142.83,2014.76,1.763,0.1702,2220.92,10.2324,20.12,71,3.528,0.9604,0.8202,4.048,6,3,1,1.0853,0,1,2,1728.03
3890.43,5318.0,1.3669,0.1809,5240.1,-1.4649,13.42,243,18.103,0.6875,0.848,20.302,4,2,0,0.951,1,6,0,4544.84
3960.15,4854.6,1.2259,0.1787,5062.48,4.2821,46.29,238,5.142,0.5212,0.9597,4.002,6,10,1,1.0363,0,1,1,4774.66
3463.43,4214.59,1.2169,0.1384,4901.6,16.3009,4.41,189,42.827,1.3429,0.4324,47.67,5,10,1,1.0806,0,5,0,4810.98
3947.52,5969.56,1.5122,0.1122,6760.47,13.2491,13.63,483,35.448,0.6031,0.8224,36.932,1,4,0,0.9904,0,0,0,5127.33
4306.65,8415.05,1.954,0.2182,8803.67,4.6181,1.22,49,40.217,1.0204,0.9171,35.089,0,3,1,1.026,0,6,2,7106.27
3261.22,4353.95,1.3351,0.2978,5077.26,16.6127,7.6,204,26.837,0.6215,0.7214,23.796,2,4,0,0.959,0,6,1,4185.45
898.72,1229.66,1.3682,0.1334,1170.78,-4.7885,2.86,53,18.528,0.3859,0.6226,22.23,5,10,1,1.1139,1,3,0,1096.3
2694.33,3329.53,1.2358,0.1093,3640.08,9.3272,278.03,309,1.111,0.8946,0.609,0.932,6,11,1,1.0611,0,3,2,3395.2
849.42,1414.06,1.6647,0.2559,1140.36,-19.3554,32.84,480,14.618,1.1652,0.5087,14.731,1,1,1,1.0629,0,9,0,1201.42
2333.94,4032.8,1.7279,0.1505,4166.65,3.319,8.51,223,26.213,0.7416,0.8068,29.062,6,1,1,1.0757,0,4,1,3325.87
2331.98,3956.18,1.6965,0.2659,3381.71,-14.5208,4.62,155,33.554,1.9313,0.8847,26.103,5,6,0,0.9735,0,1,0,3199.3
797.04,1500.01,1.882,0.2408,1514.59,0.972,29.38,359,12.218,1.1594,0.8675,15.387,5,11,1,1.0274,1,8,1,1285.82
2069.69,3235.89,1.5635,0.2891,2907.78,-10.1395,6.41,50,7.806,1.4365,0.8828,6.685,5,10,1,1.0801,0,9,2,3747.35
999.49,1263.65,1.2643,0.1818,1203.34,-4.7727,22.06,240,10.879,0.72,0.762,9.697,4,4,0,0.9931,0,3,2,1206.78
4137.06,5775.31,1.396,0.2324,6450.25,11.6866,17.93,329,18.35,0.7293,0.8103,20.179,6,2,0,1.0098,0,8,0,4836.38
4764.6,8162.07,1.7131,0.193,6720.99,-17.6558,19.35,160,8.271,0.844,0.7806,6.177,0,3,1,1.0676,1,2,2,7115.86
825.42,1379.41,1.6712,0.2261,1400.05,1.4961,14.74,128,8.684,0.8381,0.695,9.349,6,8,0,1.0027,0,8,0,1188.3
4798.02,7683.32,1.6014,0.1899,6591.9,-14.2051,26.72,84,3.144,0.7937,0.486,3.929,1,6,0,0.9896,0,0,0,6570.62
2851.59,4934.74,1.7305,0.1377,5079.31,2.9296,1.58,68,42.98,0.5742,0.8971,36.509,3,2,0,1.0135,0,6,1,4196.95
1848.05,3126.49,1.6918,0.2016,3293.56,5.3437,32.63,384,11.768,1.4848,0.7012,10.793,0,7,0,0.9819,1,3,0,2592.26
845.88,1606.43,1.8991,0.2057,1402.15,-12.7166,9.01,372,41.273,0.4802,0.7279,34.645,1,2,0,0.9709,0,6,1,1408.86
2752.81,4536.94,1.6481,0.2621,3640.38,-19.7613,2.4,54,22.477,1.3674,0.6081,26.776,0,1,1,1.1132,1,9,0,3945.58
4075.32,7383.71,1.8118,0.2471,6159.35,-16.5819,2.63,84,31.989,1.5142,0.9215,25.61,3,5,0,0.9634,0,5,1,6020.18
3681.89,5012.53,1.3614,0.2328,5392.7,7.5845,73.05,344,4.709,0.8663,0.9464,4.276,6,12,1,1.1127,0,3,2,5231.12
726.02,1253.44,1.7265,0.1227,1193.32,-4.796,15.78,467,29.595,3.5524,0.8171,31.389,2,10,1,1.0835,0,3,0,1061.48
828.06,1587.28,1.9169,0.2441,1506.58,-5.0842,28.14,428,15.21,1.0046,0.8231,14.339,2,9,0,0.9595,1,7,1,1317.09
2312.93,3418.22,1.4779,0.2001,3680.58,7.6756,57.9,328,5.665,0.8639,0.7328,4.188,3,5,0,1.0015,0,6,0,2879.89
1828.81,3314.23,1.8122,0.2788,3310.43,-0.1147,1.74,79,45.503,0.8839,0.8363,57.727,1,1,1,1.1008,0,3,1,3074.81
1545.73,2729.87,1.7661,0.284,2879.56,5.4834,7.16,219,30.578,1.7211,0.9789,27.604,4,2,0,0.9788,0,5,1,2356.27
1764.52,2118.48,1.2006,0.111,2473.81,16.7732,32.93,423,12.844,0.8758,0.6729,12.425,0,4,0,1.0148,0,5,0,2063.81
4115.67,6767.33,1.6443,0.2641,6785.91,0.2746,5.06,109,21.563,1.3737,0.5992,17.262,4,5,0,0.9795,0,0,0,5834.28
4681.53,5901.82,1.2607,0.1075,6227.68,5.5214,13.63,252,18.488,0.5086,0.871,22.541,0,2,0,0.9654,0,1,2,5386.57
2322.96,4581.4,1.9722,0.1734,4837.43,5.5885,14.04,496,35.328,1.076,0.9745,30.907,4,3,1,1.0584,0,3,2,4014.14
4577.5,8421.21,1.8397,0.2085,8538.09,1.3879,10.27,316,30.764,1.6379,0.4419,21.901,0,6,0,1.0131,0,5,2,7308.03
1946.73,2420.3,1.2433,0.1296,2579.49,6.5773,82.77,163,1.969,0.9798,0.6609,1.752,2,6,0,0.9947,0,5,0,2294.91
2643.97,3314.18,1.2535,0.2493,3757.42,13.3738,9.54,102,10.694,0.6851,0.8036,13.799,6,10,1,1.1013,0,0,2,3762.68
1517.13,2511.31,1.6553,0.1017,2820.53,12.3132,4.58,112,24.428,0.8672,0.7158,19.252,0,1,1,1.0967,0,7,1,2199.98
3382.14,4880.96,1.4432,0.1337,4016.58,-17.7092,10.99,251,22.829,0.4906,0.9231,16.408,0,10,1,1.1094,0,1,0,4115.4
4905.42,5786.77,1.1797,0.2162,6832.53,18.0715,5.74,151,26.317,1.578,0.9007,27.551,3,8,0,1.0098,0,4,1,6721.77
3215.72,5178.58,1.6104,0.2429,5897.78,13.888,9.3,335,36.026,1.8408,0.725,33.252,3,11,1,1.0835,1,3,1,4525.11
2110.16,3122.34,1.4797,0.2833,3710.09,18.8241,11.53,397,34.418,0.9385,0.6289,40.51,0,6,0,1.0106,0,4,1,2989.52
3415.18,4220.87,1.2359,0.2411,3704.37,-12.2368,19.05,367,19.268,2.1308,0.8142,21.949,0,3,1,1.0613,0,4,0,4632.95
1053.14,1928.97,1.8316,0.2344,1957.06,1.4563,5.68,250,44.001,1.4485,0.839,35.696,6,2,0,0.9986,0,9,0,1648.43
4498.97,8673.17,1.9278,0.1789,8464.65,-2.4043,86.44,353,4.084,1.0092,0.8339,4.242,1,11,1,1.0697,0,7,2,7323.06
2763.88,4955.92,1.7931,0.1003,4712.01,-4.9217,2.94,87,29.641,1.9591,0.6963,21.326,2,9,0,1.0108,0,9,2,4203.4
2522.07,4663.46,1.8491,0.124,4489.08,-3.7394,10.39,494,47.535,1.4282,0.6257,45.808,0,11,1,1.0491,1,6,2,4027.91
3136.39,4184.0,1.334,0.2069,4859.5,16.1448,16.41,458,27.905,1.8119,0.6671,31.489,0,8,0,0.971,0,8,2,4105.63
3311.53,4550.16,1.374,0.235,4911.35,7.9378,21.12,492,23.3,2.0058,0.8936,22.111,6,3,1,1.1083,1,0,1,4736.43
822.99,1092.31,1.3272,0.1835,1015.74,-7.01,13.09,99,7.562,0.8873,0.878,5.829,2,7,0,1.017,0,5,0,989.81
3571.78,6430.29,1.8003,0.2461,6118.75,-4.8449,2.92,119,40.699,1.4113,0.5653,29.992,1,7,0,0.9507,0,5,2,5746.29
1588.69,3107.05,1.9557,0.2044,3067.93,-1.2591,19.88,384,19.316,0.3806,0.92,23.415,5,12,1,1.1037,1,1,1,2581.5
3712.79,6531.95,1.7593,0.1148,6184.27,-5.3228,8.54,302,35.361,0.5594,0.7292,43.664,3,1,1,1.0275,0,7,0,5654.5
4201.41,7979.51,1.8992,0.1384,7054.12,-11.5971,19.01,203,10.68,1.287,0.6303,9.674,6,6,0,0.9808,1,5,0,6721.7
4117.81,6971.02,1.6929,0.268,6790.74,-2.5861,48.5,148,3.051,1.1992,0.8893,2.436,6,3,1,1.0671,0,9,0,5729.39
2986.25,4418.2,1.4795,0.245,3675.1,-16.8189,12.53,200,15.968,0.6219,0.7447,20.553,3,10,1,1.0399,0,8,1,3570.9
2840.76,4294.94,1.5119,0.279,4903.83,14.1768,19.88,294,14.789,0.8276,0.7757,15.196,2,3,1,1.0461,0,9,2,4129.21
1142.94,1387.56,1.214,0.1235,1567.87,12.9948,0.05,2,43.8,1.1951,0.5514,43.187,0,5,0,1.0068,0,4,0,1560.7
3989.06,4694.08,1.1767,0.298,5429.96,15.6768,9.2,399,43.369,0.9978,0.6588,49.656,6,6,0,0.9893,0,6,1,5452.51
1721.34,2997.12,1.7412,0.1419,2932.28,-2.1636,2.47,67,27.161,0.8921,0.9118,21.765,5,9,0,0.9805,0,5,0,2589.1
2735.13,4164.68,1.5227,0.1024,4416.61,6.0492,79.24,153,1.931,0.4941,0.9229,2.024,3,5,0,0.974,1,4,1,3588.09
1779.23,2881.26,1.6194,0.2995,3238.53,12.3997,40.45,493,12.188,1.1915,0.9185,15.041,0,3,1,1.0749,0,5,2,2805.92
1102.23,1790.03,1.624,0.1562,1657.47,-7.4057,5.6,181,32.312,0.9096,0.9604,23.065,6,1,1,1.0413,0,3,2,1699.27
3333.01,4618.78,1.3858,0.2336,4865.21,5.3354,2.01,12,5.969,2.9636,0.8079,6.588,4,12,1,1.079,0,2,0,5386.0
744.49,1157.32,1.5545,0.1353,1128.73,-2.4707,5.32,188,35.33,2.0188,0.9758,36.421,0,3,1,1.0356,0,0,2,1159.59
3868.9,5997.37,1.5501,0.216,5694.4,-5.0516,11.98,19,1.586,1.0695,0.9703,2.015,3,4,0,1.013,0,0,2,5202.41
1929.14,2855.44,1.4802,0.2808,3266.03,14.3789,9.81,338,34.444,0.3789,0.3418,29.457,0,10,1,1.0503,0,5,1,2781.27
500.61,924.91,1.8476,0.164,970.81,4.9631,6.65,282,42.382,3.3614,0.7453,51.509,5,7,0,0.976,0,8,1,792.36
2800.08,4293.89,1.5335,0.2341,4505.83,4.9358,16.05,385,23.992,1.5044,0.7324,21.242,0,5,0,0.9628,0,7,0,3581.53
710.83,1182.19,1.6631,0.1376,1019.93,-13.7254,0.22,9,41.625,0.7594,0.7999,39.873,5,3,1,1.1186,0,1,1,1005.84
1742.76,3330.75,1.9112,0.225,3126.8,-6.1233,4.76,187,39.295,1.5573,0.8249,32.535,1,9,0,1.0121,0,8,2,2776.59
3681.39,6944.21,1.8863,0.1673,7892.12,13.6503,10.15,344,33.9,1.4884,0.5206,41.295,1,10,1,1.101,0,7,1,6022.49
782.1,1491.36,1.9069,0.1422,1320.45,-11.4603,0.79,18,22.812,0.7205,0.788,18.643,5,6,0,0.9521,0,8,2,1294.98
4277.02,5900.17,1.3795,0.1626,7010.5,18.8185,9.91,142,14.323,0.6279,0.8352,17.409,0,5,0,1.0133,0,3,0,5077.97
517.19,610.15,1.1797,0.1358,691.14,13.275,2.36,102,43.182,1.4491,0.7781,42.032,6,7,0,1.0174,0,8,2,708.58
1610.71,2209.74,1.3719,0.2804,2004.34,-9.2954,9.21,302,32.781,1.7122,0.6878,39.372,2,12,1,1.0266,1,1,1,2114.56
3834.07,5317.47,1.3869,0.1794,4484.16,-15.6712,5.98,240,40.103,1.1742,0.7708,34.436,2,10,1,1.1068,0,0,1,5226.05
1923.22,3698.26,1.923,0.1491,3209.43,-13.2178,5.38,151,28.046,1.1366,0.8356,21.866,2,1,1,1.0832,0,8,1,3172.97
958.52,1631.26,1.7019,0.1897,1463.04,-10.3119,28.76,271,9.421,1.9679,0.7449,9.732,2,8,0,0.9988,0,9,1,1368.31
2121.05,2586.51,1.2194,0.1641,2315.19,-10.4901,6.86,336,48.992,0.9277,0.9074,49.27,3,7,0,0.9861,0,7,0,2439.21
1716.77,2171.84,1.2651,0.2489,1751.61,-19.3488,18.79,187,9.954,0.2359,0.9209,9.098,2,5,0,0.9739,0,6,2,1979.99
4292.2,5504.0,1.2823,0.2942,5978.01,8.6121,10.14,463,45.651,1.3063,0.9368,50.111,3,6,0,1.0018,0,7,1,6433.3
1910.07,3220.1,1.6859,0.1876,3834.58,19.0827,18.66,209,11.199,1.7796,0.9427,8.478,6,9,0,1.0191,0,0,2,2743.37
4050.2,7189.51,1.7751,0.2722,6575.34,-8.5426,9.11,176,19.314,1.2682,0.8984,20.727,2,1,1,1.1137,1,8,0,6074.89
4513.42,8488.39,1.8807,0.2132,6845.98,-19.3488,17.15,387,22.564,0.5276,0.8561,18.662,5,11,1,1.0264,0,9,2,7165.38
2452.18,4780.62,1.9495,0.1314,5580.54,16.7324,4.18,193,46.147,0.7256,0.6234,35.874,0,3,1,1.095,1,8,1,4040.67
4594.74,6071.72,1.3214,0.2381,5358.17,-11.752,3.95,176,44.522,0.9327,0.987,55.464,5,11,1,1.0905,0,8,2,7137.82
2197.93,3106.35,1.4133,0.2027,2493.97,-19.7138,8.9,368,41.338,0.5162,0.7656,40.341,2,9,0,0.9769,0,5,1,2614.88
4838.35,6552.46,1.3543,0.2301,5829.39,-11.0351,21.28,414,19.457,0.7496,0.8176,22.532,6,3,1,1.0239,0,3,1,5650.72
901.8,1312.08,1.4549,0.2779,1104.25,-15.8394,53.27,65,1.22,2.0085,0.8089,0.919,6,6,0,0.9743,0,1,0,1093.99
3591.59,6922.66,1.9275,0.1881,7548.6,9.0419,8.98,309,34.398,0.6082,0.8624,25.264,0,10,1,1.0813,0,3,0,5778.98
2722.16,4461.21,1.6388,0.2802,3571.89,-19.9343,0.05,1,21.137,0.862,0.8592,21.071,5,2,0,0.9968,0,6,2,4215.84
2244.42,3989.37,1.7775,0.2501,3895.78,-2.3459,8.29,316,38.096,1.4309,0.8186,33.88,0,9,0,0.9882,0,0,2,3401.58
3347.2,5243.73,1.5666,0.1977,5226.85,-0.3219,6.76,270,39.948,0.4472,0.5252,28.081,5,5,0,0.9606,0,8,1,4337.29
3667.36,4307.42,1.1745,0.2206,4797.09,11.3681,2.62,59,22.546,1.9699,0.8889,18.262,1,8,0,1.0081,0,2,1,4874.23
519.63,625.93,1.2046,0.1651,631.53,0.8946,9.75,367,37.657,0.7343,0.6009,31.303,6,2,0,0.9712,1,3,1,597.58
1251.29,2011.11,1.6072,0.2967,1709.24,-15.0105,1.0,42,42.157,0.5906,0.8746,36.807,5,11,1,1.0585,1,4,1,1739.15
3708.71,6530.92,1.761,0.2335,6338.86,-2.9408,1.98,92,46.495,2.0014,0.853,57.028,5,8,0,0.9848,1,2,0,5592.35
3498.73,4663.92,1.333,0.1088,5474.68,17.3836,7.62,225,29.54,1.5463,0.3672,28.133,4,12,1,1.0471,0,3,1,4670.32
4847.21,8548.66,1.7636,0.1653,7648.67,-10.5278,10.81,423,39.145,0.599,0.5404,43.36,5,5,0,0.9851,0,4,0,7188.4
3924.67,7217.73,1.8391,0.2247,6638.77,-8.0213,18.98,479,25.234,0.8263,0.6332,17.942,4,3,1,1.118,0,0,2,5944.5
4778.48,7168.26,1.5001,0.1113,8238.5,14.9304,153.87,468,3.041,1.1523,0.3857,3.614,5,6,0,0.9631,1,8,2,6007.28
3661.43,6533.67,1.7845,0.1048,7281.03,11.4386,33.12,285,8.606,0.8492,0.9616,7.265,0,6,0,0.9693,0,9,0,5408.82
1841.23,2749.75,1.4934,0.19,2524.84,-8.1793,8.51,62,7.283,1.9006,0.742,6.449,6,11,1,1.0371,1,9,1,2369.95
974.14,1681.95,1.7266,0.1665,1822.14,8.3349,29.63,279,9.417,1.5398,0.8679,6.847,5,8,0,0.9674,0,3,2,1420.15
4018.21,7230.35,1.7994,0.1877,6030.45,-16.5954,284.59,427,1.5,0.2229,0.7599,1.419,4,7,0,0.983,0,8,0,6118.26
3398.67,6774.02,1.9931,0.1525,6890.52,1.7198,0.3,13,43.077,0.6616,0.7179,52.189,4,9,0,0.9961,0,3,2,5767.8
716.84,1034.82,1.4436,0.1329,1188.37,14.839,0.95,27,28.447,0.7633,0.9042,26.378,2,1,1,1.0643,0,0,1,1069.62
2120.23,3179.04,1.4994,0.2378,3614.59,13.7007,7.13,141,19.774,0.7904,0.8257,24.622,6,8,0,0.9526,0,4,0,2670.29
4805.6,6202.96,1.2908,0.2029,5465.66,-11.8862,20.83,439,21.079,1.2498,0.898,25.726,4,1,1,1.0981,0,8,2,7022.62
2751.81,3641.91,1.3235,0.14,3690.22,1.3266,4.51,107,23.704,1.7637,0.8048,17.474,4,9,0,1.0116,0,2,1,3577.29
2447.28,4256.77,1.7394,0.1639,4083.87,-4.0616,62.55,289,4.62,0.726,0.9938,4.08,4,11,1,1.063,1,4,0,3738.54
2559.65,4938.81,1.9295,0.2184,5059.03,2.4342,5.33,77,14.459,0.5692,0.9075,18.019,5,10,1,1.0411,0,2,0,4184.66
1439.97,2138.96,1.4854,0.1144,1775.4,-16.9971,5.76,246,42.73,0.8505,0.94,30.675,1,3,1,1.075,0,2,0,1743.72
2159.18,2813.13,1.3029,0.1295,3354.78,19.2542,12.61,472,37.44,0.3387,0.4923,43.411,4,3,1,1.1061,0,0,0,2704.95
2164.16,3013.23,1.3923,0.1146,3089.79,2.5406,0.38,11,28.607,1.4168,0.7833,35.583,2,12,1,1.1091,1,1,2,3423.49
735.6,1130.46,1.5368,0.2625,958.31,-15.2284,7.45,183,24.554,0.9393,0.7133,28.54,6,12,1,1.073,1,1,0,994.93
3954.05,5524.02,1.3971,0.2505,5838.38,5.6907,23.08,316,13.69,0.8127,0.6564,15.692,3,3,1,1.0442,1,8,0,4713.04
2374.27,3201.8,1.3485,0.2507,2571.32,-19.6915,14.94,360,24.091,1.1156,0.7372,29.055,6,1,1,1.0583,0,6,0,3092.87
4199.81,7457.13,1.7756,0.2433,5984.99,-19.7413,14.66,444,30.295,0.632,0.7839,33.308,1,7,0,0.9755,0,7,0,6129.36
4326.57,5004.4,1.1567,0.2339,4362.13,-12.8341,8.21,295,35.919,0.8394,0.7596,34.262,2,12,1,1.0488,0,1,0,5649.14
1453.97,2338.49,1.6083,0.1954,2124.22,-9.1628,43.97,403,9.165,0.7124,0.838,6.761,6,4,0,0.9951,0,8,1,2040.48
3458.09,6309.98,1.8247,0.2285,5712.2,-9.4736,5.85,239,40.842,0.3879,0.7875,47.899,0,3,1,1.0478,1,2,2,5342.23
2625.27,3613.14,1.3763,0.1077,3531.01,-2.2731,23.68,425,17.945,0.9967,0.6704,22.308,2,5,0,0.9737,0,9,1,3135.65
4460.71,7417.25,1.6628,0.2243,7456.4,0.5278,10.21,262,25.66,3.5214,0.559,25.838,3,12,1,1.0477,0,1,2,7447.99
1470.83,2527.72,1.7186,0.2556,2449.01,-3.1139,10.85,334,30.787,1.0141,0.8071,31.388,1,1,1,1.0244,0,0,0,2133.01
3550.16,6059.31,1.7068,0.2001,5753.65,-5.0445,15.09,376,24.917,0.6794,0.8681,23.471,3,11,1,1.0262,0,8,2,5171.59
3234.88,4946.05,1.529,0.1715,5282.66,6.8056,2.48,72,29.026,1.0288,0.7093,35.241,5,5,0,0.9627,0,7,0,4445.95
1828.86,2641.95,1.4446,0.1555,2376.0,-10.0665,10.36,67,6.465,0.5784,0.8998,4.583,0,2,0,0.996,1,3,0,2316.83
1114.7,2073.95,1.8605,0.2286,2179.97,5.1123,12.9,286,22.176,0.742,0.9147,23.833,0,8,0,1.0152,0,6,1,1823.05
3432.38,6160.02,1.7947,0.2386,7285.25,18.2667,31.88,470,14.743,0.8082,0.724,18.347,5,9,0,0.9559,0,2,1,5186.63
3823.69,5441.36,1.4231,0.2742,5379.93,-1.1291,62.32,325,5.215,0.7577,0.6816,3.974,0,9,0,0.9585,0,2,1,4628.78
1920.32,2376.53,1.2376,0.1685,2387.17,0.4479,21.08,219,10.391,0.8633,0.8443,13.253,5,3,1,1.0648,0,3,2,2655.69
3401.75,4119.64,1.211,0.254,4495.81,9.1311,15.04,459,30.52,1.4126,0.7819,39.084,6,8,0,0.9679,0,1,2,4379.12
2278.09,2802.36,1.2301,0.2123,2810.65,0.2958,4.32,46,10.638,0.816,0.9223,13.381,5,2,0,1.0055,0,9,1,3144.18
3709.43,6103.64,1.6454,0.2766,5234.26,-14.2437,43.96,434,9.872,0.8624,0.7072,9.65,5,1,1,1.0837,1,3,1,5232.85
1396.47,1667.26,1.1939,0.2056,1741.09,4.4281,2.03,57,28.089,0.3834,0.9611,26.116,2,1,1,1.1048,0,9,0,1922.55
4505.97,6472.32,1.4364,0.2035,6495.03,0.3509,8.93,405,45.33,0.5161,0.7606,50.932,2,7,0,1.0049,0,2,2,5770.63
1793.34,3210.48,1.7902,0.2156,3790.26,18.0591,0.58,23,39.646,1.0416,0.935,35.333,6,11,1,1.0309,0,7,0,2973.72
2155.04,3017.47,1.4002,0.2499,2526.23,-16.2799,6.37,289,45.349,1.7698,0.9236,33.604,4,1,1,1.0807,0,1,2,3307.43
761.41,1369.64,1.7988,0.2929,1389.62,1.4587,10.76,318,29.566,0.9101,0.7202,36.687,0,6,0,0.9979,0,8,1,1205.56
1001.8,1786.87,1.7836,0.1147,1870.44,4.6772,21.01,443,21.087,0.9638,0.8167,22.793,3,8,0,0.9673,0,2,2,1564.33
2821.38,3834.12,1.359,0.1107,4018.0,4.7958,10.94,402,36.752,0.4919,0.9541,30.295,0,10,1,1.0269,0,3,2,3470.44
1704.17,3015.52,1.7695,0.2875,2484.43,-17.612,1.67,23,13.807,0.6634,0.8423,9.817,1,12,1,1.0898,0,9,0,2566.45
4259.66,7606.09,1.7856,0.206,7082.28,-6.8868,13.06,63,4.825,1.1265,0.9645,5.472,2,4,0,1.0037,0,9,1,6531.69
566.12,842.29,1.4878,0.223,762.29,-9.4983,14.2,254,17.886,1.8246,0.6216,21.672,0,2,0,0.9664,0,2,1,749.27
2205.92,2931.36,1.3289,0.1965,3142.4,7.1995,9.39,147,15.663,1.1058,0.6747,14.776,4,11,1,1.0365,0,2,1,3031.22
2018.05,3214.92,1.5931,0.1187,3517.66,9.4165,3.37,115,34.101,0.9365,0.8114,25.526,0,11,1,1.0262,0,7,0,2756.38
586.97,1134.73,1.9332,0.2536,1002.77,-11.6292,3.46,97,28.017,1.1379,0.8166,30.515,4,4,0,0.9846,1,7,0,975.78
1059.66,1794.72,1.6937,0.2494,2028.8,13.0432,30.61,238,7.775,0.6032,0.8537,6.828,2,9,0,0.9735,1,5,0,1564.95
2361.39,3062.69,1.297,0.1623,3044.35,-0.5986,6.2,282,45.517,0.6277,0.7216,35.793,2,2,0,0.9581,0,3,2,2951.17
2717.89,4702.88,1.7303,0.1612,4256.98,-9.4816,14.66,441,30.074,0.8909,0.6643,30.261,4,5,0,0.9624,0,0,2,3939.6
2319.3,3509.39,1.5131,0.2676,3228.29,-8.0099,12.76,299,23.427,0.5612,0.8905,23.171,5,11,1,1.0478,0,3,0,3018.97
2889.22,4775.3,1.6528,0.1145,4323.63,-9.4585,1.96,92,46.923,1.4191,0.5448,47.395,6,2,0,0.9745,0,7,0,4008.17
3178.09,5637.79,1.774,0.2762,5873.32,4.1777,11.1,64,5.768,1.5992,0.9644,6.889,1,1,1,1.0814,0,5,1,5235.22
544.66,864.76,1.5877,0.1513,874.12,1.0826,9.42,374,39.69,0.8727,0.7052,39.322,5,12,1,1.0839,0,1,2,833.05
2588.43,4767.59,1.8419,0.2186,5604.26,17.5492,9.17,173,18.869,1.4591,0.8231,23.403,6,9,0,0.9596,0,2,2,3885.71
4835.75,8529.45,1.7638,0.2872,7757.32,-9.0524,13.77,483,35.074,2.1037,0.9551,42.267,5,5,0,0.993,0,6,1,7100.08
2835.65,4743.5,1.6728,0.2356,4400.41,-7.2329,6.63,309,46.606,1.2232,0.8163,50.831,2,6,0,0.9517,1,3,1,4042.76
3548.94,4536.16,1.2782,0.1829,3640.68,-19.7409,14.22,375,26.368,1.5659,0.8219,19.357,4,6,0,0.9892,1,3,1,4081.28
1903.39,3541.36,1.8606,0.2379,3255.7,-8.0665,110.94,234,2.109,0.9627,0.3558,2.571,2,8,0,0.9981,0,4,0,2998.06
3982.96,7748.93,1.9455,0.1688,6976.76,-9.9648,68.78,166,2.414,1.5685,0.8018,3.001,0,4,0,0.9557,1,7,0,6463.82
3978.15,5038.01,1.2664,0.1555,4840.51,-3.9202,13.72,236,17.197,0.9394,0.8691,15.908,3,1,1,1.0704,0,6,0,5072.52
2845.83,4453.74,1.565,0.2993,4445.98,-0.1744,12.54,493,39.301,0.7058,0.801,39.918,1,7,0,1.0042,0,8,0,3883.91
4892.06,6702.4,1.3701,0.2502,7158.83,6.81,0.4,6,15.125,1.4144,0.9048,13.138,3,6,0,0.9795,0,4,0,7103.99
1064.98,1907.74,1.7913,0.2289,1672.62,-12.3245,17.77,309,17.389,1.1162,0.9613,12.326,1,7,0,0.9565,0,0,2,1631.39
576.26,1016.18,1.7634,0.1711,1039.11,2.2568,1.06,42,39.439,1.4768,0.6099,38.952,0,8,0,1.0104,1,3,2,886.44
3965.71,5035.47,1.2698,0.1098,5496.0,9.1457,41.09,275,6.693,0.6904,0.7147,5.205,6,5,0,1.0016,0,5,2,4577.77
4132.2,7832.47,1.8955,0.1062,7021.6,-10.3527,7.98,339,42.494,1.172,0.7884,34.42,4,6,0,0.9631,0,5,1,6686.96
1040.93,1357.2,1.3038,0.2108,1276.42,-5.9515,10.84,152,14.024,1.6018,0.689,13.862,5,2,0,0.9743,1,8,2,1353.31
1695.12,3098.13,1.8277,0.2524,2732.69,-11.7953,11.97,42,3.51,0.8,0.6851,4.283,4,5,0,0.9898,0,9,1,2673.01
578.99,890.73,1.5384,0.2075,752.14,-15.5587,31.41,212,6.75,1.4926,0.9429,8.146,4,3,1,1.0602,0,4,2,757.22
1819.89,2600.68,1.429,0.2682,2867.2,10.2482,4.2,200,47.675,2.1955,0.8046,60.979,0,5,0,0.9843,1,4,0,2327.12
3979.14,5111.22,1.2845,0.1067,4579.78,-10.3975,16.53,382,23.115,0.7449,0.909,22.875,5,9,0,0.9738,0,5,2,4576.01
2830.82,3658.76,1.2925,0.1734,3464.95,-5.2973,11.35,154,13.565,1.1421,0.8894,13.989,3,3,1,1.0395,0,5,0,3597.06
2066.43,3538.98,1.7126,0.1474,3181.81,-10.0925,8.25,219,26.542,2.4044,0.8529,31.672,6,12,1,1.0779,0,2,0,2970.82
2172.83,3515.34,1.6179,0.1895,2873.9,-18.247,4.41,152,34.435,0.4878,0.9611,38.56,2,3,1,1.1031,0,5,2,2955.69
506.09,634.52,1.2538,0.1145,692.64,9.1596,2.11,35,16.621,1.2243,0.7199,13.458,5,1,1,1.0841,1,7,2,733.14
1849.1,2303.6,1.2458,0.2908,2435.67,5.7332,6.16,225,36.538,1.414,0.8644,34.306,5,12,1,1.0394,0,5,0,2718.13
3409.06,4129.96,1.2115,0.1447,4090.52,-0.955,24.03,321,13.36,1.0104,0.7861,16.801,4,1,1,1.0949,0,4,1,4339.51
4883.87,8704.05,1.7822,0.2845,9311.02,6.9734,18.45,120,6.505,3.0607,0.7825,5.123,2,7,0,1.0071,1,2,1,7460.53
4311.77,7567.59,1.7551,0.1852,8616.46,13.86,0.29,8,27.936,1.2782,0.9442,23.064,3,9,0,0.9764,1,0,2,6838.32
606.18,727.21,1.1997,0.2971,761.67,4.7385,40.22,338,8.405,1.959,0.7004,7.904,2,2,0,0.9631,0,4,0,732.91
4543.52,7388.81,1.6262,0.2108,8591.07,16.2714,7.09,334,47.084,1.5171,0.8738,59.51,2,2,0,0.9512,0,5,1,5942.33
4024.39,4917.71,1.222,0.2862,4330.52,-11.9402,176.12,180,1.022,2.1112,0.7209,0.785,5,1,1,1.1043,0,5,2,5636.05
4011.69,7695.16,1.9182,0.1011,8875.16,15.3343,0.53,20,38.029,1.0921,0.6751,41.975,2,5,0,0.9847,1,5,2,6631.81
2560.98,4919.77,1.921,0.2496,5001.51,1.6614,29.47,433,14.694,0.5207,0.7459,11.451,0,10,1,1.0712,1,2,0,4163.93
2291.02,3994.4,1.7435,0.2806,4540.23,13.665,6.38,271,42.458,1.3141,0.8265,43.082,3,7,0,0.9754,0,3,1,3351.31
1863.12,3609.35,1.9373,0.1279,3961.35,9.7524,48.89,193,3.947,0.4304,0.8764,4.034,6,1,1,1.0256,0,2,2,2981.77
795.63,1463.74,1.8397,0.1192,1204.74,-17.6944,0.52,25,47.697,0.8463,0.8739,34.608,2,11,1,1.0341,0,1,1,1243.87
1527.06,2831.56,1.8543,0.1849,3214.16,13.5118,71.54,427,5.968,0.792,0.7734,7.595,4,8,0,0.9757,0,7,2,2377.48
1609.72,2630.68,1.6343,0.2867,2459.46,-6.5085,7.17,284,39.606,0.8237,0.875,46.893,4,1,1,1.0544,1,6,2,2229.79
2678.35,3776.87,1.4102,0.2085,3660.75,-3.0746,18.22,480,26.35,1.8816,0.6487,23.233,5,1,1,1.0902,0,7,1,3635.2
3863.5,5158.27,1.3351,0.2055,4149.47,-19.557,4.39,97,22.089,0.9874,0.7187,17.194,3,4,0,1.0127,0,5,1,4855.88
2632.14,3759.02,1.4281,0.1282,4148.03,10.3489,29.13,429,14.728,2.7952,0.5475,13.364,5,2,0,0.9961,0,6,0,3077.57
760.3,1280.51,1.6842,0.1002,1263.59,-1.3217,5.16,218,42.227,0.9681,0.8237,52.217,0,12,1,1.0782,1,0,0,1087.79
4810.05,6237.48,1.2968,0.262,7334.32,17.5847,30.22,326,10.788,0.3434,0.8648,8.41,2,9,0,0.9747,0,9,0,5531.56
4742.26,6496.16,1.3698,0.1175,5927.09,-8.7601,11.89,432,36.341,0.7437,0.7816,33.055,6,10,1,1.0593,0,4,0,5791.54
4033.35,6243.03,1.5479,0.2268,6233.22,-0.1571,17.42,398,22.844,1.5301,0.8564,22.766,0,2,0,1.0139,1,3,1,5268.45
4960.98,6687.85,1.3481,0.2829,6450.13,-3.5546,5.45,272,49.926,0.5097,0.8697,35.933,3,7,0,0.9616,0,9,0,6133.76
2950.17,4868.81,1.6503,0.1417,5437.7,11.6844,12.66,392,30.959,0.837,0.8272,26.65,1,2,0,0.9676,0,2,1,4019.59
4832.46,9349.35,1.9347,0.2331,9482.65,1.4257,75.34,460,6.105,1.5041,0.6054,6.456,4,1,1,1.0394,0,1,2,7620.38
840.22,1500.53,1.7859,0.1157,1476.45,-1.6049,13.31,287,21.557,0.8541,0.6469,19.28,2,9,0,0.982,0,8,1,1276.97
2145.56,3682.78,1.7165,0.2208,4340.99,17.8728,15.3,65,4.249,0.7578,0.8984,5.193,2,11,1,1.1022,0,7,0,3200.35
1514.22,2491.36,1.6453,0.1328,2369.72,-4.8823,20.94,314,14.997,1.8722,0.7452,18.927,3,4,0,0.9527,0,9,1,2115.09
1381.25,2161.32,1.5648,0.2472,2152.69,-0.3992,23.29,415,17.823,0.8927,0.7082,17.197,3,12,1,1.0316,0,1,1,1808.06
1133.61,1483.42,1.3086,0.1602,1515.55,2.1656,2.57,110,42.806,0.5939,0.5717,43.628,5,7,0,0.9829,1,5,1,1303.66
3300.86,6306.31,1.9105,0.1927,5180.92,-17.8454,5.02,211,42.061,1.5171,0.7101,45.363,5,1,1,1.0908,0,2,1,5440.51
4015.95,5466.73,1.3613,0.2199,5524.71,1.0605,108.54,170,1.566,1.7654,0.9605,1.721,5,8,0,1.002,1,2,1,4618.34
3102.34,3808.47,1.2276,0.1343,3558.33,-6.568,12.48,338,27.082,1.0945,0.8613,19.985,0,6,0,0.988,0,4,0,3624.16
1161.33,2075.9,1.7875,0.2483,2200.65,6.0099,30.53,365,11.954,0.7484,0.6095,8.753,5,2,0,0.952,0,6,1,1770.45
4150.06,5392.06,1.2993,0.1605,5701.83,5.745,28.41,474,16.685,0.6417,0.7935,20.344,4,9,0,0.9548,0,6,0,4976.07
3361.8,4928.77,1.4661,0.2325,5345.35,8.4519,234.36,483,2.061,0.7582,0.8508,1.715,0,1,1,1.0688,0,9,2,4823.58
2246.75,2637.77,1.174,0.1317,2531.37,-4.034,1.54,58,37.738,0.5324,0.6397,39.642,3,9,0,0.9634,0,0,1,2740.9
3533.59,4475.31,1.2665,0.2376,3767.83,-15.8085,0.61,29,47.579,0.7817,0.9537,51.138,4,10,1,1.0579,0,6,2,5349.93
1669.57,2165.81,1.2972,0.1256,2113.09,-2.4339,22.65,266,11.744,1.3161,0.9394,9.38,3,2,0,0.9817,0,6,0,1920.01
2053.36,2456.33,1.1962,0.1851,2507.61,2.0875,26.09,463,17.747,1.4453,0.7742,20.532,5,6,0,0.9629,0,5,1,2361.37
4628.69,7906.53,1.7082,0.1494,6403.82,-19.006,33.65,374,11.115,1.0136,0.8493,13.556,0,9,0,0.9826,0,5,2,6759.02
1807.27,3364.16,1.8615,0.2497,3427.89,1.8945,3.29,153,46.572,1.2107,0.8744,40.575,5,3,1,1.0356,0,1,0,2861.65
2614.95,3836.96,1.4673,0.1524,3682.37,-4.0289,239.3,349,1.458,0.8891,0.649,1.789,0,12,1,1.0235,0,2,2,3231.46
4505.64,8530.92,1.8934,0.2763,8457.41,-0.8617,0.03,1,29.609,0.694,0.7164,22.166,0,3,1,1.0544,0,2,1,7339.4
3684.75,4905.67,1.3313,0.2784,4519.76,-7.8666,9.55,417,43.667,0.8426,0.9399,51.54,1,3,1,1.0754,0,2,1,5102.51
779.91,1112.61,1.4266,0.1393,1109.11,-0.3144,16.59,168,10.129,1.7544,0.8846,10.981,0,9,0,0.982,0,1,1,967.32
1162.86,1486.29,1.2781,0.2228,1713.3,15.2736,7.12,213,29.91,0.3204,0.7929,31.401,2,2,0,1.0006,0,8,0,1388.86
535.29,897.93,1.6775,0.1175,1001.32,11.514,71.8,250,3.482,0.5638,0.8601,2.918,0,4,0,1.0042,0,5,2,744.18
3339.15,5031.73,1.5069,0.1783,5265.29,4.6418,0.73,30,40.915,0.7893,0.7998,37.523,5,8,0,0.9717,1,1,0,4412.2
2514.53,4202.51,1.6713,0.2427,4415.29,5.0631,22.01,318,14.447,0.5737,0.8877,18.004,3,11,1,1.027,0,2,2,3370.82
1104.24,1984.78,1.7974,0.2319,2298.69,15.8156,3.68,182,49.449,1.2449,0.8682,48.432,6,8,0,0.9938,1,9,0,1742.78
4810.7,7763.74,1.6138,0.2249,7700.69,-0.8122,8.06,372,46.178,0.4645,0.7194,48.793,5,5,0,0.9726,1,5,1,6589.56
2883.47,4854.28,1.6835,0.1565,4930.68,1.5739,5.1,188,36.893,1.8252,0.9062,46.541,0,2,0,0.9865,0,3,2,3994.56
1588.52,3089.61,1.945,0.1756,3534.74,14.4071,8.36,212,25.345,2.6595,0.8042,24.836,3,6,0,0.9545,0,6,2,2605.89
2752.72,3865.38,1.4042,0.1206,4259.21,10.1887,3.27,126,38.563,1.1325,0.9111,35.978,3,8,0,0.9774,0,5,2,3600.31
3558.29,5178.34,1.4553,0.2438,5039.69,-2.6776,39.33,291,7.4,0.7338,0.838,9.146,5,2,0,0.9942,1,5,0,4327.82
843.08,1483.85,1.76,0.2008,1368.27,-7.7895,18.21,295,16.2,1.5895,0.7839,20.194,4,4,0,0.9558,0,2,1,1268.73
1736.17,2898.72,1.6696,0.2418,2919.38,0.7127,9.49,22,2.318,0.8681,0.6575,2.116,6,4,0,0.9831,0,7,2,2506.93
4131.34,5377.99,1.3018,0.1498,4561.85,-15.1756,12.54,409,32.606,0.6523,0.5686,34.406,1,12,1,1.0414,0,8,0,4751.05
2568.49,3774.98,1.4697,0.1649,4047.44,7.2175,0.42,17,40.471,1.0267,0.9703,51.732,6,9,0,0.9718,0,5,2,3857.22
2959.6,4580.46,1.5477,0.1668,4515.32,-1.4221,1.65,78,47.368,0.4546,0.6691,34.734,3,10,1,1.0741,0,1,1,4208.49
2447.67,3687.37,1.5065,0.1051,3827.47,3.7995,0.95,33,34.639,0.6907,0.7205,25.074,3,1,1,1.0734,0,0,2,3608.04
697.55,907.88,1.3015,0.1682,1033.61,13.848,12.72,469,36.872,0.6819,0.7004,37.239,2,9,0,0.9843,0,2,1,814.85
1245.87,2411.72,1.9358,0.2607,2273.11,-5.7472,9.16,411,44.877,0.9538,0.9054,39.256,0,8,0,0.9632,0,2,0,2050.03
2504.94,4503.8,1.798,0.2795,4498.7,-0.1133,2.26,106,46.883,0.4517,0.9845,49.185,1,1,1,1.0232,0,7,0,3609.44
1441.33,2247.26,1.5592,0.2036,2297.32,2.2276,12.12,304,25.074,0.6292,0.7986,28.448,1,10,1,1.0445,0,4,1,1851.92
724.91,1252.67,1.7281,0.1911,1142.53,-8.793,70.07,447,6.38,0.7736,0.8663,4.73,5,6,0,0.9741,0,0,1,1091.57
4296.42,8217.73,1.9127,0.1062,7477.59,-9.0066,8.3,198,23.854,1.2675,0.7885,29.327,6,11,1,1.0559,1,3,0,7021.25
4915.37,6221.62,1.2657,0.2758,6286.87,1.0489,6.73,190,28.248,1.0013,0.6454,24.466,4,10,1,1.0913,0,6,1,7404.98
4069.14,5545.5,1.3628,0.1026,5006.84,-9.7135,7.23,231,31.946,2.2647,0.8916,29.671,3,2,0,0.994,0,4,1,4941.34
4342.03,6996.3,1.6113,0.289,8007.13,14.4481,1.23,61,49.475,0.6361,0.9125,44.637,3,12,1,1.0293,1,9,2,6748.88
1588.9,2906.35,1.8292,0.1978,3481.66,19.795,0.89,41,45.961,1.5552,0.8433,55.332,2,3,1,1.0925,0,5,0,2831.28
4822.82,5694.87,1.1808,0.1684,5036.2,-11.5659,1.13,23,20.422,1.5546,0.6736,16.386,1,12,1,1.0384,1,9,0,6479.28
1386.17,2753.5,1.9864,0.2848,2836.39,3.0103,24.7,162,6.559,1.0944,0.9379,4.704,0,5,0,0.9613,0,3,1,2352.34
4781.43,7347.49,1.5367,0.1049,6305.26,-14.1849,39.91,460,11.525,1.0734,0.6398,14.787,4,8,0,0.9834,0,1,1,6249.47
4976.69,7242.8,1.4553,0.2163,6331.87,-12.5771,19.13,182,9.516,1.1411,0.9503,12.26,4,6,0,0.9866,0,8,1,6043.48
3702.75,5179.47,1.3988,0.2098,5730.5,10.6388,23.42,432,18.445,0.6252,0.8065,15.763,4,9,0,1.0197,1,1,0,4387.59
4915.15,6380.86,1.2982,0.1439,5614.34,-12.0128,7.55,332,43.948,1.6165,0.776,31.01,4,12,1,1.0661,0,1,2,7289.19
3062.93,5583.22,1.8228,0.1858,6139.31,9.96,4.19,94,22.46,1.0381,0.8183,24.427,5,11,1,1.0267,0,1,0,4866.94
1667.94,3272.66,1.9621,0.2305,3147.03,-3.8389,15.35,442,28.797,0.5481,0.6722,31.362,1,1,1,1.036,0,0,2,2773.26
2466.48,3703.66,1.5016,0.2454,3673.23,-0.8216,8.39,82,9.779,1.8141,0.7474,12.363,3,5,0,0.9735,0,2,1,3116.94
3171.02,6213.8,1.9596,0.1001,5615.82,-9.6235,3.66,92,25.15,0.9471,0.9291,22.109,1,4,0,0.9539,0,5,0,5264.12
828.87,1533.59,1.8502,0.2874,1563.64,1.9593,6.32,277,43.808,1.0269,0.8615,35.646,5,8,0,1.0171,0,6,2,1323.57
3300.54,5145.2,1.5589,0.1329,4798.52,-6.7378,2.67,104,38.9,0.285,0.7616,41.616,6,5,0,0.9529,0,0,0,4546.59
4915.3,8468.68,1.7229,0.1467,7366.28,-13.0174,16.87,84,4.978,0.9596,0.9314,5.169,0,9,0,1.0144,0,4,2,7217.56
1355.48,2059.98,1.5197,0.1527,1762.58,-14.4371,1.39,60,43.242,1.8862,0.8953,48.891,4,2,0,1.0069,0,4,2,2061.73
4066.68,6608.01,1.6249,0.1076,7928.7,19.9863,14.36,207,14.418,0.7307,0.927,17.749,5,8,0,0.9928,1,0,0,5593.84
4585.54,5499.62,1.1993,0.1246,5160.04,-6.1747,4.67,157,33.62,0.5252,0.8889,34.825,1,1,1,1.0914,0,3,1,5637.57
4746.66,8267.84,1.7418,0.2973,9276.27,12.197,8.32,68,8.173,1.256,0.86,6.457,0,8,0,0.9637,1,9,0,7003.27
4820.61,5760.15,1.1949,0.163,5394.69,-6.3446,14.33,488,34.058,0.4184,0.5871,36.063,2,9,0,0.9631,0,0,1,5575.18
2846.57,5250.56,1.8445,0.1231,5508.8,4.9184,161.13,443,2.749,1.3506,0.7804,2.542,6,11,1,1.0875,1,0,2,4380.09
4897.89,9066.99,1.8512,0.1214,10304.32,13.6465,16.04,488,30.432,0.9032,0.8195,29.569,4,3,1,1.1043,0,6,2,7796.95
3907.9,5281.58,1.3515,0.2439,5695.73,7.8414,7.99,261,32.651,1.0416,0.8366,41.653,5,2,0,0.9506,0,6,0,4628.92
1227.52,1749.36,1.4251,0.2709,1447.82,-17.237,26.19,340,12.98,3.262,0.8668,13.408,3,12,1,1.1085,0,2,0,1652.78
2646.05,4125.49,1.5591,0.1514,3618.51,-12.289,4.97,233,46.912,1.1334,0.8798,37.05,3,5,0,1.0003,0,6,1,3573.65
3732.49,6185.35,1.6572,0.1042,7109.64,14.9433,113.45,369,3.253,0.5121,0.8272,3.142,3,9,0,0.9681,0,2,1,5267.98
1613.03,2248.97,1.3943,0.1446,2223.08,-1.1511,3.09,138,44.694,1.0591,0.7063,37.411,0,8,0,0.9888,0,1,0,1965.89
3382.77,5593.79,1.6536,0.1113,5814.12,3.9388,14.15,279,19.713,1.4499,0.673,15.402,1,1,1,1.0311,0,9,1,4933.26
3499.7,4910.5,1.4031,0.1207,3976.43,-19.0219,13.2,475,35.982,0.3644,0.6327,40.564,4,1,1,1.1086,0,3,1,4160.43
1232.15,1475.09,1.1972,0.1863,1467.6,-0.5073,10.14,334,32.926,0.9936,0.9432,35.466,4,8,0,0.989,0,9,0,1431.93
3042.88,3505.85,1.1521,0.146,3408.89,-2.7657,24.88,230,9.244,0.4208,0.9454,9.232,5,3,1,1.0571,0,2,0,3581.47
3972.32,4909.7,1.236,0.2032,5275.37,7.4478,21.95,365,16.631,1.0124,0.9045,15.865,4,1,1,1.1138,0,6,2,5588.74
2745.03,5005.32,1.8234,0.1507,4553.74,-9.0221,13.32,359,26.954,2.1647,0.5364,24.079,4,10,1,1.0762,0,0,2,4282.91
554.46,1090.75,1.9672,0.2881,1197.16,9.7556,1.18,50,42.479,0.8048,0.8631,31.978,2,1,1,1.1127,0,5,0,960.86
540.67,818.0,1.5129,0.2812,873.91,6.8358,4.98,238,47.788,1.0401,0.6673,42.033,6,4,0,0.954,0,1,2,776.6
2106.63,3340.66,1.5858,0.2134,3353.64,0.3885,8.96,18,2.009,1.1501,0.8781,2.417,5,6,0,0.9502,0,7,1,2812.79
4667.87,5950.7,1.2748,0.1709,5654.72,-4.974,9.69,177,18.275,1.1868,0.9374,21.386,4,9,0,1.0135,0,4,0,5571.03
1529.05,2474.57,1.6184,0.1762,2278.58,-7.9203,6.16,208,33.739,1.0769,0.8489,43.3,2,5,0,0.9898,0,2,2,2128.52
3354.64,4270.31,1.273,0.1824,4330.26,1.404,14.37,386,26.859,0.3663,0.8836,29.374,1,7,0,0.9625,0,9,0,3857.83
1499.34,2503.2,1.6695,0.2455,2580.12,3.073,2.75,130,47.208,1.0967,0.9273,48.727,3,9,0,0.9993,0,6,2,2358.98
1947.51,3784.55,1.9433,0.1903,3706.03,-2.0747,125.58,230,1.832,0.7282,0.8149,1.607,2,5,0,0.9995,0,1,0,3302.12
4316.19,5681.59,1.3163,0.2713,5273.82,-7.177,17.06,383,22.449,0.5653,0.6902,16.75,3,7,0,1.014,0,4,1,5030.79
3779.88,6803.32,1.7999,0.2888,7837.15,15.196,2.69,91,33.771,1.1048,0.7348,36.163,3,9,0,1.0037,0,7,2,6397.15
929.3,1087.26,1.17,0.1672,1004.72,-7.5915,2.57,30,11.662,1.0721,0.8667,11.579,6,6,0,1.0087,1,0,0,1108.2
2429.16,3568.85,1.4692,0.2121,3814.63,6.8866,9.87,361,36.568,0.4124,0.9481,42.252,0,9,0,1.0085,1,0,1,3053.46
631.26,785.38,1.2441,0.119,912.55,16.193,49.8,248,4.98,0.819,0.8143,4.717,2,6,0,0.9706,0,2,2,760.52
2664.01,3861.75,1.4496,0.1401,4088.59,5.874,5.32,123,23.101,1.956,0.9552,29.831,6,11,1,1.1146,0,2,2,4502.01
3480.95,4516.56,1.2975,0.1827,4274.33,-5.3631,10.78,368,34.136,0.5331,0.8742,32.038,4,6,0,0.9525,0,6,0,4003.1
1033.26,1516.11,1.4673,0.1412,1393.13,-8.1117,30.56,430,14.071,1.0872,0.912,12.662,5,3,1,1.0428,0,5,1,1305.08
1799.98,2708.78,1.5049,0.2753,3091.7,14.1361,29.23,135,4.618,0.5473,0.5218,5.647,0,5,0,1.0117,0,6,0,2285.1
2290.26,3218.97,1.4055,0.1317,3206.04,-0.4017,5.68,272,47.894,2.271,0.5244,44.891,4,7,0,0.9536,1,3,2,2802.03
4637.89,7922.11,1.7081,0.1911,8217.98,3.7347,7.73,354,45.777,1.4177,0.7177,55.965,5,2,0,0.9884,0,1,0,6725.77
4969.65,9596.51,1.931,0.2211,9966.17,3.852,2.13,99,46.392,0.6605,0.5867,33.236,3,6,0,1.015,1,1,0,7993.2
702.1,1046.49,1.4905,0.2384,1060.63,1.3521,4.45,218,48.947,1.1128,0.9279,54.603,6,2,0,0.9644,0,9,1,888.19
3924.54,5154.84,1.3135,0.1766,6044.21,17.2531,10.25,103,10.05,0.504,0.7941,7.468,0,9,0,0.981,0,0,1,4706.13
2172.76,2998.65,1.3801,0.2738,3515.66,17.2414,34.36,300,8.731,0.404,0.7166,6.888,4,10,1,1.042,0,8,2,3159.26
2266.06,4250.91,1.8759,0.2137,3469.46,-18.3831,35.87,96,2.677,0.9537,0.8798,2.998,4,12,1,1.0492,0,6,1,3666.29
3894.19,6370.49,1.6359,0.1879,6384.92,0.2266,7.05,315,44.699,0.6847,0.8011,39.06,1,3,1,1.0938,1,9,0,5490.24
4632.92,7119.68,1.5368,0.1134,7306.41,2.6227,9.74,369,37.885,1.1042,0.6359,31.303,0,7,0,1.0051,0,2,2,5861.9
4779.18,6103.93,1.2772,0.1929,7142.96,17.0223,6.31,202,32.03,0.4326,0.8063,37.825,0,7,0,0.9787,0,1,1,6049.27
3097.05,4745.51,1.5323,0.2641,3928.64,-17.2137,0.43,20,46.456,0.7572,0.805,58.895,3,5,0,0.977,0,2,0,4065.71
2107.05,2921.88,1.3867,0.2229,3259.73,11.563,6.75,197,29.179,2.1497,0.912,24.493,5,10,1,1.0612,0,6,0,3337.63
4043.97,7892.57,1.9517,0.2664,8342.19,5.6967,15.09,111,7.357,2.0449,0.8745,6.55,6,12,1,1.1035,0,4,2,6858.96
1629.51,3098.44,1.9015,0.1988,3386.59,9.3,15.31,148,9.666,2.3082,0.5887,10.908,3,2,0,1.02,0,2,2,2694.57
3038.33,3710.77,1.2213,0.1237,3401.6,-8.3318,50.82,380,7.477,3.0952,0.9639,8.891,0,5,0,1.002,0,8,1,3494.08
2113.6,3358.84,1.5892,0.1027,3690.18,9.8645,15.05,242,16.075,0.8171,0.76,20.89,6,2,0,1.018,0,1,1,2769.04
3454.84,4633.98,1.3413,0.1606,4231.14,-8.6931,22.51,441,19.595,0.2491,0.7542,16.931,1,3,1,1.0397,0,6,1,3973.07
1581.8,2371.36,1.4992,0.2396,2537.99,7.0267,4.54,182,40.045,1.7367,0.8099,41.405,6,8,0,0.9907,0,9,1,2326.4
1362.17,2581.75,1.8953,0.2581,2878.15,11.4809,27.29,283,10.371,0.5722,0.7039,8.094,1,6,0,1.0119,0,5,2,2190.13
4632.08,7403.85,1.5984,0.1592,8242.88,11.3323,9.19,336,36.543,2.8005,0.8347,32.834,5,10,1,1.0487,0,5,0,6749.6
958.12,1374.02,1.4341,0.1991,1398.41,1.7749,13.44,337,25.07,1.0423,0.6887,18.226,6,12,1,1.053,0,6,0,1299.25
2776.81,3684.01,1.3267,0.1842,3556.64,-3.4573,9.16,458,49.983,2.2656,0.9521,41.311,3,10,1,1.0864,0,5,1,4123.49
1493.84,2734.14,1.8303,0.1821,2453.67,-10.2578,7.71,301,39.053,0.9257,0.9061,39.206,2,10,1,1.0542,1,1,2,2295.42
675.18,1134.88,1.6808,0.1463,923.11,-18.6602,6.17,299,48.479,0.7119,0.9587,38.698,4,4,0,0.974,0,4,1,961.57
662.08,1024.81,1.5479,0.1273,839.89,-18.0442,4.95,88,17.775,1.4387,0.9486,21.928,3,8,0,1.0091,0,2,1,876.22
1288.5,1719.97,1.3349,0.1393,1663.91,-3.2594,31.44,221,7.029,1.2771,0.8505,7.916,1,10,1,1.0558,0,8,2,1771.04
4400.47,6310.75,1.4341,0.1111,5288.25,-16.2025,19.35,499,25.789,0.564,0.9314,18.481,6,9,0,1.0154,0,7,0,5546.58
1771.15,3481.85,1.9659,0.1396,2941.42,-15.5215,34.85,247,7.088,0.9828,0.7543,8.69,0,5,0,1.0071,0,9,0,2966.03
4777.07,7605.45,1.5921,0.1018,6676.68,-12.2119,16.24,408,25.13,0.7498,0.5713,32.327,1,1,1,1.0957,0,1,1,6189.76
3117.3,4646.63,1.4906,0.2255,4611.89,-0.7477,31.91,454,14.227,1.1075,0.9462,14.243,0,6,0,0.9573,0,0,2,4016.63
2464.76,3926.88,1.5932,0.1633,4071.0,3.67,7.02,176,25.061,0.9828,0.6941,22.274,3,9,0,0.9706,0,3,0,3219.44
3110.4,5636.48,1.8121,0.2946,6074.47,7.7707,10.18,484,47.532,1.0706,0.9308,40.786,4,6,0,1.0054,0,3,0,4545.39
2825.14,4065.64,1.4391,0.1387,4043.23,-0.5512,7.72,117,15.163,1.0078,0.9798,11.409,5,6,0,0.9971,0,9,2,3713.93
3914.49,5096.28,1.3019,0.1692,5432.1,6.5895,3.48,173,49.678,0.8384,0.8829,49.428,4,5,0,1.0035,1,1,2,5052.04
1771.23,2917.57,1.6472,0.1716,3340.16,14.4843,17.81,218,12.237,1.197,0.5669,8.934,6,7,0,1.0111,1,6,0,2420.43
2088.73,3583.05,1.7154,0.1017,3402.7,-5.0335,33.49,375,11.197,0.6844,0.8653,11.223,3,4,0,0.9691,0,2,1,3069.64
4523.42,7942.28,1.7558,0.2678,8540.29,7.5296,7.84,217,27.695,2.2801,0.9325,23.583,4,4,0,1.0181,0,6,1,6966.84
4759.05,9040.73,1.8997,0.1064,9613.93,6.3402,7.52,318,42.26,0.9921,0.7912,41.663,4,4,0,1.0032,0,6,0,7800.29
4516.51,6618.94,1.4655,0.288,6980.32,5.4598,2.01,76,37.726,1.5237,0.6214,35.878,5,9,0,1.0163,1,0,1,7765.88
2387.52,2898.57,1.2141,0.2784,2995.38,3.3398,2.39,87,36.453,0.7654,0.6359,32.191,2,10,1,1.0875,0,5,1,3272.22
4011.64,7881.26,1.9646,0.2071,8594.23,9.0463,26.6,395,14.849,0.8088,0.9746,14.391,2,3,1,1.0665,0,3,2,6392.59
2643.51,4017.5,1.5198,0.2087,4529.4,12.7417,36.61,77,2.103,1.5858,0.7405,2.071,6,10,1,1.0595,0,7,2,3980.56
2738.93,4600.77,1.6798,0.2308,4402.25,-4.3148,49.3,440,8.926,1.4621,0.7194,10.713,2,3,1,1.1163,0,7,2,4269.04
1421.06,2439.05,1.7164,0.1774,2590.04,6.1905,11.03,200,18.124,0.9405,0.8228,19.927,0,11,1,1.0848,0,2,1,2107.59
3160.09,5102.08,1.6145,0.2294,4588.83,-10.0596,1.3,63,48.613,0.4097,0.795,46.663,2,3,1,1.0607,0,3,2,4666.03
1337.61,1771.62,1.3245,0.109,1953.04,10.2402,8.99,414,46.069,0.7695,0.3681,57.271,3,3,1,1.089,1,0,2,1623.68
1992.04,3569.48,1.7919,0.1108,4112.6,15.2157,0.28,3,10.832,0.9568,0.7019,12.494,6,12,1,1.0992,0,9,0,3065.98
4347.64,7970.04,1.8332,0.1914,8803.62,10.4589,11.95,437,36.556,0.7109,0.8842,27.25,5,8,0,1.0178,1,1,2,6954.9
1431.84,2319.62,1.62,0.2099,2311.36,-0.3564,2.79,82,29.372,0.5294,0.6588,23.27,2,9,0,0.9539,0,6,0,1905.96
820.21,1283.86,1.5653,0.2776,1095.61,-14.6625,55.78,192,3.442,1.5327,0.6025,2.578,5,8,0,1.0143,0,6,1,1041.06
810.53,1010.61,1.2468,0.1209,1161.44,14.9241,24.77,476,19.214,0.9137,0.8647,17.125,3,4,0,0.9793,0,8,2,932.11
4733.53,5781.34,1.2214,0.2645,6508.91,12.5849,19.82,492,24.818,2.4706,0.55,23.859,2,10,1,1.0375,0,9,0,6594.44
2781.14,4001.03,1.4386,0.142,4317.92,7.9202,0.15,5,33.711,0.9196,0.6735,33.797,4,7,0,0.9744,0,8,0,3669.7
2342.35,3312.6,1.4142,0.1788,3778.33,14.0594,12.43,192,15.45,1.0928,0.8001,18.708,2,4,0,0.9713,0,8,0,2796.14
4148.95,8134.47,1.9606,0.1633,8241.93,1.3211,4.62,216,46.757,0.745,0.8066,33.234,3,10,1,1.1114,0,5,1,6869.53
4261.22,7738.71,1.8161,0.18,9257.92,19.6313,14.95,346,23.142,2.1287,0.7516,22.146,3,1,1,1.0696,0,7,2,7740.34
1994.86,3413.08,1.7109,0.1301,3873.26,13.4829,1.59,21,13.178,0.8597,0.5037,12.474,5,7,0,0.9817,0,8,1,2841.08
3621.28,5757.84,1.59,0.2007,4983.06,-13.4561,8.72,144,16.505,0.9035,0.743,20.936,3,3,1,1.0244,0,6,0,4867.68
3970.05,5130.35,1.2923,0.2603,4929.56,-3.9138,11.68,442,37.842,0.6212,0.7283,31.963,2,5,0,0.9717,0,3,1,4649.88
3445.93,6828.75,1.9817,0.1883,5927.73,-13.1946,8.77,284,32.374,1.209,0.791,25.039,0,3,1,1.0359,0,3,1,6024.45
1182.18,1736.36,1.4688,0.1981,1544.85,-11.0296,12.04,450,37.367,0.848,0.5989,29.346,3,1,1,1.0593,0,5,0,1517.03
4441.47,5511.37,1.2409,0.2698,5513.51,0.0389,9.4,144,15.325,0.6159,0.9625,15.51,5,9,0,0.9529,0,3,2,5791.58
2925.93,4592.91,1.5697,0.2412,4338.28,-5.544,0.06,1,17.016,0.976,0.9817,15.902,0,2,0,1.0122,0,6,2,4327.1
1771.13,3352.56,1.8929,0.1981,3902.03,16.3896,14.04,287,20.439,1.4366,0.8528,23.556,6,2,0,1.0009,0,7,1,2846.33
2413.53,4595.83,1.9042,0.1515,3676.88,-19.9954,39.55,405,10.241,2.2798,0.6545,9.155,2,6,0,0.9648,0,7,2,3946.87
669.07,775.67,1.1593,0.277,623.75,-19.5858,10.27,358,34.861,1.1251,0.957,27.079,5,1,1,1.0502,0,7,0,847.95
1075.4,2046.87,1.9034,0.2154,2391.04,16.8147,13.07,224,17.138,0.7594,0.9333,15.975,0,8,0,0.9764,0,1,2,1740.13
3944.96,5447.05,1.3808,0.1442,4878.42,-10.4393,25.96,441,16.986,1.2565,0.9587,20.889,0,4,0,0.9646,0,9,1,4536.7
500.05,591.63,1.1831,0.1538,473.89,-19.9011,30.71,436,14.199,0.9322,0.7691,13.394,3,3,1,1.0251,0,1,0,575.06
2374.55,4441.88,1.8706,0.2606,4331.04,-2.4954,9.19,213,23.189,1.0286,0.8828,27.83,5,5,0,0.9622,0,1,0,3717.76
2851.3,5372.66,1.8843,0.1088,4718.59,-12.1741,11.07,430,38.827,0.999,0.7542,35.834,2,8,0,0.9867,0,1,0,4687.75
745.85,1235.73,1.6568,0.2984,1014.94,-17.8668,9.23,387,41.945,1.2595,0.8167,36.443,3,1,1,1.062,1,3,1,1049.35
4878.85,7992.87,1.6383,0.1261,8090.29,1.2188,4.08,165,40.421,1.3466,0.7328,47.087,6,5,0,0.9968,0,4,1,7023.68
1517.56,2794.07,1.8412,0.2592,2391.92,-14.3929,11.83,372,31.438,0.9756,0.9093,25.954,4,9,0,1.0036,0,3,2,2339.1
1868.89,3398.33,1.8184,0.179,3856.26,13.4751,9.5,140,14.741,5.8065,0.6563,12.369,1,2,0,0.9852,0,4,1,2868.03
1867.74,3561.02,1.9066,0.1984,3279.22,-7.9135,8.54,316,37.008,1.583,0.8341,27.012,0,8,0,0.9648,0,3,0,3027.36
1536.87,2489.48,1.6198,0.2761,2212.31,-11.1337,160.48,470,2.929,0.3536,0.8474,2.38,6,2,0,0.9738,0,6,1,2117.58
506.63,999.33,1.9725,0.1826,1095.17,9.5903,1.57,63,40.109,0.8408,0.8707,37.193,2,7,0,0.9766,0,9,1,842.91
3782.05,7551.72,1.9967,0.2075,8604.87,13.9459,8.46,332,39.231,0.9904,0.7447,36.867,0,9,0,0.9981,1,0,2,6568.34
4850.8,6058.96,1.2491,0.1099,5072.81,-16.276,6.24,211,33.83,1.3561,0.836,32.219,6,5,0,0.9938,0,0,0,5578.43
1509.32,2825.62,1.8721,0.1005,2431.81,-13.9371,49.67,288,5.798,2.5019,0.8602,5.728,2,11,1,1.0882,0,1,2,2379.93
3483.71,5486.32,1.5748,0.149,5430.47,-1.018,1.95,97,49.87,0.6979,0.6997,52.021,3,9,0,0.9831,0,0,2,4831.14
3838.53,5678.85,1.4794,0.2361,5883.79,3.6088,4.33,165,38.064,1.778,0.666,30.971,1,1,1,1.066,0,9,2,6679.6
4317.91,7215.72,1.6711,0.1243,6012.9,-16.6694,3.38,125,37.006,1.1072,0.7837,39.535,1,7,0,0.9983,0,9,0,6186.98
2401.83,2876.36,1.1976,0.1228,2732.56,-4.9995,37.71,156,4.136,1.1789,0.8849,3.731,1,4,0,1.0063,0,2,2,2762.11
1863.19,2944.76,1.5805,0.1822,3413.09,15.9041,12.12,249,20.537,1.8169,0.7631,23.42,6,7,0,1.0122,0,5,0,2429.06
1963.83,3712.14,1.8903,0.2296,4270.57,15.0433,11.49,60,5.222,0.4352,0.9357,5.402,1,1,1,1.0238,1,9,2,3181.38
3706.8,4935.38,1.3314,0.2424,4562.71,-7.551,1.66,31,18.691,1.3066,0.5105,19.299,0,7,0,1.0112,0,5,2,5754.86
4175.51,6315.17,1.5124,0.1357,5626.64,-10.9028,13.61,394,28.954,2.2847,0.8959,32.176,2,7,0,1.0113,0,0,0,5238.23
1317.26,2566.76,1.9486,0.1159,2651.74,3.3107,6.2,273,44.065,0.5892,0.8666,39.65,4,10,1,1.1081,1,5,1,2127.5
2169.23,3284.83,1.5143,0.2881,2754.16,-16.155,20.18,300,14.864,1.0012,0.7454,14.233,2,12,1,1.0256,0,4,2,2924.32
4558.73,6631.19,1.4546,0.1521,5923.96,-10.6652,0.63,20,31.547,1.4038,0.8938,33.116,0,12,1,1.0565,0,6,1,7370.64
4130.12,6296.19,1.5245,0.2707,5456.92,-13.3297,1.21,11,9.068,0.3759,0.5846,8.641,5,10,1,1.0419,0,5,2,6572.34
4931.86,7849.23,1.5915,0.2727,6931.63,-11.6903,13.25,243,18.344,1.1829,0.7474,17.731,3,7,0,0.9907,0,6,1,6320.79
3894.12,6570.13,1.6872,0.2545,5820.64,-11.4074,2.15,102,47.415,0.8778,0.9311,40.942,6,10,1,1.0526,0,1,1,6249.94
2269.38,4154.3,1.8306,0.1338,4366.14,5.0994,7.31,275,37.634,2.0156,0.9053,32.833,6,2,0,1.012,0,0,1,3443.12
3157.87,4845.08,1.5343,0.2644,4822.04,-0.4755,0.22,6,27.744,0.6909,0.8861,31.056,4,6,0,0.9681,0,6,1,4248.99
3474.56,6410.08,1.8449,0.2539,7339.01,14.4917,25.95,346,13.333,0.9792,0.8891,9.367,6,12,1,1.0836,0,8,1,5395.09
853.05,1368.01,1.6037,0.2193,1496.94,9.4247,23.16,454,19.606,0.6687,0.7188,14.845,4,3,1,1.0201,0,1,0,1158.79
2950.24,4241.58,1.4377,0.1674,4239.64,-0.0458,14.87,129,8.678,0.9422,0.9357,11.015,5,11,1,1.088,0,6,1,3951.1
3691.94,6310.49,1.7093,0.1525,5824.38,-7.7032,16.27,298,18.32,0.6985,0.8622,14.88,4,6,0,0.9723,0,2,0,5440.97
1252.95,2205.26,1.7601,0.1244,2498.09,13.2785,11.45,96,8.381,0.8247,0.687,7.969,0,5,0,0.9702,1,5,2,1905.32
4012.84,6518.23,1.6243,0.202,5421.96,-16.8185,6.91,276,39.97,0.5637,0.9257,48.356,6,11,1,1.0645,0,2,0,5581.85
3126.98,3746.5,1.1981,0.2171,4017.75,7.24,57.29,284,4.957,0.7061,0.6303,3.47,1,4,0,0.9771,1,9,1,3669.72
4785.0,6193.7,1.2944,0.1719,5234.93,-15.4799,27.92,287,10.281,0.687,0.7971,12.904,5,8,0,0.9965,0,4,0,5590.39
690.9,962.08,1.3925,0.1951,974.7,1.3119,4.93,172,34.867,0.7951,0.8459,25.526,1,2,0,1.0113,0,1,1,904.48
1693.97,2355.01,1.3902,0.1727,2733.33,16.0646,7.32,331,45.223,0.9434,0.7915,36.293,1,7,0,0.9658,1,7,0,1975.08
3206.99,5523.75,1.7224,0.2282,4945.01,-10.4773,4.23,204,48.265,0.234,0.7714,34.628,6,4,0,0.9825,0,7,2,4747.89
1834.52,2138.31,1.1656,0.2803,1777.82,-16.8588,2.43,102,41.965,1.0741,0.9266,42.457,6,7,0,0.9841,1,6,1,2243.64
3714.91,6658.34,1.7923,0.1328,6230.87,-6.42,43.21,491,11.362,1.8581,0.781,14.383,2,5,0,0.9898,0,5,1,5721.78
3915.52,5385.96,1.3755,0.1763,5339.12,-0.8697,7.47,112,15.0,1.4578,0.8554,18.051,1,5,0,1.0143,0,0,0,4709.97
961.32,1358.85,1.4135,0.1282,1481.04,8.9923,10.12,442,43.667,0.6483,0.9658,47.328,4,9,0,1.0186,0,7,0,1189.17
2812.35,4496.16,1.5987,0.225,3650.4,-18.8107,8.05,359,44.577,1.6676,0.6778,36.165,1,5,0,1.0061,0,0,0,3690.66
2790.01,3720.58,1.3335,0.2458,3171.25,-14.7647,4.01,130,32.392,0.6674,0.738,39.575,5,8,0,0.9521,1,7,0,3242.39
2161.76,4111.24,1.9018,0.2864,3964.45,-3.5706,2.32,38,16.368,1.1577,0.8909,18.871,5,7,0,0.9582,0,1,0,3544.61
4698.16,5743.8,1.2226,0.1558,4813.35,-16.1992,25.55,306,11.979,0.2987,0.9234,10.303,4,12,1,1.0658,1,7,1,5546.19
4223.78,6452.77,1.5277,0.29,7629.48,18.2356,8.68,371,42.762,1.3563,0.9357,50.59,4,4,0,0.9872,1,9,2,5838.98
3637.44,6809.32,1.872,0.1127,6839.25,0.4396,0.63,7,11.057,1.0025,0.8938,13.56,2,8,0,0.953,1,3,0,5669.43
3714.47,6216.04,1.6735,0.2206,5910.05,-4.9227,10.92,365,33.428,1.0718,0.9592,37.404,5,7,0,0.9858,0,6,1,5412.36
2577.72,3604.89,1.3985,0.1114,4296.64,19.1891,0.93,45,48.43,1.0087,0.924,36.818,1,12,1,1.0463,0,4,2,4131.6
4644.48,7002.23,1.5076,0.2788,7411.42,5.8438,5.43,193,35.559,2.5449,0.883,45.891,3,4,0,0.9711,0,7,2,7063.48
3625.68,6347.44,1.7507,0.206,6387.62,0.6329,0.37,5,13.626,1.5479,0.7944,10.159,1,6,0,0.9829,0,5,0,5299.83
3780.41,7474.91,1.9773,0.2339,6700.91,-10.3546,24.73,367,14.843,1.4304,0.9272,16.218,3,7,0,0.9568,1,4,1,6579.59
4377.61,8357.59,1.9092,0.2663,7532.12,-9.8769,10.27,57,5.552,1.32,0.6481,4.254,5,10,1,1.1093,0,0,1,7009.17
1733.32,2497.83,1.4411,0.1301,2360.22,-5.5093,4.85,168,34.626,2.7262,0.7903,43.048,2,11,1,1.045,0,2,1,2675.11
4131.82,8257.31,1.9985,0.1077,9085.44,10.029,4.58,121,26.403,0.8816,0.8017,24.027,0,12,1,1.0273,0,9,1,7112.62
1378.58,1589.48,1.153,0.2758,1790.39,12.6402,22.31,248,11.117,0.4994,0.8538,11.194,2,7,0,0.9992,0,8,1,1615.07
2054.04,2410.38,1.1735,0.163,2113.5,-12.317,16.95,206,12.156,2.3596,0.6416,9.813,2,8,0,0.9599,0,8,2,2362.14
2010.25,3719.49,1.8503,0.1258,4191.73,12.6965,79.05,114,1.442,0.7885,0.5948,1.482,3,9,0,1.0126,0,4,2,3129.43
4903.36,6470.2,1.3195,0.1937,6032.66,-6.7625,4.86,238,48.943,1.2812,0.8189,61.829,2,5,0,1.0095,0,2,2,6967.9
4354.42,5232.5,1.2017,0.2197,4605.22,-11.9882,1.27,53,41.573,1.2978,0.8558,51.591,4,2,0,0.9659,0,5,1,5964.47
3655.26,4940.37,1.3516,0.1062,4337.21,-12.2087,3.69,75,20.314,0.6928,0.8025,14.999,2,10,1,1.1018,1,4,2,4438.52
3771.76,5703.59,1.5122,0.155,5620.16,-1.4628,3.55,168,47.358,0.4932,0.9457,43.899,5,12,1,1.0723,0,0,2,5057.7
3029.33,5364.88,1.771,0.1066,5938.13,10.6852,1.38,47,34.179,1.704,0.7559,29.41,2,5,0,1.0189,0,1,0,4729.79
4761.91,8003.27,1.6807,0.1841,8229.65,2.8286,5.9,223,37.822,1.8856,0.6863,37.399,3,11,1,1.0948,0,4,2,8148.16
2733.16,3695.18,1.352,0.279,3642.92,-1.4141,2.01,69,34.318,1.3725,0.8151,41.19,5,7,0,0.9836,0,8,0,4168.95
2212.33,3490.57,1.5778,0.2965,2817.61,-19.2793,13.1,499,38.086,1.2227,0.771,43.544,2,3,1,1.0306,0,3,1,3054.8
1233.66,2389.95,1.9373,0.2274,2450.71,2.5425,16.42,154,9.376,0.497,0.8639,8.498,2,10,1,1.1046,0,8,1,2045.96
4037.93,7440.91,1.8428,0.1323,7960.9,6.9882,1.61,46,28.558,0.8471,0.6992,26.547,5,5,0,1.004,0,2,1,6500.45
3805.0,5421.02,1.4247,0.2812,4549.48,-16.0772,10.79,460,42.619,1.8346,0.9038,46.564,5,6,0,0.9618,0,0,1,4978.13
2229.6,4425.58,1.9849,0.2032,5233.12,18.2471,190.03,372,1.958,0.677,0.9031,1.598,5,6,0,0.9713,1,5,2,3667.0
613.37,1074.83,1.7523,0.1307,899.22,-16.3383,39.44,278,7.049,1.0687,0.6383,5.369,1,4,0,0.9679,0,9,0,936.29
4275.49,5143.76,1.2031,0.2843,5536.08,7.6271,15.42,201,13.036,1.2593,0.741,11.023,5,3,1,1.107,1,6,1,5570.31
551.38,650.57,1.1799,0.2515,656.96,0.9822,9.13,141,15.442,1.2935,0.5855,11.958,4,11,1,1.0831,1,3,1,756.23
3666.65,4741.52,1.2931,0.2463,5470.17,15.3676,31.75,316,9.952,0.5991,0.9123,9.069,4,4,0,0.9973,0,9,0,4410.85
4866.16,8606.66,1.7687,0.2418,8310.92,-3.4362,14.24,450,31.592,0.9428,0.7289,39.886,4,1,1,1.112,0,4,0,7340.46
2469.48,3225.58,1.3062,0.1401,3236.6,0.3417,8.11,125,15.407,1.5264,0.9188,11.897,2,8,0,1.0183,1,3,0,2868.26
1557.38,2468.08,1.5848,0.1422,2520.33,2.1169,37.84,331,8.747,2.5333,0.7661,10.417,4,12,1,1.0791,0,2,0,2047.75
3671.92,4513.78,1.2293,0.2377,5190.58,14.9939,3.35,152,45.385,0.8977,0.6701,46.329,1,3,1,1.0217,0,0,0,5202.27
4177.08,8073.26,1.9328,0.1439,9040.91,11.9859,1.83,64,35.057,1.2282,0.8339,37.852,0,4,0,0.9761,0,5,2,6537.02
2958.94,4267.87,1.4424,0.1877,3892.49,-8.7956,7.28,95,13.057,0.56,0.8569,10.472,0,11,1,1.03,0,9,0,3548.12
4851.66,9324.46,1.9219,0.2564,11022.47,18.2102,21.78,407,18.687,0.8857,0.7216,14.778,6,9,0,0.9555,0,4,2,8037.55
732.51,1430.7,1.9531,0.2568,1575.52,10.1228,4.83,180,37.298,0.7788,0.7698,29.751,1,10,1,1.0759,0,0,0,1203.09
2771.58,3201.76,1.1552,0.1907,2576.83,-19.5182,12.45,495,39.755,2.6352,0.673,43.74,6,9,0,1.0044,0,4,0,3378.04
3733.04,5765.74,1.5445,0.2584,5036.36,-12.6502,37.43,361,9.645,1.4428,0.8317,11.079,0,6,0,0.9501,0,5,1,4987.32
4381.88,5131.0,1.171,0.2677,5861.25,14.2322,9.72,456,46.892,1.0478,0.6134,58.716,0,4,0,0.99,0,9,1,5809.95
1306.65,2511.89,1.9224,0.231,2658.45,5.8345,4.48,177,39.478,0.386,0.9107,37.067,3,11,1,1.077,1,4,1,2148.28
4100.02,6521.68,1.5906,0.1457,5890.71,-9.6748,2.98,128,42.984,1.1667,0.8251,42.003,2,8,0,1.0188,0,0,1,5614.25
2987.18,3625.55,1.2137,0.1548,3149.04,-13.1431,60.75,489,8.049,1.1726,0.9008,7.902,3,7,0,0.9962,1,4,1,3466.97
2284.49,2841.3,1.2437,0.163,2439.83,-14.1299,4.74,38,8.025,0.8928,0.8957,6.917,6,6,0,0.9709,0,9,1,2727.78
1092.72,1612.83,1.476,0.1234,1495.49,-7.2758,28.63,457,15.963,1.0236,0.911,14.318,3,6,0,0.9969,1,0,0,1367.35
4393.83,8564.45,1.9492,0.1546,9929.73,15.9412,71.74,299,4.168,2.4614,0.6961,5.035,1,9,0,0.9694,0,2,0,7495.51
1207.73,2100.21,1.739,0.1419,1975.92,-5.9181,89.71,490,5.462,1.607,0.8232,4.95,0,4,0,0.9598,0,1,1,1762.8
1894.05,3574.97,1.8875,0.1911,3804.76,6.428,44.9,360,8.017,0.6423,0.8532,9.793,1,6,0,1.0019,0,0,1,3082.17
1805.2,2638.29,1.4615,0.2817,2228.37,-15.5374,9.72,349,35.909,2.6543,0.9166,31.713,4,2,0,0.9839,0,3,1,2463.53
4421.36,5246.97,1.1867,0.1209,5312.87,1.256,53.2,132,2.481,0.6722,0.8237,2.243,3,9,0,1.0166,0,1,0,5084.57
3527.16,6977.33,1.9782,0.2441,6538.8,-6.285,74.42,378,5.079,2.2435,0.801,5.263,0,7,0,0.9544,0,4,1,5942.41
4085.07,4757.46,1.1646,0.2375,4111.43,-13.5792,9.54,451,47.265,0.6962,0.8354,36.01,2,8,0,0.9836,0,9,1,4697.83
1627.11,3181.81,1.9555,0.1192,3560.8,11.9111,97.86,499,5.099,0.9271,0.8845,6.39,3,2,0,0.9676,0,0,0,2606.59
3311.93,4846.6,1.4634,0.2845,5458.32,12.6216,13.86,379,27.336,0.3478,0.7777,32.591,0,12,1,1.0521,0,9,0,4694.51
3072.86,3560.14,1.1586,0.2137,3284.26,-7.7492,3.32,108,32.486,1.3017,0.9719,35.809,4,5,0,0.953,0,0,2,4054.38
4247.74,7373.15,1.7358,0.1727,7826.65,6.1506,1.48,71,47.971,0.3748,0.835,62.021,1,9,0,0.9528,0,9,1,6265.21
4577.39,9079.07,1.9835,0.2513,8694.38,-4.2371,4.59,207,45.09,1.1092,0.8163,31.996,0,3,1,1.0915,1,3,0,7648.25
554.71,1093.2,1.9708,0.1515,894.01,-18.221,2.83,64,22.593,0.8047,0.7091,21.388,0,7,0,0.9747,0,6,2,963.73
3533.09,4546.37,1.2868,0.2387,4415.03,-2.8889,5.09,240,47.166,0.8092,0.7472,57.307,3,5,0,0.9516,0,1,0,4393.11
733.26,956.22,1.3041,0.1079,985.23,3.0344,3.52,78,22.181,1.2177,0.869,21.29,0,6,0,0.9926,0,1,2,1023.88
2969.86,4842.98,1.6307,0.2679,4453.68,-8.0385,2.57,87,33.826,1.5065,0.9152,23.785,4,5,0,0.9811,0,0,2,4912.03
1794.35,3035.51,1.6917,0.1896,3580.57,17.9558,29.01,398,13.721,1.924,0.8748,10.903,2,6,0,1.0184,0,4,1,2612.11
1880.49,3344.47,1.7785,0.2273,3422.12,2.3217,5.5,177,32.196,0.5572,0.8811,30.922,4,9,0,1.0083,1,5,1,2867.64
2088.31,2722.94,1.3039,0.1442,2582.94,-5.1412,9.54,261,27.371,0.8559,0.9336,30.129,0,7,0,1.0011,0,5,2,2558.78
3295.82,6476.79,1.9652,0.2354,7085.66,9.4008,2.11,65,30.735,0.9764,0.7952,24.514,2,1,1,1.0493,1,1,1,5413.67
2003.22,3391.32,1.6929,0.2544,3175.52,-6.3632,9.4,324,34.45,1.3519,0.8836,33.376,4,9,0,0.9839,0,6,0,2867.61
3797.15,7100.62,1.87,0.1946,5750.67,-19.0118,38.95,370,9.499,1.3381,0.8924,6.722,2,2,0,1.0158,0,5,0,5828.73
2320.37,3733.61,1.6091,0.2235,2999.23,-19.6696,26.77,422,15.762,0.6555,0.8716,15.549,5,4,0,1.0012,0,7,2,3146.18
807.59,1213.11,1.5021,0.1913,1117.02,-7.9212,2.81,104,37.076,1.8238,0.5451,45.883,3,4,0,0.9563,0,5,2,1205.87
4026.92,7975.74,1.9806,0.2788,6878.23,-13.7606,10.75,97,9.027,1.2276,0.9752,9.552,0,5,0,0.9805,1,8,0,6934.69
1785.91,2937.47,1.6448,0.1996,2764.12,-5.9015,27.2,486,17.868,2.4461,0.6582,17.232,2,10,1,1.0907,0,9,0,2579.6
2447.45,4617.95,1.8868,0.2684,5116.07,10.7864,2.82,95,33.657,1.1718,0.936,26.837,1,4,0,0.9579,0,1,2,4071.87
3584.5,7026.69,1.9603,0.2603,6489.99,-7.638,8.78,412,46.945,0.3674,0.6609,38.563,3,8,0,1.0092,0,6,0,5939.3
1996.05,3441.3,1.7241,0.1821,3523.4,2.3859,101.5,476,4.69,0.6625,0.8603,3.498,0,9,0,0.9697,0,4,0,2931.34
754.64,1219.94,1.6166,0.146,1424.72,16.7858,17.9,471,26.311,0.9226,0.8909,30.138,3,11,1,1.1097,1,0,2,1010.09
2182.64,2516.55,1.153,0.1812,2716.16,7.9317,8.98,45,5.013,0.6557,0.9303,3.741,1,11,1,1.081,1,2,1,2736.03
4750.02,5624.1,1.184,0.2652,5763.03,2.4703,19.26,377,19.577,0.6437,0.9301,18.214,0,12,1,1.0805,1,3,0,5480.1
3387.8,4474.35,1.3207,0.1455,5131.29,14.6822,3.13,30,9.594,2.5914,0.8731,11.032,3,2,0,1.0064,0,1,1,4962.91
3521.66,4606.7,1.3081,0.2049,4294.63,-6.7742,12.4,407,32.822,0.5354,0.7849,37.014,6,12,1,1.0902,0,6,1,4945.03
3345.27,4571.46,1.3665,0.2612,4018.95,-12.0862,9.81,374,38.134,0.7675,0.8006,39.908,3,9,0,0.9878,1,0,0,3847.06
1395.46,1966.48,1.4092,0.1707,2160.9,9.8868,29.04,381,13.12,1.0336,0.8351,13.681,6,2,0,1.0001,0,2,1,1673.22
2382.5,3469.06,1.4561,0.2284,2856.83,-17.6482,11.08,398,35.931,0.5181,0.5798,27.099,2,3,1,1.0745,1,8,2,3028.68
3879.23,5847.77,1.5075,0.1491,5670.43,-3.0327,8.87,203,22.894,0.9217,0.586,18.429,2,6,0,1.0119,1,1,0,4981.87
956.18,1179.96,1.234,0.1219,1079.46,-8.5169,9.87,147,14.895,0.3067,0.7677,15.206,3,9,0,0.9563,1,4,0,1127.18
1750.34,2075.91,1.186,0.2589,2467.29,18.853,4.92,131,26.647,0.7592,0.8933,24.218,2,7,0,1.0017,0,3,1,2356.6
1743.44,3003.68,1.7229,0.1198,2856.02,-4.9162,9.44,185,19.603,0.5716,0.7957,13.945,0,8,0,0.9569,0,2,0,2608.69
2444.09,3927.0,1.6067,0.1543,4183.71,6.5372,37.49,460,12.27,0.8578,0.7004,14.465,2,2,0,0.9783,1,4,0,3496.66
4911.66,7502.67,1.5275,0.271,6807.88,-9.2606,4.94,188,38.085,0.9725,0.616,41.6,0,9,0,0.9812,0,5,1,6579.07
803.76,1357.77,1.6893,0.1693,1620.19,19.3269,12.18,488,40.079,1.9628,0.6784,35.889,0,6,0,0.9701,0,0,1,1132.32
2834.15,5253.18,1.8535,0.2946,4581.6,-12.7843,3.13,126,40.215,0.737,0.6348,30.52,0,3,1,1.0811,0,1,0,4394.49
1307.14,1978.41,1.5135,0.2959,2300.26,16.2681,18.4,363,19.725,2.9113,0.906,20.804,0,2,0,0.991,0,0,0,1674.96
4868.04,8251.1,1.695,0.1537,8070.8,-2.1851,42.23,393,9.307,1.112,0.7609,8.461,3,12,1,1.1044,1,2,2,7053.65
1009.87,1979.88,1.9605,0.1082,1922.28,-2.909,7.02,296,42.18,0.6241,0.6866,35.99,4,2,0,0.9761,0,7,2,1668.86
2316.2,4316.67,1.8637,0.241,4664.24,8.0519,17.98,308,17.134,1.0699,0.9007,19.411,4,10,1,1.0395,0,7,0,3779.18
3820.48,5776.95,1.5121,0.1902,4837.2,-16.2673,2.28,86,37.655,1.8548,0.9173,33.773,6,9,0,0.9846,0,3,0,5043.96
3670.49,6232.53,1.698,0.1202,6348.94,1.8677,11.06,454,41.055,0.5863,0.8749,32.09,6,4,0,0.9748,0,5,2,5196.49
2402.28,3124.19,1.3005,0.2415,2774.24,-11.2012,3.11,120,38.639,2.6409,0.9547,38.214,6,8,0,0.9725,0,8,1,3534.46
2059.36,3349.43,1.6264,0.1062,2890.05,-13.7151,16.47,331,20.1,1.3048,0.5382,24.062,0,11,1,1.1153,0,6,0,2857.28
2289.26,4542.18,1.9841,0.274,5228.0,15.099,6.45,303,46.963,0.5644,0.7772,56.815,4,7,0,1.0095,1,1,2,3751.48
1689.24,2686.86,1.5906,0.1277,3221.31,19.8915,11.93,398,33.348,0.7702,0.8243,40.338,0,5,0,0.9976,0,1,2,2283.36
1424.0,2760.41,1.9385,0.1255,3280.69,18.8479,4.59,134,29.212,0.8123,0.9652,27.826,4,11,1,1.0226,0,2,0,2388.6
2673.68,4000.45,1.4962,0.1351,4514.37,12.8465,9.29,327,35.198,1.7405,0.7418,41.342,5,4,0,0.9958,0,7,0,3361.15
1708.4,3415.13,1.999,0.2921,3988.83,16.7988,62.04,198,3.192,0.5545,0.9004,3.862,1,6,0,0.9933,1,9,2,2914.17
1793.58,2945.66,1.6423,0.2386,3445.49,16.9685,8.44,170,20.135,2.1592,0.679,19.646,2,10,1,1.1179,0,8,0,2961.42
3455.4,4097.86,1.1859,0.2603,3567.37,-12.9455,5.86,259,44.18,1.7697,0.9215,39.375,6,8,0,0.9507,0,2,1,4592.81
4858.42,8010.28,1.6487,0.1795,6682.81,-16.5721,13.83,123,8.893,2.2983,0.9546,9.971,4,5,0,0.9647,0,8,0,6870.57
3216.37,4449.48,1.3834,0.1673,3785.24,-14.9286,11.31,241,21.306,1.0298,0.882,26.476,0,2,0,1.0051,0,9,2,4037.65
846.41,996.74,1.1776,0.1469,862.22,-13.4958,20.81,434,20.857,1.8542,0.7136,26.766,2,4,0,1.015,0,7,2,975.44
840.13,1552.32,1.8477,0.1961,1752.54,12.8979,3.79,70,18.446,0.8866,0.7643,16.124,2,11,1,1.0671,0,4,0,1328.7
4781.4,6619.23,1.3844,0.2104,7787.59,17.651,13.34,381,28.555,1.6667,0.775,36.371,3,1,1,1.0215,0,9,2,7627.56
1837.81,3357.8,1.8271,0.2264,3158.8,-5.9264,1.16,58,49.814,1.0447,0.9751,49.792,6,9,0,1.0085,0,2,1,2845.6
914.3,1275.44,1.395,0.1514,1037.88,-18.6255,7.98,108,13.537,2.4609,0.8694,11.961,3,6,0,0.9766,0,6,0,1084.04
3195.7,4202.91,1.3152,0.2897,3879.26,-7.7008,1.13,40,35.543,1.1436,0.7932,45.958,4,7,0,1.0185,0,8,0,4465.69
3306.42,6539.59,1.9778,0.134,7078.81,8.2455,11.64,444,38.142,0.6555,0.9243,46.788,3,1,1,1.0469,0,5,2,5622.52
3418.27,4981.78,1.4574,0.2931,5864.37,17.7162,9.62,285,29.64,2.1307,0.9265,33.062,6,5,0,0.9734,0,2,1,5399.92
1703.31,2829.49,1.6612,0.103,2772.55,-2.0122,65.44,378,5.776,1.1099,0.8504,7.145,0,9,0,0.9892,0,4,0,2414.82
568.0,947.7,1.6685,0.1962,885.55,-6.5573,4.99,145,29.046,0.7647,0.7459,32.209,3,1,1,1.1152,0,6,2,910.33
4842.57,7875.97,1.6264,0.1667,8358.68,6.1289,5.97,285,47.72,0.7467,0.8797,46.013,1,1,1,1.0864,0,7,0,6931.02
1629.02,3139.92,1.9275,0.1898,2777.1,-11.5549,21.96,390,17.761,0.6408,0.8798,22.536,4,11,1,1.1188,0,3,1,2592.81
3542.12,6104.04,1.7233,0.2141,6753.06,10.6326,1.58,51,32.345,0.4886,0.5938,41.335,2,2,0,0.9751,0,1,2,5240.97
3679.83,5494.63,1.4932,0.1871,5305.69,-3.4387,3.65,175,48.01,0.8097,0.7,42.658,5,3,1,1.1036,0,9,0,5373.4
3245.03,6110.47,1.883,0.183,7277.02,19.0909,6.93,278,40.102,1.1078,0.849,36.598,2,6,0,0.9907,0,1,2,5301.73
1908.08,2487.96,1.3039,0.2465,2919.98,17.3648,10.91,379,34.727,0.8265,0.8461,32.283,1,11,1,1.0974,0,2,2,2879.97
1719.93,2773.57,1.6126,0.2372,2957.03,6.6148,3.38,164,48.586,0.151,0.8919,57.977,0,6,0,0.9604,0,7,1,2404.44
3189.51,6244.95,1.958,0.2667,6614.61,5.9193,34.83,326,9.359,0.4637,0.8672,10.993,6,10,1,1.0341,0,0,1,5052.41
4397.43,7394.67,1.6816,0.15,6280.0,-15.074,12.48,485,38.865,1.6001,0.5091,50.13,6,10,1,1.1156,0,6,0,6308.15
4760.3,8780.01,1.8444,0.2219,8010.69,-8.7622,22.74,476,20.935,0.9444,0.7283,20.498,2,1,1,1.0636,0,5,2,7508.41
976.58,1665.58,1.7055,0.217,1906.7,14.4772,25.78,481,18.661,0.4261,0.7949,21.312,1,3,1,1.0544,0,1,2,1397.23
1196.73,2230.06,1.8635,0.1739,2107.84,-5.4806,9.47,251,26.513,0.8371,0.8178,32.188,3,9,0,0.9604,0,8,2,1860.57
4751.31,9278.43,1.9528,0.1972,8996.84,-3.035,38.44,102,2.654,1.0643,0.8012,2.21,4,8,0,0.9983,0,4,0,7830.3
3814.41,5271.45,1.382,0.1628,5987.99,13.5929,3.19,52,16.314,1.6123,0.7969,17.494,6,11,1,1.1037,0,1,1,6199.64
4473.47,5789.62,1.2942,0.1284,5620.39,-2.923,27.78,254,9.145,0.7095,0.8508,9.406,1,9,0,0.9532,0,2,1,5171.86
1411.85,2204.45,1.5614,0.1428,2513.08,14.0005,46.18,360,7.796,1.3732,0.8968,8.932,1,11,1,1.0496,0,6,2,1999.09
3144.14,5491.5,1.7466,0.1211,4545.7,-17.2228,9.81,172,17.53,0.989,0.641,19.585,3,8,0,1.0199,0,6,0,4773.2
3655.13,4909.25,1.3431,0.2366,5284.46,7.643,6.2,250,40.311,0.8308,0.8041,47.876,6,9,0,0.979,0,9,2,5261.89
3560.5,4106.99,1.1535,0.2321,3389.1,-17.4796,16.21,176,10.854,1.5473,0.9412,9.624,0,7,0,1.0127,0,0,1,4141.46
2336.68,3368.32,1.4415,0.2901,3759.06,11.6005,1.78,48,27.039,0.6235,0.9466,22.438,5,10,1,1.0593,0,9,2,3860.03
569.28,1123.49,1.9735,0.2459,1146.95,2.0887,2.92,110,37.684,1.6059,0.8912,44.585,5,9,0,0.987,0,3,2,986.84
3123.17,5436.57,1.7407,0.1104,5558.07,2.2349,16.32,209,12.808,0.5651,0.8172,11.736,6,3,1,1.1196,0,5,2,4476.81
1638.96,2443.89,1.4911,0.2768,2323.35,-4.9325,5.34,247,46.286,0.7496,0.7782,40.387,3,6,0,1.0193,0,7,1,2257.92
2526.14,3318.57,1.3137,0.2725,3853.97,16.1335,4.0,174,43.458,0.8251,0.6935,39.203,6,6,0,0.955,0,2,0,3602.64
4809.11,6986.09,1.4527,0.1887,7011.5,0.3638,7.97,106,13.308,0.9461,0.9589,9.845,6,1,1,1.0874,0,2,2,7560.21
2295.66,2971.42,1.2944,0.2172,2686.68,-9.5825,3.07,152,49.492,0.2803,0.672,57.603,3,12,1,1.0475,0,7,1,3018.61
4279.11,5307.63,1.2404,0.2952,5995.78,12.9652,10.24,346,33.789,1.0542,0.905,38.151,2,12,1,1.0918,0,7,2,6223.41
1348.43,2589.98,1.9207,0.2065,3054.24,17.9253,10.25,154,15.019,0.4011,0.7298,15.494,5,11,1,1.0436,1,7,0,2229.84
3526.07,7045.1,1.998,0.2811,6318.87,-10.3084,4.04,139,34.371,1.0874,0.9799,38.827,1,10,1,1.0364,0,0,2,5775.91
4896.53,6314.06,1.2895,0.1166,6579.92,4.2106,4.46,150,33.646,1.147,0.5544,31.085,1,10,1,1.0834,1,7,0,6055.1
958.52,1146.72,1.1963,0.1382,1187.35,3.5429,8.86,272,30.703,1.6296,0.7004,26.934,3,7,0,0.9598,1,7,1,1137.13
537.44,768.68,1.4303,0.1882,802.39,4.3848,1.2,43,35.873,0.5129,0.9394,43.671,3,3,1,1.0385,1,1,0,677.86
2451.12,3780.64,1.5424,0.217,3877.77,2.5694,4.95,70,14.147,1.1215,0.9633,13.489,1,12,1,1.0712,0,8,0,3522.6
916.81,1213.95,1.3241,0.2632,1019.81,-15.9929,2.53,124,48.97,0.9764,0.9409,40.036,1,2,0,0.9668,0,6,1,1305.09
3867.73,5438.84,1.4062,0.2977,5248.46,-3.5005,3.51,151,43.037,0.7529,0.6237,49.468,6,7,0,0.9828,0,7,0,4828.53
4615.47,6095.84,1.3207,0.1778,7280.17,19.4286,12.09,454,37.541,0.5843,0.6649,33.844,1,10,1,1.0876,0,1,0,6295.73
2453.09,4435.49,1.8081,0.1095,3704.88,-16.4719,152.04,348,2.289,1.0412,0.9936,1.893,0,4,0,0.9733,0,3,1,3924.08
1664.2,2921.83,1.7557,0.2602,3120.08,6.7854,10.52,315,29.929,1.9512,0.9448,21.439,3,7,0,1.0064,0,6,0,2435.39
2454.81,4147.92,1.6897,0.2209,4802.13,15.772,8.65,308,35.618,0.8867,0.8774,45.675,3,1,1,1.0406,0,5,0,3480.3
3755.52,5554.91,1.4791,0.1397,4889.79,-11.9737,5.11,219,42.851,1.8717,0.8979,42.01,6,10,1,1.0934,0,6,2,5815.07
540.74,1039.68,1.9227,0.199,1165.45,12.0968,4.52,214,47.362,1.7735,0.6847,37.75,2,8,0,0.9883,0,0,0,912.29
3152.54,6223.44,1.9741,0.2485,5580.62,-10.329,7.17,329,45.877,0.3431,0.9406,52.973,2,2,0,1.0049,0,7,0,5377.68
3259.81,4229.91,1.2976,0.2541,3435.33,-18.7848,6.84,143,20.896,0.6508,0.7384,25.756,4,8,0,0.9513,0,6,0,3779.05
3369.6,4513.78,1.3396,0.1999,4551.93,0.8453,2.36,106,44.929,0.76,0.7415,45.682,1,8,0,0.9649,0,3,1,4409.21
1589.1,2537.45,1.5968,0.161,2751.48,8.4349,477.48,495,1.037,1.9385,0.791,0.743,1,9,0,0.9526,1,0,0,2104.7
3713.24,4558.23,1.2276,0.2947,4005.67,-12.1224,19.37,353,18.222,0.9901,0.8817,16.748,6,4,0,0.9589,0,7,1,4270.22
911.26,1386.01,1.521,0.2327,1147.86,-17.1828,42.55,280,6.58,1.9066,0.9069,5.566,4,12,1,1.0738,1,9,1,1182.69
1396.72,2296.93,1.6445,0.1816,2346.05,2.1383,7.25,321,44.27,0.9341,0.6339,47.893,3,1,1,1.0757,0,6,0,1941.53
4448.62,7090.04,1.5938,0.1561,6090.97,-14.0911,6.56,305,46.471,1.9335,0.5193,46.997,6,10,1,1.1143,0,7,0,6248.14
3824.25,5473.55,1.4313,0.2462,4782.38,-12.6274,23.92,324,13.544,1.2538,0.8525,12.372,1,8,0,0.9789,1,9,0,4614.63
561.85,905.19,1.6111,0.1484,978.86,8.1382,17.53,333,18.998,0.9533,0.8714,20.691,2,9,0,0.9704,0,0,0,748.18
1617.69,3178.74,1.965,0.1343,3321.28,4.4843,9.71,478,49.21,1.7992,0.9257,51.703,0,11,1,1.101,0,4,0,2769.49
1464.83,1941.07,1.3251,0.206,2288.11,17.8789,14.72,423,28.737,0.777,0.9624,35.746,5,9,0,0.9876,0,8,0,1747.66
1718.63,2933.02,1.7066,0.158,2725.85,-7.0634,15.34,389,25.356,2.7466,0.8488,26.828,3,6,0,1.0063,0,4,0,2521.69
1614.02,1915.66,1.1869,0.2258,1696.81,-11.4244,2.47,63,25.521,0.4815,0.9391,25.639,6,8,0,1.0183,0,9,1,2094.63
781.37,942.68,1.2065,0.1236,1001.41,6.2296,8.06,283,35.113,0.8063,0.7308,41.932,0,8,0,1.0072,0,2,2,1005.82
2565.23,4153.25,1.6191,0.231,4937.38,18.8799,5.53,264,47.773,1.0517,0.754,39.243,0,5,0,0.9773,0,8,1,3608.47
3797.3,4705.61,1.2392,0.1567,4806.27,2.1392,0.26,5,18.964,0.6901,0.9005,16.047,4,4,0,1.0113,1,8,0,4423.3
3230.29,3776.2,1.169,0.1,3464.76,-8.2473,42.28,400,9.46,1.218,0.7169,11.07,0,10,1,1.1132,0,3,2,4356.86
3527.92,4571.43,1.2958,0.1254,5322.01,16.4188,16.59,167,10.066,0.9415,0.7198,9.717,1,10,1,1.0836,0,3,2,4901.4
865.17,1410.33,1.6301,0.2867,1472.61,4.4158,177.21,354,1.998,1.1793,0.7983,1.889,4,11,1,1.1013,0,7,0,1183.73
4781.71,8357.66,1.7478,0.2735,7397.29,-11.4909,16.27,459,28.215,0.6411,0.7333,34.768,2,2,0,0.9747,0,6,0,7121.88
4273.21,5649.64,1.3221,0.1467,6665.71,17.9846,3.7,172,46.527,0.6017,0.7478,49.601,0,3,1,1.0387,0,4,1,6369.87
4122.91,7083.24,1.718,0.2557,6440.11,-9.0796,9.38,337,35.941,0.9858,0.9544,42.473,1,11,1,1.1075,0,5,2,6556.96
4203.43,5485.91,1.3051,0.2217,6360.33,15.9393,2.38,118,49.655,1.4399,0.9311,58.886,1,12,1,1.0983,0,2,2,6411.43
4697.2,7851.08,1.6714,0.2942,8210.93,4.5835,9.35,426,45.567,2.5136,0.8582,35.178,6,3,1,1.0955,0,5,0,8056.33
2949.14,4424.2,1.5002,0.1747,4428.89,0.1059,8.96,225,25.101,0.4011,0.768,27.416,6,12,1,1.0413,0,7,0,3863.44
1401.27,2390.19,1.7057,0.2363,2230.11,-6.6973,6.96,173,24.841,0.9062,0.8004,31.585,6,6,0,0.9987,0,9,2,2025.61
3275.53,6537.28,1.9958,0.1127,5540.61,-15.2459,14.03,446,31.79,1.2479,0.9025,31.409,2,7,0,0.9698,0,8,2,5617.09
3842.97,7482.81,1.9471,0.1792,6719.0,-10.2075,19.89,128,6.436,1.2004,0.932,7.332,4,6,0,0.9505,0,2,0,6493.36
3820.63,4407.63,1.1536,0.2928,4109.69,-6.7597,6.04,186,30.777,0.5431,0.6751,32.009,4,11,1,1.0732,0,7,0,5157.47
2846.52,5415.86,1.9026,0.2078,4958.19,-8.4505,2.61,62,23.74,0.6953,0.8708,19.536,4,1,1,1.0377,0,2,0,4588.88
808.06,974.94,1.2065,0.1576,808.55,-17.0669,14.22,462,32.494,0.9931,0.9726,26.552,2,7,0,0.9645,0,1,1,929.27
2170.01,4253.41,1.9601,0.1241,4389.15,3.1913,13.24,380,28.695,3.8255,0.7644,27.556,2,12,1,1.0238,0,4,1,3659.68
4643.45,6452.31,1.3896,0.2407,6388.25,-0.9928,16.84,273,16.209,1.6025,0.686,16.044,2,9,0,0.9892,0,3,0,5364.3
3130.02,4615.93,1.4747,0.229,3889.32,-15.7415,2.76,85,30.78,1.1915,0.8395,30.838,4,8,0,0.9591,0,4,1,4117.73
2922.49,3588.51,1.2279,0.1748,3536.62,-1.4458,11.04,209,18.935,0.2601,0.8349,24.104,0,11,1,1.0779,0,5,2,3895.42
1709.84,2129.49,1.2454,0.2902,1770.85,-16.8414,47.07,496,10.536,0.5175,0.9313,8.009,2,5,0,1.0141,0,2,2,1966.32
2158.02,3814.8,1.7677,0.1044,4473.27,17.2612,5.63,192,34.078,0.5409,0.9004,31.636,2,4,0,1.0054,0,0,0,3252.29
4529.06,8843.81,1.9527,0.1607,7991.55,-9.6369,14.8,237,16.011,1.196,0.9329,16.151,4,5,0,1.0159,0,3,2,7626.98
3499.08,5840.45,1.6691,0.2842,6365.68,8.993,0.43,19,44.562,0.9342,0.8599,56.945,2,3,1,1.0584,0,5,2,6764.23
4043.24,7109.93,1.7585,0.1642,6402.49,-9.95,40.77,439,10.767,0.7279,0.8454,10.795,0,9,0,1.0166,0,1,2,6317.02
2544.55,4574.28,1.7977,0.1505,4527.65,-1.0195,5.95,181,30.407,1.182,0.984,35.429,4,5,0,0.9833,0,1,2,3853.28
3336.11,4581.79,1.3734,0.2068,5375.84,17.3307,1.62,47,29.006,0.4698,0.3103,33.344,2,7,0,0.9941,0,0,2,4808.64
1617.73,1922.58,1.1884,0.2648,2208.42,14.8675,21.24,227,10.689,0.6654,0.9164,11.115,2,7,0,0.9706,1,8,1,1860.39
3674.57,4231.61,1.1516,0.1206,4703.65,11.1552,2.35,53,22.554,0.9676,0.9506,17.557,6,1,1,1.1135,0,2,1,4808.1
2424.21,3510.38,1.4481,0.2886,3917.85,11.6076,2.96,101,34.101,2.5462,0.8668,28.347,3,6,0,0.9806,1,1,0,3346.37
2491.45,3376.53,1.3552,0.259,3813.4,12.9385,5.3,88,16.608,1.5649,0.9094,14.018,3,4,0,0.9631,0,3,2,3893.74
3421.95,4116.5,1.203,0.1363,4516.03,9.7054,21.74,143,6.578,1.2405,0.9288,4.757,1,3,1,1.048,0,5,1,4661.88
4713.26,6139.49,1.3026,0.2424,7114.09,15.8742,4.72,147,31.147,0.8184,0.6714,28.89,1,3,1,1.0925,0,0,1,7316.95
788.03,989.63,1.2558,0.177,930.34,-5.9906,19.11,229,11.982,0.991,0.8888,12.776,2,6,0,0.9805,0,8,1,933.28
4211.34,8117.98,1.9276,0.1805,8202.83,1.0451,8.78,302,34.392,1.8368,0.8293,27.052,3,1,1,1.0497,0,8,2,6985.96
1815.72,2304.57,1.2692,0.2567,2439.53,5.8566,5.91,249,42.134,2.4915,0.7832,33.919,1,5,0,0.9771,0,7,1,2627.47
2497.64,4013.71,1.607,0.2926,3528.52,-12.0882,31.8,224,7.044,0.8869,0.9066,7.919,4,4,0,0.9565,0,5,0,3384.17
598.61,990.18,1.6541,0.1253,991.48,0.1305,17.38,390,22.443,1.2527,0.6974,17.989,3,10,1,1.118,1,3,0,817.69
1854.71,2989.73,1.612,0.1841,2540.17,-15.0368,17.81,406,22.801,1.5794,0.892,17.812,0,8,0,0.9674,0,1,2,2504.07
2761.84,3408.66,1.2342,0.1962,3560.88,4.4656,14.32,458,31.994,1.2268,0.8188,41.167,0,9,0,1.0163,0,7,0,3442.21
752.79,1069.7,1.421,0.1753,897.53,-16.0951,9.2,160,17.386,0.5196,0.9297,12.324,0,8,0,0.9915,0,6,1,931.75
2709.93,3234.52,1.1936,0.1726,3238.86,0.1341,7.76,167,21.51,0.689,0.8673,19.257,0,7,0,0.9519,0,3,2,3212.88
4672.0,6944.08,1.4863,0.1105,6837.55,-1.5341,68.66,109,1.588,1.4482,0.8733,1.145,3,3,1,1.1058,0,2,0,5995.31
974.27,1276.59,1.3103,0.2371,1078.36,-15.5284,37.15,260,6.999,0.7545,0.844,8.418,4,8,0,0.9951,0,5,2,1132.94
3939.98,6411.88,1.6274,0.1872,6256.29,-2.4266,5.95,172,28.923,2.4517,0.9456,30.373,0,1,1,1.0744,0,0,1,6339.79
2343.52,4075.12,1.7389,0.139,4364.95,7.1123,31.61,366,11.579,0.8574,0.5854,8.438,4,4,0,0.9756,0,1,0,3510.46
3448.28,5525.19,1.6023,0.2632,5734.51,3.7886,36.61,296,8.084,0.5133,0.8797,8.644,1,3,1,1.021,1,6,1,4787.04
1671.06,2538.52,1.5191,0.2605,2495.92,-1.6781,23.14,391,16.896,1.6775,0.6499,13.075,1,11,1,1.0819,0,2,0,2187.13
1217.72,1801.28,1.4792,0.1973,1703.98,-5.4022,26.85,242,9.013,0.8353,0.9256,8.99,2,3,1,1.0858,1,0,2,1579.29
1222.08,2279.72,1.8654,0.1597,1876.11,-17.7045,53.04,208,3.921,0.869,0.6716,4.32,3,2,0,0.9546,1,1,0,1929.57
817.21,1092.18,1.3365,0.2276,1291.34,18.2359,16.23,242,14.909,1.5434,0.6454,11.765,0,7,0,0.9977,0,9,0,971.88
1335.41,2369.13,1.7741,0.1576,2276.93,-3.8917,27.94,253,9.054,0.6094,0.9452,9.038,4,10,1,1.1004,0,9,0,1974.42
3488.99,6258.75,1.7939,0.1472,6049.66,-3.3409,2.02,81,40.17,1.0419,0.6711,39.144,4,3,1,1.0543,0,8,2,5545.01
4467.61,6729.65,1.5063,0.2461,5729.2,-14.8663,106.38,433,4.07,0.5457,0.8773,5.086,5,7,0,0.9936,0,6,0,5793.63
4163.57,5840.26,1.4027,0.1081,5916.57,1.3067,12.6,474,37.625,1.0387,0.919,48.815,3,2,0,0.9789,0,6,1,4944.89
3583.1,5553.67,1.55,0.119,6618.24,19.1688,1.52,30,19.757,0.4407,0.8018,21.588,6,3,1,1.1046,1,9,2,5114.54
996.94,1225.47,1.2292,0.1014,1104.41,-9.879,0.09,3,34.091,0.6568,0.6116,41.349,1,12,1,1.0844,0,7,2,1364.35
1801.34,2141.87,1.189,0.1306,1981.95,-7.4666,53.88,193,3.582,1.567,0.7197,3.897,3,3,1,1.0874,0,7,1,2166.29
1894.13,2357.93,1.2449,0.1138,2109.14,-10.5514,1.19,55,46.114,1.9129,0.894,56.526,4,7,0,0.989,0,8,2,2718.04
1624.81,2126.99,1.3091,0.2992,2438.88,14.6634,6.74,260,38.601,0.6425,0.8158,37.056,3,10,1,1.0376,0,1,0,2427.15
2817.53,4447.61,1.5786,0.1578,4403.5,-0.9916,10.17,80,7.867,0.639,0.914,8.377,5,4,0,1.0046,0,7,2,3683.33
2909.99,5446.82,1.8718,0.1299,6151.7,12.9409,4.52,53,11.72,1.0525,0.902,14.148,1,12,1,1.0421,0,7,1,4530.17
2105.99,2843.71,1.3503,0.1482,3241.92,14.0035,11.64,379,32.556,0.6675,0.971,40.722,1,10,1,1.0945,1,4,2,2701.32
2092.05,4068.8,1.9449,0.2872,4474.2,9.9636,10.53,486,46.157,1.5981,0.8842,32.993,5,7,0,0.9641,0,4,1,3515.4
4228.5,8294.93,1.9617,0.204,7502.08,-9.5582,4.16,95,22.846,0.499,0.8006,17.417,0,3,1,1.0228,0,3,2,6876.23
4051.82,7962.1,1.9651,0.173,6481.99,-18.5895,14.03,348,24.796,0.7309,0.683,31.211,0,10,1,1.026,0,4,1,6797.85
1885.08,3509.89,1.8619,0.2747,3009.08,-14.2684,26.48,335,12.652,2.4748,0.7449,13.172,5,9,0,1.0136,1,1,2,2897.22
4612.05,6730.14,1.4593,0.179,7260.34,7.878,12.95,256,19.768,1.2082,0.7854,25.581,0,2,0,0.9974,0,1,0,5881.04
4787.67,5801.61,1.2118,0.167,6359.84,9.622,13.52,203,15.015,1.3394,0.7423,17.651,1,12,1,1.0736,0,4,1,6787.64
1970.34,3218.54,1.6335,0.1415,3561.48,10.6551,11.55,210,18.178,0.9093,0.8748,21.648,6,11,1,1.0812,0,2,1,2912.38
2094.91,3403.98,1.6249,0.1756,3055.37,-10.2412,163.24,328,2.009,0.4814,0.7615,1.872,6,3,1,1.1164,0,0,2,2930.23
2775.35,5196.79,1.8725,0.1633,4475.55,-13.8786,164.34,495,3.012,2.1694,0.7478,2.574,4,12,1,1.036,1,8,2,4456.87
4735.04,9453.95,1.9966,0.2355,11053.79,16.9225,9.2,316,34.354,1.1025,0.8699,36.379,0,6,0,0.9607,1,1,2,7634.56
4443.44,7029.22,1.5819,0.1579,7490.94,6.5685,3.63,125,34.408,1.6073,0.8432,42.233,3,11,1,1.0276,0,9,0,6196.53
961.56,1387.93,1.4434,0.2154,1522.26,9.6785,0.35,6,17.181,0.872,0.5763,19.508,4,12,1,1.0713,0,1,2,1569.61
2267.29,2965.65,1.308,0.1132,2483.92,-16.2438,9.3,413,44.388,0.9873,0.8588,43.647,5,6,0,1.0113,0,3,1,2657.14
2990.17,3450.9,1.1541,0.1383,3330.06,-3.5016,8.83,124,14.039,0.8187,0.9545,16.172,6,6,0,0.9807,1,1,2,3438.7
2764.1,4374.86,1.5827,0.1815,3610.68,-17.4677,13.24,270,20.393,1.1084,0.8272,22.723,2,10,1,1.0641,0,6,0,3627.23
1372.38,2226.27,1.6222,0.2874,2366.75,6.3101,2.9,107,36.837,0.7903,0.7825,45.967,0,8,0,0.9613,0,9,2,2094.75
4364.68,8079.88,1.8512,0.1755,8045.48,-0.4257,6.92,259,37.435,0.6498,0.8657,32.124,2,8,0,0.9782,0,0,2,6931.26
3546.23,5599.11,1.5789,0.2328,5490.41,-1.9414,7.36,318,43.197,0.9057,0.803,33.33,0,6,0,0.9699,0,1,1,4766.21
4270.59,8237.96,1.929,0.151,9565.61,16.1163,28.47,69,2.424,1.302,0.9695,2.38,4,8,0,0.9813,0,4,2,7020.4
4364.44,7349.15,1.6839,0.1254,8055.02,9.6047,3.7,37,10.004,1.7893,0.7318,9.17,2,1,1,1.1097,0,1,0,6404.16
3867.6,7210.31,1.8643,0.1117,8549.28,18.5701,5.37,174,32.388,0.5098,0.8016,41.616,6,7,0,1.0015,0,8,2,6232.16
2476.45,3160.09,1.2761,0.1611,2586.56,-18.1492,10.64,187,17.572,1.5579,0.909,12.379,1,3,1,1.1038,0,3,2,3668.77
3247.46,6095.6,1.877,0.1315,6377.65,4.6271,72.1,226,3.135,0.7053,0.9173,3.95,0,3,1,1.0598,0,8,1,5304.75
1221.64,2105.96,1.7239,0.1348,2215.65,5.2087,8.64,257,29.737,0.6042,0.9327,37.856,5,9,0,0.9715,0,0,2,1743.09
3531.4,4572.1,1.2947,0.2522,3706.23,-18.9383,9.67,196,20.261,0.621,0.4412,14.802,5,1,1,1.0275,1,0,1,4061.12
1306.64,1713.4,1.3113,0.1032,1910.15,11.4832,0.37,7,18.841,3.6764,0.9772,23.244,3,9,0,0.962,0,0,1,1982.77
3622.77,7019.22,1.9375,0.2116,6046.67,-13.8554,3.58,50,13.954,1.4509,0.5702,13.709,6,5,0,1.0178,0,3,2,6096.48
1533.19,1805.15,1.1774,0.1759,1950.48,8.0509,287.5,372,1.294,0.5623,0.8441,1.501,6,9,0,0.9537,0,8,1,1763.57
1028.98,1587.88,1.5432,0.2013,1294.33,-18.487,22.24,221,9.936,0.7586,0.698,7.427,2,1,1,1.0685,0,7,1,1341.03
1243.78,1761.76,1.4165,0.2126,1841.87,4.5475,15.14,367,24.238,0.5073,0.7523,30.857,5,6,0,0.9603,0,6,2,1486.63
508.96,873.04,1.7153,0.1627,880.29,0.8312,1.24,18,14.511,0.5158,0.7943,15.447,3,1,1,1.0692,1,0,2,740.18
3734.33,6959.61,1.8637,0.159,6913.06,-0.6689,7.96,349,43.845,0.5062,0.9236,54.334,2,1,1,1.0926,0,2,0,5751.14
3795.8,5527.91,1.4563,0.2467,5233.09,-5.3334,30.72,246,8.007,0.5938,0.9301,8.838,6,5,0,0.9637,0,8,0,4518.28
2817.2,4262.05,1.5129,0.2743,4126.07,-3.1905,0.68,30,43.892,1.4666,0.9508,44.861,4,11,1,1.03,0,8,1,5027.33
1226.13,2433.42,1.9846,0.1385,2410.93,-0.9242,3.79,79,20.836,1.7038,0.8966,16.742,3,5,0,0.9887,0,4,1,2100.36
875.99,1591.09,1.8163,0.1195,1462.34,-8.0924,24.59,357,14.516,0.6308,0.9032,11.711,6,1,1,1.032,1,5,2,1340.14
586.08,1120.95,1.9126,0.2796,1316.13,17.4116,1.32,21,15.91,0.8133,0.8047,15.648,0,2,0,1.0135,0,5,0,951.52
1245.87,1897.39,1.5229,0.17,2250.31,18.6001,16.77,288,17.173,1.5209,0.8761,20.991,1,3,1,1.1074,0,9,0,1647.98
4508.85,6082.28,1.349,0.2103,5595.46,-8.0039,9.33,241,25.822,1.0185,0.8807,19.86,4,3,1,1.0671,0,3,2,6592.16
1586.92,2380.51,1.5001,0.1719,2645.88,11.1477,11.61,213,18.34,1.1902,0.5148,23.825,2,7,0,0.9924,0,0,2,2133.98
2094.22,3683.06,1.7587,0.1252,4053.75,10.0648,6.08,199,32.713,0.7718,0.8345,40.091,0,2,0,0.9617,1,4,2,3099.49
974.05,1210.77,1.243,0.2179,1392.66,15.0233,7.51,164,21.834,2.15,0.8151,20.426,2,3,1,1.1055,0,0,2,1394.58
1500.63,2070.71,1.3799,0.205,1659.75,-19.8462,4.1,139,33.911,2.36,0.7644,28.887,3,1,1,1.0358,0,0,0,2105.48
2836.51,3374.43,1.1896,0.1406,3155.92,-6.4753,12.05,369,30.617,1.4354,0.9545,38.369,3,1,1,1.0774,0,4,2,4059.3
3234.89,4908.93,1.5175,0.1904,4211.84,-14.2005,34.83,452,12.978,0.7407,0.7781,10.044,1,1,1,1.072,0,4,2,4236.31
1604.09,2972.9,1.8533,0.2594,2843.11,-4.3657,7.81,319,40.826,0.5176,0.7965,37.085,3,1,1,1.0303,0,6,0,2519.49
759.79,889.69,1.171,0.2181,916.61,3.0251,10.16,408,40.15,2.3932,0.9232,30.127,4,4,0,0.9785,1,1,2,982.47
2259.65,3895.69,1.724,0.1194,4532.79,16.354,8.84,437,49.46,1.1775,0.9689,62.917,2,1,1,1.0685,0,5,0,3245.82
1553.92,3018.67,1.9426,0.2096,3428.74,13.5846,29.65,284,9.577,1.0611,0.9445,10.253,2,4,0,0.9631,1,1,0,2529.54
1487.99,2010.86,1.3514,0.2405,2010.07,-0.0391,0.28,12,42.544,1.4276,0.666,38.362,4,6,0,0.9888,0,9,2,2263.89
4819.38,8383.75,1.7396,0.2585,6785.81,-19.0599,0.57,25,43.727,1.0137,0.8264,37.837,3,3,1,1.0936,0,4,2,8162.86
3273.35,6477.43,1.9788,0.2258,5961.55,-7.9643,0.65,21,32.466,0.8759,0.7116,31.377,3,3,1,1.0493,0,3,1,5449.62
3005.95,5915.52,1.9679,0.1305,4984.68,-15.7356,13.48,348,25.813,3.0286,0.8087,19.484,4,12,1,1.0303,0,9,1,4963.7
2370.99,3200.1,1.3497,0.242,3392.91,6.0253,1.57,75,47.906,1.8054,0.6452,59.097,1,11,1,1.0725,0,4,0,3671.14
2430.25,3002.04,1.2353,0.2355,3236.72,7.8171,10.17,495,48.662,2.2947,0.686,48.981,6,5,0,0.9948,0,1,0,3386.83
2934.07,3743.99,1.276,0.1049,3966.84,5.9521,11.25,365,32.443,2.205,0.9102,36.825,6,10,1,1.0763,1,7,1,4148.57
3633.93,6347.5,1.7467,0.1823,5775.51,-9.0113,26.32,490,18.618,0.3711,0.86,15.644,0,12,1,1.0598,0,7,0,5318.12
3659.66,6466.23,1.7669,0.1666,7551.29,16.7803,2.22,91,41.041,1.5159,0.8857,41.133,0,2,0,1.0153,1,5,1,5509.62
1272.62,2192.86,1.7231,0.2339,2270.49,3.5402,61.04,328,5.374,1.2834,0.7096,4.442,3,4,0,1.0103,1,2,2,1863.51
2750.51,3948.81,1.4357,0.1432,4102.42,3.8899,24.54,374,15.239,0.7352,0.8525,18.129,5,1,1,1.0868,0,3,2,3536.12
2353.81,3046.56,1.2943,0.2182,3431.11,12.6223,5.38,265,49.292,4.3515,0.7592,57.434,0,10,1,1.087,0,0,2,3571.38
4417.37,7260.6,1.6436,0.2826,6009.58,-17.2302,1.15,47,40.902,1.0797,0.6196,32.269,0,12,1,1.0334,0,8,0,6523.66
3341.39,5216.33,1.5611,0.2596,4610.42,-11.6157,10.59,498,47.04,0.7726,0.8633,35.031,5,9,0,0.9711,0,9,2,4304.02
2896.27,5124.97,1.7695,0.2843,5308.61,3.5833,5.61,169,30.145,0.9337,0.5176,36.009,0,3,1,1.0963,0,4,0,4329.92
1019.28,1554.55,1.5252,0.2957,1623.22,4.4173,16.45,345,20.976,1.3632,0.865,16.063,3,8,0,1.0185,0,7,2,1504.46
3225.37,4637.58,1.4378,0.1021,4575.93,-1.3294,4.98,244,49.005,1.2504,0.5821,50.43,6,4,0,0.9597,0,2,0,3980.7
1027.42,1437.83,1.3995,0.2245,1598.83,11.1975,14.05,227,16.162,0.7686,0.6198,16.496,2,6,0,1.0138,0,3,0,1218.33
2017.43,2682.68,1.3297,0.1826,2517.02,-6.1751,4.88,186,38.113,1.5222,0.8566,31.32,3,10,1,1.0336,0,3,1,2930.58
1142.79,1572.35,1.3759,0.272,1264.94,-19.5506,15.38,436,28.352,1.0169,0.7355,29.906,3,11,1,1.0361,0,7,1,1355.36
3614.33,4447.82,1.2306,0.1504,4163.08,-6.4016,13.69,167,12.197,0.882,0.9316,12.217,5,4,0,0.9682,0,8,1,4234.19
1428.13,2063.41,1.4448,0.2962,2447.93,18.6352,108.8,202,1.857,0.9012,0.8194,1.867,1,4,0,0.9698,0,2,0,1762.22
2263.37,2673.23,1.1811,0.2227,2971.6,11.1614,22.47,445,19.804,0.5583,0.7228,18.137,1,11,1,1.0681,0,6,1,2939.15
4530.54,5927.99,1.3085,0.2587,5497.03,-7.2699,0.18,5,27.837,0.6168,0.7893,33.489,3,6,0,0.9678,1,8,1,5229.34
1419.42,2533.32,1.7848,0.1171,2252.07,-11.102,13.13,131,9.976,0.5906,0.7544,7.488,4,8,0,1.009,0,1,1,2084.35
2785.12,3973.39,1.4266,0.1367,4466.52,12.4107,11.45,244,21.313,0.3037,0.9067,20.528,4,9,0,0.9687,0,3,0,3311.33
2386.72,4100.39,1.718,0.2517,3608.18,-12.0041,2.89,90,31.144,1.1865,0.9888,26.656,6,2,0,1.0103,0,2,0,3636.57
581.56,1023.17,1.7594,0.1044,1055.99,3.2079,8.6,310,36.031,0.6012,0.7543,43.564,1,6,0,1.0178,0,7,1,863.23
4067.41,6686.86,1.644,0.2634,6708.15,0.3184,34.87,125,3.584,0.8135,0.8494,2.993,5,1,1,1.104,1,3,1,5489.4
810.71,1592.95,1.9649,0.1028,1543.68,-3.0932,14.04,471,33.545,0.8599,0.5706,38.919,1,7,0,0.9896,0,8,0,1320.06
2634.15,3077.27,1.1682,0.2314,2986.14,-2.9615,119.68,452,3.777,0.6107,0.7879,4.029,2,10,1,1.0768,0,0,0,3268.58
3023.05,5374.55,1.7779,0.173,5809.59,8.0944,101.21,241,2.381,0.8331,0.7758,2.917,1,3,1,1.0695,0,0,1,4532.97
3327.92,6539.26,1.965,0.2223,5500.4,-15.8865,29.29,248,8.468,1.0407,0.9633,8.945,6,9,0,0.9716,1,3,1,5578.22
3598.84,6776.37,1.8829,0.2392,6492.38,-4.191,11.69,386,33.029,0.7063,0.7549,34.148,5,6,0,1.0035,0,2,1,5871.91
1639.73,2119.69,1.2927,0.1685,2516.82,18.7353,1.67,6,3.588,0.6324,0.8225,4.237,6,12,1,1.0238,0,2,0,2365.69
544.9,778.01,1.4278,0.1216,864.58,11.1264,42.99,87,2.024,0.7372,0.8979,2.1,6,9,0,0.9942,0,9,1,661.6
3755.5,4869.32,1.2966,0.1139,3936.42,-19.1587,12.54,85,6.78,1.6093,0.811,8.182,0,6,0,0.9904,0,1,0,4333.24
2910.45,4834.59,1.6611,0.2178,4732.21,-2.1177,8.31,395,47.536,0.7529,0.8758,34.682,3,4,0,0.9544,0,9,2,3933.86
4262.53,7482.27,1.7554,0.2041,6336.57,-15.3122,7.79,354,45.457,1.0875,0.8831,45.324,6,6,0,0.9912,0,9,1,6379.69
4196.25,5956.63,1.4195,0.2484,5920.2,-0.6115,27.5,144,5.237,0.7785,0.8463,6.219,3,1,1,1.0334,0,1,2,5735.56
4294.97,6908.8,1.6086,0.2019,5813.3,-15.8567,28.31,450,15.897,0.9481,0.8528,19.219,5,10,1,1.0558,1,7,0,5780.65
2682.93,4661.0,1.7373,0.1845,4454.45,-4.4314,6.96,330,47.417,1.5277,0.759,56.921,3,8,0,0.9782,0,0,2,3977.45
2001.33,3018.28,1.5081,0.1796,3072.6,1.7998,34.04,197,5.787,0.6383,0.8035,6.149,5,10,1,1.0343,1,7,1,2495.33
4062.01,7619.98,1.8759,0.1053,7215.54,-5.3077,64.24,362,5.635,3.0467,0.5897,7.305,2,8,0,0.9647,1,9,2,6536.68
2530.82,4570.21,1.8058,0.1671,4713.85,3.143,31.26,163,5.214,1.1955,0.9114,4.217,2,3,1,1.0476,1,2,2,3984.13
1325.49,1597.17,1.205,0.2952,1907.05,19.4019,2.95,144,48.847,1.1073,0.5457,39.306,0,5,0,1.0028,1,1,2,1835.53
4347.38,7294.72,1.678,0.2747,6552.95,-10.1685,9.11,341,37.412,0.5919,0.7007,26.925,6,5,0,0.9837,0,8,0,6068.24
4471.52,6036.67,1.35,0.1659,6192.44,2.5803,0.0,0,11.51,1.3842,0.7771,14.889,3,3,1,1.1147,0,4,1,6917.33
2598.39,4219.51,1.6239,0.2176,4171.11,-1.147,151.01,491,3.251,2.2976,0.5429,2.955,0,11,1,1.1069,0,4,0,3495.7
840.65,1650.49,1.9634,0.2695,1854.67,12.3706,2.46,119,48.297,0.6854,0.9741,55.891,1,11,1,1.0564,0,5,2,1477.83
2245.22,4259.63,1.8972,0.1883,3944.22,-7.4047,3.02,66,21.849,0.6053,0.7874,16.077,3,6,0,0.9761,0,3,2,3792.0
4115.92,6148.52,1.4938,0.1036,6487.95,5.5206,15.27,463,30.32,1.0238,0.8896,26.658,0,11,1,1.0626,0,6,0,5245.51
4557.98,6371.09,1.3978,0.1149,6862.83,7.7183,24.11,354,14.681,0.6034,0.9074,15.772,2,9,0,0.9695,0,6,0,5275.98
1415.63,1910.03,1.3492,0.2021,2273.44,19.0264,12.08,461,38.16,0.798,0.7441,38.727,5,11,1,1.0607,0,8,2,2107.98
801.38,1284.32,1.6026,0.2939,1105.17,-13.9494,4.51,48,10.643,1.5193,0.8221,8.777,2,12,1,1.1025,0,5,1,1335.89
4448.08,5547.25,1.2471,0.2386,6652.9,19.9316,7.74,306,39.559,2.4215,0.8169,38.647,2,3,1,1.0761,0,0,0,6392.36
2252.32,3641.74,1.6169,0.1142,3963.98,8.8484,26.51,326,12.3,1.5532,0.8489,9.412,5,9,0,1.0099,0,8,2,3190.43
2937.92,3381.94,1.1511,0.1379,3322.88,-1.7465,81.58,473,5.798,0.6504,0.661,5.946,0,8,0,0.9612,0,9,2,3378.61
4856.3,6921.54,1.4253,0.2543,6266.94,-9.4575,15.33,375,24.462,0.871,0.4815,18.546,0,5,0,1.0119,0,8,1,5790.61
799.54,1068.94,1.3369,0.2683,1123.97,5.1481,10.43,426,40.848,0.8398,0.8842,44.179,0,9,0,1.0056,0,4,2,1120.76
3417.43,6751.26,1.9755,0.2235,5783.92,-14.3283,18.48,367,19.858,1.0513,0.8828,15.752,4,7,0,0.9575,0,6,0,5587.3
833.47,1473.71,1.7682,0.2289,1737.08,17.8711,118.44,286,2.415,1.5559,0.6763,2.483,3,3,1,1.1023,0,0,2,1318.67
2189.61,3168.82,1.4472,0.1057,2768.82,-12.623,0.82,23,28.112,0.67,0.8981,21.856,4,10,1,1.0713,0,3,2,3441.96
4117.17,5059.66,1.2289,0.2657,5614.81,10.9721,6.11,210,34.343,2.9862,0.8686,32.297,4,2,0,1.0056,0,9,2,5899.44
2450.63,3894.73,1.5893,0.2577,3653.49,-6.1941,7.83,292,37.294,0.5943,0.6536,33.979,5,11,1,1.1175,0,3,2,3881.17
4987.32,6640.27,1.3314,0.1518,5885.53,-11.3662,21.65,448,20.694,0.6601,0.6322,23.878,6,5,0,1.0106,0,4,1,5735.42
3015.77,4843.22,1.606,0.2417,5441.19,12.3466,82.03,472,5.754,0.6702,0.7927,6.241,1,3,1,1.0952,0,5,0,4293.54
1945.23,3618.24,1.8601,0.143,4179.56,15.5135,2.09,62,29.632,3.4215,0.857,37.403,6,12,1,1.063,0,3,2,3682.07
1490.5,2494.24,1.6734,0.1081,2001.0,-19.7752,3.21,55,17.148,2.2638,0.802,21.489,1,10,1,1.1173,0,5,0,2140.66
2077.34,3508.05,1.6887,0.1402,4173.39,18.9661,9.64,457,47.397,0.6653,0.7342,53.796,6,9,0,1.0167,0,9,1,2990.61
2176.4,3503.73,1.6099,0.1357,3394.3,-3.1232,0.66,17,25.633,0.7942,0.828,29.794,2,11,1,1.0884,0,6,0,2957.73
809.21,1568.39,1.9382,0.1675,1314.99,-16.1569,14.95,361,24.141,0.9535,0.7762,25.95,5,10,1,1.0494,1,2,1,1337.25
2163.08,4200.96,1.9421,0.1837,4122.4,-1.8702,27.74,448,16.151,0.786,0.9419,18.009,4,7,0,0.9608,0,8,0,3588.42
2589.07,4105.79,1.5858,0.2017,3479.36,-15.2573,23.41,412,17.601,1.5691,0.842,18.838,6,10,1,1.106,0,7,0,3453.66
3752.32,5290.38,1.4099,0.1954,4779.92,-9.6487,2.91,76,26.125,1.2778,0.6641,23.174,1,10,1,1.0709,0,0,2,6183.41
3455.28,5323.38,1.5406,0.1541,5445.84,2.3004,16.16,259,16.027,1.1066,0.8984,14.591,6,8,0,0.9803,0,1,0,4519.78
3689.45,4827.91,1.3086,0.1058,4556.0,-5.6321,2.68,120,44.723,1.5068,0.8199,46.728,4,6,0,0.9564,0,1,2,5175.75
537.64,909.09,1.6909,0.221,810.12,-10.8862,17.55,395,22.512,1.2454,0.8689,25.486,6,9,0,0.9981,0,9,2,790.48
1479.5,2330.33,1.5751,0.1791,2047.41,-12.1407,11.95,183,15.309,1.4,0.6592,14.447,3,6,0,0.9677,0,8,0,1887.86
3477.58,4304.57,1.2378,0.1597,4539.75,5.4636,5.46,47,8.614,1.0904,0.5932,6.767,4,12,1,1.0728,0,8,2,4826.66
2677.95,3529.54,1.318,0.2734,4107.95,16.3876,4.3,146,33.945,2.3653,0.7982,33.119,2,3,1,1.1016,0,8,0,4198.89
523.91,816.09,1.5577,0.2493,671.29,-17.743,124.14,281,2.264,1.068,0.7296,2.893,0,2,0,0.9777,0,0,2,687.74
4120.23,7846.77,1.9045,0.2716,7043.96,-10.231,15.75,363,23.05,0.9285,0.846,19.096,2,1,1,1.0802,1,6,2,6722.98
3977.64,6489.25,1.6314,0.199,6918.61,6.6164,10.48,293,27.956,1.4901,0.9757,30.456,4,9,0,0.9769,0,2,1,5467.32
2967.89,5132.38,1.7293,0.1262,6132.88,19.4939,4.48,79,17.649,1.3285,0.9587,22.759,6,6,0,0.958,1,8,1,4386.71
799.08,1149.22,1.4382,0.2392,1232.59,7.254,6.23,235,37.741,0.9898,0.5144,34.939,5,4,0,0.9759,0,7,0,1049.56
3949.32,6459.9,1.6357,0.1412,5303.9,-17.895,11.96,408,34.107,0.4408,0.8432,42.045,6,5,0,0.9818,1,2,2,5650.47
3126.71,4784.72,1.5303,0.1882,4170.1,-12.8455,9.03,439,48.599,2.0236,0.9502,59.213,4,8,0,0.9821,1,0,1,4046.08
4018.82,6873.23,1.7103,0.113,6454.42,-6.0933,17.62,457,25.93,1.8612,0.8649,23.425,0,1,1,1.0534,0,8,1,5964.43
3882.86,4632.21,1.193,0.2651,3997.42,-13.7039,8.34,228,27.353,0.6537,0.5672,20.764,2,8,0,0.9587,0,9,1,4478.7
4113.51,6455.35,1.5693,0.1252,5634.94,-12.7089,21.69,283,13.046,1.2311,0.8217,10.53,2,7,0,0.9823,0,0,2,5474.81
2831.04,3967.96,1.4016,0.2806,3608.71,-9.0538,3.02,60,19.889,0.77,0.7133,18.287,6,9,0,0.9678,1,2,0,3421.2
1131.46,1614.89,1.4273,0.2728,1532.7,-5.089,94.55,219,2.316,1.3023,0.7863,2.954,4,4,0,0.9811,0,5,2,1494.48
3520.21,6923.48,1.9668,0.1929,6623.95,-4.3262,9.89,344,34.774,1.7468,0.5533,30.068,3,11,1,1.1192,1,5,2,5795.3
3292.13,4297.19,1.3053,0.2489,4296.12,-0.0249,5.41,88,16.27,0.9369,0.7897,20.436,5,5,0,0.9665,0,9,1,4227.87
3840.14,5432.1,1.4146,0.2239,6362.59,17.1294,15.79,434,27.478,1.4273,0.6896,22.225,5,8,0,0.9887,0,3,2,5079.98
1264.46,2002.16,1.5834,0.2606,2397.27,19.734,29.27,395,13.495,0.4943,0.8374,17.299,1,3,1,1.0599,0,1,2,1812.38
1377.39,2594.41,1.8836,0.1864,2095.99,-19.2114,8.37,263,31.431,0.6504,0.6375,27.538,4,10,1,1.0722,1,9,1,2123.18
4506.84,6779.06,1.5042,0.2572,6762.16,-0.2493,9.9,227,22.932,1.5691,0.8024,24.763,4,11,1,1.0865,0,5,1,7253.79
3874.9,6906.18,1.7823,0.1925,7602.54,10.0832,15.32,377,24.611,0.7265,0.9444,18.257,5,1,1,1.0478,0,9,2,5967.97
4587.03,8614.06,1.8779,0.2882,7143.8,-17.0682,2.16,102,47.188,0.6613,0.6865,41.516,1,1,1,1.0855,1,4,1,7431.12
3914.22,5532.8,1.4135,0.1973,6509.21,17.6475,12.39,441,35.602,0.6959,0.7922,29.422,0,11,1,1.0509,0,5,0,5504.22
3187.2,4729.29,1.4838,0.1925,5557.31,17.5084,6.29,87,13.833,0.5832,0.8751,9.712,4,11,1,1.0861,0,6,0,4742.32
3443.6,5003.8,1.4531,0.257,4420.14,-11.6643,0.86,22,25.692,1.6526,0.5849,20.401,3,10,1,1.0853,0,8,0,5334.49
4501.08,8362.67,1.8579,0.2643,9318.51,11.4298,12.23,292,23.867,1.7147,0.8977,25.2,0,6,0,1.0199,1,6,0,7142.58
3104.63,3687.35,1.1877,0.2109,3807.51,3.2586,6.66,266,39.958,0.6837,0.9485,37.318,0,2,0,1.0009,0,3,0,3857.08
3345.76,4724.74,1.4122,0.136,3843.86,-18.644,0.38,16,41.834,0.5749,0.8892,47.421,0,9,0,0.9686,0,9,1,4048.45
1204.15,2080.16,1.7275,0.1936,1911.5,-8.1079,31.9,475,14.889,0.9542,0.5849,16.417,4,5,0,0.9895,1,4,1,1749.36
2632.65,4292.86,1.6306,0.2936,3886.54,-9.465,10.65,439,41.236,0.5571,0.8174,48.642,5,11,1,1.075,0,5,0,3711.74
3723.79,5663.31,1.5208,0.2506,6523.49,15.1887,44.51,436,9.796,1.4232,0.8303,11.953,0,9,0,0.9821,0,8,0,4843.98
1719.24,2766.18,1.609,0.2622,3206.01,15.9,11.73,450,38.376,1.0051,0.7903,45.74,2,8,0,1.0006,0,4,0,2358.36
1410.14,1858.49,1.3179,0.1066,1512.42,-18.6213,29.19,385,13.19,0.834,0.9159,12.779,4,8,0,0.9589,0,4,1,1621.67
1912.22,2899.14,1.5161,0.1936,3179.09,9.6565,31.93,498,15.599,1.6665,0.8489,13.808,4,5,0,0.9584,0,6,1,2446.52
1586.75,2501.43,1.5764,0.2293,2121.07,-15.2059,6.64,284,42.771,0.6239,0.629,42.83,1,11,1,1.1163,1,1,2,2236.28
1467.11,2810.99,1.916,0.266,3138.11,11.637,14.46,312,21.584,0.8079,0.7104,22.039,5,12,1,1.1057,0,2,2,2449.17
2411.83,3308.33,1.3717,0.1099,3765.69,13.8244,3.25,161,49.538,0.5497,0.7316,43.985,0,2,0,0.9543,1,1,2,2779.78
4585.27,8655.41,1.8877,0.2705,7129.46,-17.63,9.12,77,8.445,0.5018,0.7226,8.648,4,11,1,1.0658,0,9,2,7501.75
2781.77,4722.34,1.6976,0.2097,4394.16,-6.9496,5.1,121,23.704,0.6356,0.6931,18.097,6,11,1,1.0644,0,9,1,4012.91
1345.64,1570.75,1.1673,0.1395,1495.17,-4.8122,13.01,480,36.89,0.6671,0.7502,30.937,5,11,1,1.0909,1,1,1,1618.66
846.37,1494.64,1.7659,0.1635,1766.75,18.2059,87.89,111,1.263,0.637,0.7141,1.449,3,6,0,0.9706,0,2,1,1258.67
3632.7,4287.39,1.1802,0.1564,4066.02,-5.1632,28.2,238,8.441,0.9553,0.6599,6.835,3,11,1,1.1036,1,5,1,4177.61
2222.59,4440.24,1.9978,0.2062,4006.87,-9.7601,104.63,209,1.997,0.9514,0.9265,1.565,5,5,0,0.9994,0,4,0,3926.81
4198.24,7941.98,1.8917,0.1103,8322.24,4.7879,7.01,348,49.651,0.4603,0.9009,43.316,4,3,1,1.0752,1,4,2,6770.87
3467.8,4864.43,1.4027,0.1317,4200.71,-13.6443,0.03,1,38.271,1.4898,0.7566,35.31,4,10,1,1.1127,1,1,1,4727.06
4083.09,5588.93,1.3688,0.2625,5868.56,5.0034,19.63,379,19.304,0.4686,0.6971,17.319,3,9,0,0.9922,0,1,1,4695.55
1723.76,2541.21,1.4742,0.1265,2499.1,-1.657,23.33,202,8.658,0.4216,0.8743,8.007,6,7,0,0.975,0,0,2,2159.71
3615.62,5252.56,1.4527,0.1467,5738.81,9.2576,52.68,286,5.429,1.6787,0.7285,4.256,3,12,1,1.0923,0,2,1,4939.36
1688.28,2475.84,1.4665,0.1907,2553.9,3.1528,4.29,116,27.063,0.5762,0.8328,21.63,2,12,1,1.0644,0,6,0,2355.56
4725.81,6713.18,1.4205,0.2034,5844.71,-12.9367,7.54,368,48.819,1.1955,0.889,41.081,3,9,0,0.9837,0,4,1,5807.23
3363.68,5644.14,1.678,0.2527,6631.59,17.4951,13.51,460,34.056,0.7468,0.8166,32.053,6,10,1,1.051,0,6,2,5321.85
1960.3,2528.05,1.2896,0.1895,2476.26,-2.0488,15.83,299,18.892,0.605,0.8407,17.032,6,11,1,1.1032,0,8,0,2368.86
1712.8,3201.37,1.8691,0.258,3514.55,9.7825,14.96,382,25.542,0.5528,0.6371,30.006,2,4,0,0.979,1,5,0,2754.32
1359.17,2501.61,1.8405,0.2237,2533.57,1.2777,6.91,345,49.946,1.2095,0.8784,50.711,4,3,1,1.0991,0,1,2,2444.56
3625.88,5638.29,1.555,0.1226,6462.09,14.6109,16.62,439,26.42,0.627,0.7321,27.62,0,2,0,0.9575,0,0,2,4814.54
1484.22,2782.65,1.8748,0.1313,2601.25,-6.519,9.97,481,48.246,1.7292,0.8281,50.0,5,5,0,0.9693,1,0,0,2259.78
3178.86,4323.49,1.3601,0.1874,4563.64,5.5545,242.55,437,1.802,0.4671,0.735,1.692,5,1,1,1.1091,1,9,1,3727.08
1690.86,1969.73,1.1649,0.1794,1638.33,-16.8245,12.0,436,36.327,2.0289,0.7548,46.8,5,6,0,1.0074,0,8,2,2355.14
3478.86,5831.71,1.6763,0.2487,4846.71,-16.8904,3.56,113,31.731,0.3535,0.7757,22.922,0,2,0,1.0041,0,5,0,5000.37
4167.23,6414.29,1.5392,0.2161,7295.72,13.7415,2.11,73,34.581,1.1532,0.99,28.685,1,12,1,1.0274,1,5,2,6411.73
4001.11,6530.18,1.6321,0.1776,7361.8,12.7351,15.85,459,28.958,0.5556,0.8194,25.216,5,12,1,1.0438,0,3,1,5704.97
3923.83,7511.93,1.9144,0.1342,7089.14,-5.6283,75.84,240,3.165,0.4512,0.6765,3.889,2,9,0,0.967,1,1,1,6433.59
1344.75,2655.13,1.9744,0.1454,2842.06,7.0405,56.31,469,8.329,0.9512,0.9174,10.422,3,5,0,0.9664,0,9,0,2213.81
897.73,1516.53,1.6893,0.2151,1716.09,13.1594,6.52,301,46.19,1.4021,0.9257,55.782,2,2,0,0.9533,0,2,1,1246.14
3645.27,6559.47,1.7994,0.1847,5625.02,-14.2458,4.27,53,12.413,0.9068,0.747,11.795,1,4,0,0.9993,0,2,1,5362.54
2157.56,2634.9,1.2212,0.203,3145.79,19.3895,3.18,158,49.654,0.9782,0.8262,62.007,6,6,0,1.0061,0,7,1,3062.44
2445.56,3146.48,1.2866,0.1341,3632.1,15.4341,13.59,466,34.3,1.1072,0.8384,26.037,1,4,0,0.9682,0,5,2,3187.33
640.17,1135.17,1.7732,0.2326,1221.86,7.6366,4.74,108,22.773,1.3614,0.711,24.856,2,5,0,1.0053,0,6,0,977.57
1668.09,2529.93,1.5167,0.2705,2573.68,1.7291,6.05,279,46.082,2.277,0.6888,58.171,3,4,0,0.9996,0,8,0,2476.33
651.54,996.26,1.5291,0.1516,1153.64,15.797,3.8,152,39.954,0.6891,0.7594,46.065,4,4,0,0.9879,0,0,0,878.05
4456.34,6293.76,1.4123,0.1983,6896.28,9.5733,7.36,162,22.019,1.2702,0.7185,19.085,4,3,1,1.0617,1,1,1,6193.48
1595.29,2658.15,1.6663,0.2951,2748.22,3.3886,12.84,56,4.361,0.7508,0.9035,4.93,4,9,0,0.9994,1,8,2,2181.83
3008.02,3932.65,1.3074,0.1666,4548.65,15.6636,7.51,327,43.547,0.9163,0.8009,38.184,5,3,1,1.0675,0,4,0,4007.55
675.41,1136.63,1.6829,0.219,1005.06,-11.5752,8.42,324,38.487,1.4065,0.7786,29.518,1,4,0,0.9723,0,3,2,974.7
3500.81,4543.11,1.2977,0.118,4078.57,-10.225,5.36,213,39.746,1.0947,0.9688,44.926,5,8,0,0.9551,0,0,0,4109.46
1953.62,2352.65,1.2043,0.2212,2757.42,17.2045,0.72,27,37.498,0.6887,0.8188,30.281,2,5,0,0.999,0,8,1,2697.02
4540.64,6496.76,1.4308,0.1179,5371.77,-17.3161,13.99,203,14.512,1.0537,0.7624,11.125,1,7,0,0.952,1,8,0,5626.9
4496.53,6054.44,1.3465,0.2918,4955.34,-18.1536,0.74,32,43.083,1.1929,0.7316,44.421,3,6,0,1.0126,0,3,0,6268.82
1963.81,3742.32,1.9056,0.2431,4179.33,11.6777,277.63,308,1.109,1.3708,0.7128,1.19,5,1,1,1.0705,0,8,1,3167.37
4554.32,5450.21,1.1967,0.2576,5262.71,-3.4401,9.58,121,12.627,1.7696,0.8195,9.225,0,2,0,1.0009,0,9,1,6056.02
4982.71,6478.13,1.3001,0.2408,7556.75,16.6502,4.57,15,3.281,2.4504,0.7427,2.306,1,10,1,1.1094,0,0,0,7243.28
4214.37,6812.16,1.6164,0.2179,6269.06,-7.9724,23.83,153,6.419,1.0013,0.9142,7.891,3,5,0,0.9658,0,4,2,5793.04
4301.92,6706.3,1.5589,0.19,6135.54,-8.5107,14.58,395,27.087,0.5761,0.7617,20.834,6,10,1,1.0582,0,0,1,5623.02
1620.54,1926.78,1.189,0.2717,2279.16,18.2887,121.04,342,2.826,1.1716,0.6515,2.968,3,3,1,1.0859,1,3,0,2261.55
3095.16,3578.52,1.1562,0.2914,3655.48,2.1507,50.16,496,9.888,0.5122,0.7897,12.578,3,12,1,1.0965,0,4,1,4130.7
802.65,1597.16,1.9899,0.1998,1669.81,4.5483,17.49,217,12.404,2.5885,0.8535,12.493,0,8,0,0.9953,0,2,2,1371.76
927.13,1585.4,1.71,0.2863,1837.85,15.9231,3.14,104,33.112,0.7567,0.746,25.955,4,8,0,0.9763,0,1,0,1316.69
4995.02,7295.7,1.4606,0.2167,6947.9,-4.7672,3.17,76,23.972,1.6365,0.6483,22.44,2,2,0,0.9807,0,5,0,6446.87
1969.88,3053.05,1.5499,0.2077,2745.13,-10.0855,3.67,86,23.462,1.1709,0.7777,25.208,1,6,0,0.998,1,2,2,2637.11
3866.83,5322.95,1.3766,0.1909,5474.27,2.8429,0.78,30,38.653,1.13,0.8888,44.749,0,7,0,0.9786,1,9,2,5046.06
4129.99,5960.17,1.4431,0.1419,5745.65,-3.5991,4.23,99,23.379,0.4536,0.7954,24.879,3,7,0,1.0041,0,0,0,4905.83
4361.1,7421.24,1.7017,0.1007,6422.61,-13.4564,8.52,154,18.076,0.6743,0.8484,13.025,0,3,1,1.0282,0,4,2,6560.66
4989.33,9481.67,1.9004,0.1483,8035.15,-15.256,6.04,291,48.16,0.8211,0.7677,37.847,1,9,0,0.997,0,1,2,8210.27
1586.73,2073.08,1.3065,0.2019,2260.04,9.0183,223.27,314,1.406,0.8294,0.8784,1.298,2,7,0,0.9934,0,1,0,1824.74
681.58,1270.67,1.8643,0.176,1033.92,-18.6318,30.94,494,15.964,1.0475,0.9571,17.935,1,1,1,1.0497,0,3,1,1088.68
2350.36,2945.76,1.2533,0.1897,2978.22,1.1017,3.4,105,30.86,0.7184,0.6945,32.422,6,9,0,0.9979,0,3,2,3289.72
1085.36,1446.51,1.3327,0.2961,1347.94,-6.8141,11.94,470,39.358,1.2776,0.7612,28.606,5,11,1,1.0273,0,3,1,1621.53
600.92,710.04,1.1816,0.1701,610.89,-13.9636,5.58,229,41.004,0.953,0.9039,48.308,0,6,0,0.9902,0,6,1,709.22
2121.92,2694.18,1.2697,0.1904,3115.19,15.6267,0.61,2,3.258,1.3892,0.7004,3.463,5,6,0,0.9919,0,0,1,3039.88
4026.82,7770.59,1.9297,0.1267,8518.25,9.6216,6.18,221,35.747,0.4759,0.8563,44.051,3,7,0,1.0191,0,7,2,6399.37
3047.81,4695.23,1.5405,0.1096,5208.13,10.924,3.31,120,36.292,1.4777,0.5086,34.499,5,2,0,0.9805,0,9,0,3986.74
1907.5,2319.55,1.216,0.2551,2260.07,-2.5645,13.84,159,11.49,2.2584,0.9479,11.422,3,11,1,1.0544,0,8,0,2641.25
3444.54,6771.16,1.9658,0.2141,7172.96,5.9339,41.37,270,6.526,0.9234,0.8073,6.156,4,2,0,0.9859,0,9,0,5811.37
1544.08,2929.34,1.8971,0.2521,2449.57,-16.3783,12.85,485,37.735,1.8286,0.8614,42.771,4,4,0,0.9605,0,5,0,2415.11
564.72,1011.68,1.7915,0.13,865.7,-14.4289,24.95,330,13.226,0.9862,0.8168,15.226,2,12,1,1.0401,0,3,0,856.75
3939.59,7656.4,1.9435,0.2144,7113.01,-7.0972,178.37,193,1.082,0.8112,0.849,1.227,2,2,0,0.9675,0,5,0,6246.73
3306.84,4421.61,1.3371,0.1507,4346.93,-1.689,18.15,217,11.955,1.1112,0.7959,10.46,5,7,0,1.0197,1,9,1,3802.87
3930.36,7314.06,1.8609,0.1456,6125.73,-16.2472,75.33,190,2.522,2.1915,0.6484,2.728,5,10,1,1.1003,1,6,1,6203.98
675.22,1172.52,1.7365,0.1023,1202.99,2.599,19.0,251,13.21,2.1053,0.7297,11.93,4,9,0,0.9765,0,5,1,1017.13
4267.04,8061.7,1.8893,0.1261,7222.64,-10.4079,12.92,225,17.416,0.4651,0.9114,20.908,4,2,0,0.9602,0,0,2,6693.71
3287.87,6008.17,1.8274,0.1619,6668.0,10.9823,0.0,0,14.299,0.5979,0.9076,10.482,1,1,1,1.0735,0,4,2,5865.02
3035.28,4384.52,1.4445,0.1234,3508.44,-19.9812,9.94,458,46.077,0.9574,0.7824,33.297,1,1,1,1.0963,0,7,2,4274.99
3310.76,5986.65,1.8082,0.2972,6863.28,14.6431,10.65,132,12.394,0.7022,0.9026,9.432,5,2,0,1.002,0,7,0,5163.68
4389.95,6027.79,1.3731,0.1617,6588.56,9.3032,3.72,89,23.909,1.2107,0.8633,19.639,3,12,1,1.1046,0,9,1,6850.54
3141.21,4489.75,1.4293,0.1261,4572.67,1.8469,0.1,5,47.914,0.9331,0.9327,34.622,6,3,1,1.0892,0,8,2,5173.59
3114.28,3867.06,1.2417,0.1398,4234.48,9.5013,10.93,482,44.081,0.7972,0.9391,32.751,5,1,1,1.0247,0,3,1,4086.21
4958.06,9642.5,1.9448,0.2175,9120.19,-5.4168,15.04,243,16.154,2.6877,0.9026,14.274,3,8,0,0.992,0,9,0,8358.91
3905.29,5457.06,1.3974,0.1128,4720.55,-13.4966,7.77,132,16.998,1.479,0.9671,12.916,4,6,0,0.9694,0,5,1,4588.09
2490.32,3965.91,1.5925,0.2725,3187.18,-19.6355,3.82,115,30.073,1.4297,0.9043,35.524,1,3,1,1.0252,0,6,0,3314.13
3683.29,5460.96,1.4826,0.2923,5567.03,1.9422,1.57,72,45.975,0.6679,0.8233,33.669,4,9,0,0.9841,0,4,2,5633.57
2251.54,4426.38,1.9659,0.1493,4058.01,-8.3223,104.03,155,1.49,0.9816,0.4596,1.855,4,4,0,1.0067,1,7,0,3733.26
1529.94,2195.14,1.4348,0.19,1942.87,-11.4924,10.36,210,20.263,0.9338,0.782,24.771,2,9,0,1.0113,0,2,0,1926.23
3185.83,5771.98,1.8118,0.1044,6619.33,14.6804,1.59,68,42.639,1.048,0.9389,35.178,4,5,0,1.0184,0,7,1,4849.92
4676.82,8778.88,1.8771,0.2281,9569.56,9.0067,22.26,470,21.113,0.8024,0.8276,15.685,3,9,0,1.0089,1,4,0,7466.63
4681.13,7116.56,1.5203,0.1828,8511.9,19.607,13.53,491,36.283,1.5861,0.821,27.695,2,8,0,1.0115,1,0,2,6619.09
2038.57,2999.65,1.4714,0.154,3193.51,6.4626,8.57,299,34.904,1.9456,0.751,36.142,1,2,0,1.018,0,5,2,2739.49
2874.55,5132.75,1.7856,0.1414,5944.47,15.8146,12.92,143,11.067,1.4663,0.7658,11.738,3,5,0,1.0079,0,1,0,4297.21
1452.36,2797.19,1.926,0.2308,2370.16,-15.2666,8.6,198,23.03,0.9512,0.9485,20.482,0,1,1,1.0961,0,6,1,2370.38
4980.34,8923.24,1.7917,0.1832,9718.34,8.9105,7.13,205,28.743,0.8175,0.6821,25.239,1,1,1,1.1191,0,8,2,8263.77
4915.03,6601.17,1.3431,0.1359,5508.61,-16.551,11.23,405,36.058,1.7181,0.9564,36.739,5,3,1,1.0582,0,2,2,6957.99
3422.79,6520.63,1.9051,0.2378,5463.16,-16.2172,4.84,200,41.297,1.1757,0.7417,36.481,0,1,1,1.0942,0,9,0,5523.46
4119.86,6095.11,1.4794,0.213,6967.53,14.3134,6.22,238,38.237,1.3208,0.8194,48.201,3,6,0,0.9622,0,3,0,5348.8
3717.95,6096.68,1.6398,0.2717,5755.47,-5.5966,170.07,406,2.387,1.1653,0.7416,2.219,1,6,0,0.9534,0,3,2,5181.19
3169.21,5884.34,1.8567,0.1235,5452.27,-7.3427,12.58,426,33.861,0.6897,0.8279,28.169,0,5,0,0.9652,0,3,0,5060.02
740.07,969.59,1.3101,0.2571,846.95,-12.6487,2.64,67,25.368,2.1852,0.9487,19.98,0,9,0,1.0114,0,2,0,1088.84
2546.44,4626.46,1.8168,0.2347,4598.59,-0.6023,5.84,170,29.119,3.4106,0.8516,31.42,1,11,1,1.0661,0,4,2,4705.01
3536.54,5859.12,1.6567,0.123,5164.42,-11.8567,21.22,409,19.275,0.8057,0.692,17.271,4,4,0,0.9813,1,8,1,5007.36
3548.89,6776.04,1.9093,0.239,6878.63,1.5139,8.23,296,35.987,0.9805,0.9076,29.268,6,3,1,1.0909,0,7,1,5752.26
2179.05,2824.43,1.2962,0.1883,3005.69,6.4175,2.03,69,34.021,0.8267,0.953,29.444,3,3,1,1.0232,1,9,2,3268.76
4737.61,7142.33,1.5076,0.289,7584.9,6.1964,9.73,286,29.395,0.7179,0.7705,26.006,3,1,1,1.0202,0,1,0,5984.13
1253.11,2328.17,1.8579,0.1283,2202.12,-5.414,0.37,16,43.219,1.3474,0.7962,46.482,2,4,0,1.0057,0,8,2,1975.27
2751.62,3209.34,1.1663,0.2286,3471.27,8.1615,22.69,136,5.993,0.7486,0.7258,4.823,1,7,0,1.0115,0,9,2,3432.32
3608.98,4494.52,1.2454,0.1764,4073.98,-9.3566,13.84,218,15.75,0.6203,0.6914,17.95,3,8,0,0.9733,0,1,0,4150.32
3637.11,7245.05,1.992,0.2914,8136.72,12.3072,12.27,310,25.261,1.25,0.7062,22.304,0,6,0,0.9607,1,6,1,6275.65
3418.88,4746.54,1.3883,0.166,3797.45,-19.9954,0.1,5,47.972,0.6458,0.8599,47.635,1,7,0,1.0122,0,4,1,4225.25
1738.8,3441.45,1.9792,0.2924,4083.71,18.6626,43.52,197,4.526,0.7349,0.9867,4.947,5,5,0,0.9927,0,6,0,2866.31
1202.93,1570.01,1.3052,0.2803,1528.29,-2.6571,25.52,447,17.517,0.7131,0.6578,17.975,0,8,0,0.9917,0,4,2,1538.73
3361.73,4897.81,1.4569,0.1541,4572.59,-6.6402,2.83,131,46.369,1.2602,0.9607,50.882,1,10,1,1.0913,0,5,0,5435.29
3196.86,5722.18,1.7899,0.2607,6007.11,4.9793,11.09,499,44.999,1.0378,0.954,40.21,0,3,1,1.0382,0,7,2,5257.15
1307.1,2233.98,1.7091,0.2991,2572.74,15.1639,8.34,362,43.397,0.3928,0.8004,55.464,0,8,0,0.9674,0,0,0,1878.93
3673.13,6038.45,1.644,0.1505,5682.35,-5.8971,27.93,450,16.111,1.1536,0.9782,15.715,1,11,1,1.1056,0,0,0,5114.37
2548.27,4078.29,1.6004,0.1874,3376.9,-17.1983,8.07,343,42.495,0.6619,0.8443,37.955,2,10,1,1.104,0,4,1,3458.81
3504.92,6543.43,1.8669,0.204,6160.85,-5.8467,7.1,183,25.762,2.1572,0.8964,22.614,6,7,0,0.9925,0,0,1,5450.0
4268.15,5760.75,1.3497,0.159,4620.32,-19.7965,0.54,17,31.369,0.3552,0.8829,22.762,6,9,0,0.9535,0,2,0,4939.9
1263.78,1928.65,1.5261,0.1031,1685.67,-12.5983,32.67,415,12.702,1.2068,0.7424,14.111,0,6,0,0.9506,0,9,0,1569.6
586.15,751.53,1.2821,0.144,616.85,-17.9197,13.89,495,35.627,1.4757,0.7506,30.55,1,10,1,1.1174,0,8,1,784.12
4005.96,6636.08,1.6566,0.1564,6337.68,-4.4966,12.43,212,17.057,0.547,0.9266,21.754,4,10,1,1.1091,0,6,2,5654.37
3243.64,4420.96,1.363,0.1887,3642.43,-17.61,2.63,47,17.85,0.8699,0.5746,14.749,5,2,0,0.9703,0,5,1,4108.7
3648.38,5230.92,1.4338,0.1342,6243.47,19.357,0.87,28,32.204,1.0488,0.9209,32.774,4,12,1,1.0827,1,7,2,5996.04
4271.7,6623.54,1.5506,0.2747,7370.45,11.2766,32.54,415,12.752,0.9276,0.8368,14.553,5,11,1,1.064,0,7,1,6368.27
4112.65,4823.13,1.1728,0.241,4667.89,-3.2187,12.67,152,11.997,1.2759,0.7764,14.662,6,5,0,0.9788,1,5,1,4989.44
4824.14,5924.76,1.2281,0.117,6613.03,11.6169,17.34,331,19.089,1.0821,0.7557,15.154,6,9,0,0.9834,0,3,2,5992.37
2911.71,5046.11,1.733,0.23,4879.31,-3.3055,6.06,237,39.125,1.4817,0.8275,50.52,6,7,0,0.9786,0,3,0,4328.61
2698.23,4086.81,1.5146,0.2307,4327.24,5.8833,26.48,318,12.009,1.1793,0.7934,14.94,2,12,1,1.1152,0,3,1,3837.63
2308.49,4351.67,1.8851,0.2912,4911.33,12.8606,6.67,264,39.579,1.0562,0.6873,50.57,1,11,1,1.0301,0,5,1,3625.31
1191.61,2073.96,1.7405,0.1006,2226.94,7.3761,5.64,198,35.085,0.871,0.9538,42.509,5,12,1,1.0404,1,0,1,1778.52
3076.73,3559.43,1.1569,0.1496,2967.87,-16.6196,0.38,13,34.275,1.1316,0.8606,42.042,2,3,1,1.1118,0,1,0,4327.14
1746.56,2924.09,1.6742,0.2856,2390.14,-18.2606,11.33,275,24.263,2.3968,0.7991,25.702,5,2,0,0.9589,0,5,1,2495.23
4645.88,5712.89,1.2297,0.2864,5872.63,2.7962,12.44,467,37.549,0.9578,0.9861,45.328,0,8,0,1.013,0,0,0,5963.61
3124.36,5666.94,1.8138,0.2441,4978.81,-12.1429,5.41,9,1.662,0.529,0.7694,1.696,5,8,0,1.0058,1,8,1,4926.48
3167.78,6312.7,1.9928,0.2532,7535.07,19.3637,8.64,138,15.975,1.7297,0.9224,16.341,5,1,1,1.0441,0,5,2,5374.0
2097.16,3358.64,1.6015,0.1183,2708.81,-19.3482,4.84,166,34.278,2.8231,0.7928,35.565,4,2,0,0.964,1,6,1,2816.27
733.95,1270.0,1.7304,0.2028,1396.25,9.941,2.96,146,49.377,1.3348,0.8005,64.082,2,5,0,0.9582,0,0,1,1077.81
642.85,868.95,1.3517,0.1463,709.91,-18.3023,357.91,402,1.123,2.671,0.9524,0.857,0,5,0,0.9797,0,7,0,739.27
2405.01,3660.32,1.522,0.1362,3822.65,4.4349,9.39,244,25.989,1.0741,0.6946,30.754,6,7,0,0.9885,0,4,0,3148.77
880.54,1653.38,1.8777,0.2621,1600.5,-3.1983,9.21,426,46.268,4.3688,0.9286,39.975,4,5,0,0.9899,0,4,0,1397.7
3230.81,4175.21,1.2923,0.127,4397.03,5.3129,10.25,444,43.313,0.4799,0.752,39.707,2,12,1,1.1106,0,5,2,4539.93
4464.38,6141.67,1.3757,0.1937,6785.21,10.4783,32.34,69,2.134,0.9274,0.5845,1.597,0,9,0,0.998,0,6,2,5526.82
4473.12,6837.69,1.5286,0.2877,5560.96,-18.672,12.13,327,26.948,1.3493,0.582,24.548,5,1,1,1.0542,0,6,0,6112.64
3465.7,6083.74,1.7554,0.1372,6135.47,0.8504,264.45,320,1.21,0.6823,0.8431,1.566,3,5,0,0.9861,0,4,2,5207.27
1450.54,2131.58,1.4695,0.2956,2508.73,17.6936,10.23,406,39.689,1.8065,0.7607,37.238,4,3,1,1.0681,0,0,0,2229.77
4383.49,8497.7,1.9386,0.2989,7538.43,-11.2887,6.38,103,16.135,1.3145,0.9092,17.778,0,10,1,1.0575,0,8,2,7784.54
4487.42,5520.82,1.2303,0.2111,4587.73,-16.9013,5.92,228,38.514,0.8978,0.8421,29.749,6,11,1,1.0533,0,5,0,5949.71
1384.94,2029.19,1.4652,0.134,2249.13,10.8386,6.66,315,47.295,1.2397,0.7584,59.284,3,6,0,0.9553,1,8,0,1707.3
3818.42,6692.2,1.7526,0.1632,7338.51,9.6577,2.81,137,48.828,1.1046,0.9457,58.43,2,1,1,1.0635,0,3,2,6605.84
1789.34,2401.45,1.3421,0.1849,2295.93,-4.3938,7.1,318,44.811,1.3838,0.9738,41.754,3,2,0,0.995,0,1,1,2285.5
4111.88,7022.89,1.708,0.1619,7950.61,13.2099,34.99,385,11.003,0.89,0.6751,10.003,5,9,0,1.0187,1,2,0,6116.96
4987.57,6431.89,1.2896,0.1561,6544.84,1.756,3.32,35,10.535,0.3311,0.7763,10.107,4,9,0,0.9797,1,3,0,5856.81
635.12,760.61,1.1976,0.2944,753.11,-0.9856,3.7,117,31.663,1.5403,0.7601,29.787,1,12,1,1.0435,0,9,1,883.89
4538.15,5685.68,1.2529,0.1307,6417.66,12.8742,9.18,254,27.659,0.968,0.8053,23.643,2,2,0,0.9817,0,7,0,5218.87
3301.84,6407.17,1.9405,0.2467,5377.26,-16.0744,212.65,312,1.467,0.6751,0.8052,1.899,3,4,0,0.9682,0,2,0,5194.61
4880.22,7901.02,1.619,0.1001,7028.43,-11.044,22.23,449,20.195,0.8291,0.6741,23.957,0,10,1,1.11,1,7,2,6642.86
2592.54,4736.3,1.8269,0.2192,4630.46,-2.2346,7.35,334,45.428,0.9064,0.8711,39.102,1,3,1,1.0232,0,5,1,4000.61
4313.25,6179.83,1.4328,0.2832,5155.05,-16.5827,0.42,19,45.02,0.4754,0.9629,58.032,1,8,0,0.955,0,3,0,5170.53
780.77,1291.21,1.6538,0.1576,1547.32,19.8349,27.02,297,10.991,0.6414,0.8936,7.796,2,1,1,1.0642,1,6,0,1070.87
2008.76,3155.17,1.5707,0.1371,2919.83,-7.4588,1.01,20,19.716,0.9441,0.5957,18.982,3,9,0,0.9508,0,4,1,2753.95
801.57,1566.18,1.9539,0.2303,1846.68,17.9098,16.76,477,28.458,0.9184,0.4733,29.644,4,4,0,1.0158,0,4,1,1331.14
4889.04,8729.09,1.7854,0.2425,8639.88,-1.0219,5.96,255,42.786,0.627,0.6546,30.915,3,12,1,1.1031,0,8,2,7741.87
4176.38,7396.21,1.771,0.2376,8652.14,16.9807,9.13,247,27.068,0.5251,0.9199,21.563,3,8,0,0.9656,0,2,2,6369.58
4336.46,5157.79,1.1894,0.1639,5033.97,-2.4006,9.72,471,48.442,0.6528,0.9206,41.412,2,8,0,0.9693,0,9,2,5270.87
4720.84,7634.64,1.6172,0.1504,8595.76,12.589,11.18,449,40.154,1.1599,0.8847,45.459,2,6,0,0.9726,0,3,0,6512.53
882.97,1365.9,1.5469,0.2912,1503.09,10.0439,3.46,165,47.702,0.7238,0.907,60.287,0,12,1,1.0475,1,4,1,1181.2
2235.19,4333.29,1.9387,0.2847,5107.89,17.8758,12.73,469,36.843,1.5465,0.7695,39.596,4,10,1,1.041,1,0,2,3622.53
819.66,1121.9,1.3687,0.1915,1183.58,5.4981,7.91,348,44.004,1.7879,0.8696,45.658,6,9,0,0.9554,0,6,1,1057.45
1448.57,1998.1,1.3794,0.2692,1779.97,-10.9166,6.09,254,41.719,2.3915,0.581,42.639,2,8,0,0.9962,1,7,0,1895.55
1532.15,2297.67,1.4996,0.1905,2336.18,1.6761,5.73,77,13.438,1.3665,0.8751,12.234,0,3,1,1.0393,0,5,0,2084.29
2610.98,3542.75,1.3569,0.1849,3040.92,-14.165,36.91,452,12.247,1.2352,0.8173,14.655,5,6,0,1.014,0,8,1,3002.63
1708.53,2152.42,1.2598,0.1314,2010.25,-6.6052,6.44,279,43.355,1.9911,0.3664,44.415,1,2,0,0.9848,0,2,1,2145.3
954.4,1793.13,1.8788,0.1853,2000.55,11.5675,54.57,281,5.149,0.5438,0.5557,4.315,0,1,1,1.0733,0,1,2,1514.39
1253.71,2036.7,1.6245,0.2075,1640.74,-19.4413,18.32,385,21.02,1.3677,0.8887,16.439,4,5,0,0.995,0,4,1,1749.24
1162.74,2188.46,1.8822,0.1045,2294.26,4.8346,10.41,429,41.212,1.6074,0.9231,53.218,0,7,0,0.9781,0,8,2,1864.56
4878.85,9057.4,1.8565,0.1888,9756.59,7.7195,8.91,364,40.849,0.9948,0.8772,29.022,5,12,1,1.1096,0,0,1,7421.29
3916.82,5443.34,1.3897,0.2563,6313.82,15.9916,4.23,33,7.8,1.5088,0.8025,9.829,0,6,0,0.9548,0,0,1,5500.92
4854.93,7843.51,1.6156,0.236,8648.14,10.2586,17.87,445,24.898,0.8462,0.8668,20.69,2,4,0,0.9911,0,9,1,6297.27
2478.83,3026.0,1.2207,0.227,2908.37,-3.8871,19.17,470,24.512,1.0199,0.7119,26.829,4,4,0,0.968,0,2,0,2875.19
1752.66,3379.06,1.928,0.2819,3738.02,10.6231,25.14,424,16.862,1.2011,0.8645,14.854,0,9,0,1.009,0,9,0,2880.18
4092.32,6112.38,1.4936,0.1036,6419.17,5.0191,2.13,98,45.942,1.1834,0.582,55.86,6,12,1,1.0231,0,2,0,5714.18
1968.14,2921.95,1.4846,0.2114,3023.35,3.47,4.3,142,33.003,0.4992,0.9039,33.863,3,3,1,1.0508,0,4,2,2856.55
1847.23,2599.68,1.4073,0.2575,2156.43,-17.0503,1.1,54,49.029,0.7735,0.9371,38.47,0,11,1,1.1047,0,3,2,2943.64
1546.28,2383.69,1.5416,0.2083,2421.52,1.5873,0.47,2,4.272,1.0214,0.5688,3.682,6,2,0,0.9772,0,5,0,2024.37
1083.56,1477.96,1.364,0.1648,1694.99,14.6839,16.29,331,20.323,1.2166,0.8077,18.132,1,6,0,0.9934,1,7,0,1254.74
1654.08,2429.23,1.4686,0.1273,2367.87,-2.526,10.04,421,41.922,1.4002,0.5906,51.629,1,1,1,1.0402,0,7,1,2153.29
2098.94,3840.96,1.83,0.2775,4154.63,8.1663,19.99,434,21.712,1.0123,0.7343,25.186,0,2,0,1.0044,0,3,1,3336.26
3532.97,6568.21,1.8591,0.1942,7628.95,16.1495,28.92,400,13.832,1.7402,0.9292,16.567,5,4,0,0.9758,0,0,2,5549.64
781.54,1100.84,1.4086,0.2756,1115.89,1.3668,9.72,485,49.893,0.8639,0.7008,36.489,0,9,0,0.9854,0,6,2,1081.21
1447.28,2241.35,1.5487,0.2172,1872.09,-16.475,4.98,218,43.783,1.5348,0.6245,45.853,3,4,0,0.9632,0,5,1,1860.46
4140.61,7837.12,1.8927,0.2348,6439.76,-17.83,7.56,210,27.777,0.9278,0.7959,36.097,0,10,1,1.1185,0,4,2,6583.6
1161.15,1387.31,1.1948,0.2609,1552.51,11.9082,10.66,304,28.524,0.6322,0.8021,33.405,2,11,1,1.1078,0,3,0,1557.49
2041.9,3891.4,1.9058,0.2318,3164.03,-18.6919,370.43,495,1.336,3.7034,0.867,1.032,6,3,1,1.0648,0,5,1,3325.08
4390.97,5867.68,1.3363,0.1796,7038.67,19.9567,3.02,148,49.069,1.2835,0.8383,54.333,4,11,1,1.106,1,7,1,6743.07
1197.16,2067.21,1.7268,0.2027,1759.21,-14.8996,5.7,231,40.508,0.3983,0.8878,46.471,5,1,1,1.0625,0,5,2,1725.7
872.32,1435.11,1.6452,0.2606,1593.05,11.0055,31.07,87,2.8,1.5711,0.8391,2.824,3,12,1,1.0988,0,2,1,1360.98
2680.42,4342.28,1.62,0.1747,4980.97,14.7087,42.22,407,9.64,1.0858,0.7728,7.204,0,8,0,0.9789,1,8,1,3661.79
1860.89,3499.32,1.8805,0.1776,3228.37,-7.7429,5.09,210,41.231,1.5427,0.5818,29.719,5,11,1,1.0455,0,2,0,2983.19
3035.34,3752.7,1.2363,0.1191,3815.18,1.6649,42.23,222,5.256,1.3112,0.8873,6.637,2,4,0,1.0055,0,3,1,3526.79
4117.12,5949.13,1.445,0.2829,7025.63,18.095,6.26,295,47.148,0.6826,0.8771,40.288,5,11,1,1.1165,0,4,1,6767.99
1117.17,1795.86,1.6075,0.1182,2122.82,18.2062,2.94,147,49.995,1.5842,0.509,46.364,0,2,0,0.9712,0,1,1,1614.35
3113.15,5726.93,1.8396,0.2296,6712.22,17.2045,4.64,206,44.435,0.7179,0.8794,52.308,3,7,0,0.9947,0,9,1,4903.09
2774.79,3701.5,1.334,0.1826,3368.23,-9.0037,9.65,359,37.206,0.6679,0.7551,41.431,3,12,1,1.1121,0,9,0,3446.11
1148.35,2104.35,1.8325,0.1811,1733.6,-17.6183,16.8,418,24.877,0.8458,0.8308,31.871,1,1,1,1.0626,0,1,1,1760.64
3307.99,4927.89,1.4897,0.2359,4144.93,-15.8884,85.53,431,5.039,0.5951,0.9687,3.808,1,3,1,1.0705,0,5,0,4225.84
1731.38,2269.11,1.3106,0.1134,1944.06,-14.3249,6.14,226,36.792,1.2847,0.9097,41.36,0,10,1,1.039,0,1,0,2151.79
2695.25,4838.35,1.7951,0.2187,5170.61,6.8671,20.35,416,20.446,2.8372,0.9441,15.321,6,11,1,1.0639,0,9,0,4068.63
870.23,1068.0,1.2273,0.2544,1197.2,12.0975,12.4,359,28.941,0.5758,0.9232,20.262,4,5,0,0.9574,0,0,2,1082.94
2568.13,4077.04,1.5876,0.2656,3343.7,-17.987,11.9,183,15.376,1.9886,0.8099,11.872,2,7,0,1.0129,0,7,2,3538.83
1879.09,2262.97,1.2043,0.1341,2616.36,15.6162,3.11,40,12.866,0.7413,0.762,13.767,1,3,1,1.1173,0,9,1,2645.22
4200.72,6103.45,1.453,0.2795,6707.21,9.8921,10.72,181,16.891,0.7432,0.6901,18.676,6,4,0,0.9976,0,9,0,5467.81
756.4,1256.32,1.6609,0.2312,1271.54,1.2114,1.05,43,40.878,0.5651,0.7506,39.365,1,5,0,1.0195,0,0,2,1054.95
2383.73,3868.08,1.6227,0.2764,4626.16,19.5984,9.54,209,21.898,1.1871,0.8511,15.934,6,10,1,1.0732,0,9,1,3782.43
2562.94,3828.92,1.494,0.1971,3469.29,-9.3926,20.65,336,16.274,0.5159,0.8837,17.583,4,2,0,0.964,1,5,2,3265.61
3762.53,5699.07,1.5147,0.2084,5056.23,-11.2797,20.48,455,22.216,0.789,0.8306,16.695,5,12,1,1.0997,1,0,0,4744.17
3084.29,4141.45,1.3428,0.2838,3867.79,-6.6079,96.43,249,2.582,1.7409,0.8976,2.027,3,9,0,0.9646,0,7,1,3579.86
3502.46,5385.03,1.5375,0.28,5442.15,1.0608,1.86,83,44.64,2.1855,0.6258,44.976,0,7,0,0.9687,0,4,0,5499.3
3996.72,7834.64,1.9603,0.1896,7480.0,-4.5265,4.92,138,28.036,0.6218,0.7586,25.351,0,2,0,0.9961,0,2,0,6695.76
4379.91,8203.07,1.8729,0.1549,9284.24,13.18,77.73,477,6.136,0.8589,0.6843,6.007,2,12,1,1.0947,0,4,2,6825.44
1912.44,2435.39,1.2734,0.1786,2819.69,15.7796,31.32,474,15.132,0.9315,0.7253,16.358,4,6,0,0.9927,0,0,1,2223.69
2921.1,3433.21,1.1753,0.1776,4074.08,18.6667,4.68,230,49.194,0.4791,0.9263,39.159,6,7,0,0.9712,0,0,1,3662.63
4280.49,8319.11,1.9435,0.1574,9378.13,12.73,13.21,397,30.06,0.7506,0.9452,37.149,6,12,1,1.0584,0,3,1,6931.85
4952.53,7912.84,1.5977,0.1537,8255.03,4.3245,27.82,425,15.279,0.7282,0.7942,15.824,5,10,1,1.0485,0,8,2,6798.39
4502.84,7236.79,1.6072,0.2722,7565.67,4.5446,21.1,462,21.891,1.2768,0.8152,15.614,4,12,1,1.0994,0,8,1,7001.86
2171.6,3938.44,1.8136,0.114,3444.55,-12.5403,0.8,11,13.665,1.1305,0.8708,14.718,4,4,0,0.9732,0,0,2,3320.29
1378.25,1953.65,1.4175,0.2355,1768.61,-9.4715,182.54,467,2.558,1.0639,0.8754,2.502,3,11,1,1.0701,1,2,1,1623.34
2702.27,4214.51,1.5596,0.1346,5052.8,19.8904,6.44,272,42.259,0.8998,0.7725,47.372,4,4,0,0.975,1,3,2,3631.09
3837.39,7572.56,1.9734,0.1689,6849.53,-9.5481,31.76,487,15.331,1.9265,0.7983,17.944,3,8,0,1.0049,1,1,1,6483.82
2716.56,4676.09,1.7213,0.1123,4614.13,-1.3251,2.11,89,42.082,0.9892,0.8605,53.163,0,2,0,0.9801,0,6,2,3909.3
2674.31,3424.95,1.2807,0.154,3267.83,-4.5876,18.86,461,24.449,1.6434,0.6994,31.76,6,2,0,1.0,1,2,0,3075.46
4272.04,5396.62,1.2632,0.2537,5803.0,7.5303,2.41,24,9.962,1.3429,0.8224,10.258,6,2,0,1.0018,0,0,0,6254.21
2126.32,2814.45,1.3236,0.277,2629.25,-6.5801,0.62,25,40.292,1.0794,0.8387,41.779,3,11,1,1.0363,0,0,0,3215.15
4369.08,7871.79,1.8017,0.1443,8447.84,7.318,22.08,430,19.478,1.56,0.9447,13.897,0,2,0,0.9819,0,2,1,6635.78
2330.62,3265.37,1.4011,0.1927,3867.24,18.4321,4.26,152,35.679,0.8572,0.8802,43.496,6,7,0,0.9765,1,5,2,3082.92
1977.05,2309.55,1.1682,0.1941,2080.8,-9.9045,11.23,472,42.024,0.6394,0.7547,30.141,2,4,0,0.9959,0,3,0,2300.75
2542.95,4965.24,1.9525,0.2747,4708.39,-5.1729,1.22,59,48.186,0.9853,0.7874,52.022,4,5,0,0.986,0,0,1,4144.71
3931.01,5087.74,1.2943,0.2526,4766.55,-6.313,11.34,59,5.205,2.1196,0.8914,3.951,2,8,0,0.9704,0,6,2,5512.63
1067.01,1235.73,1.1581,0.2026,1137.05,-7.9857,199.87,282,1.411,1.1129,0.6831,1.23,4,7,0,0.9873,0,1,0,1268.94
1383.89,1870.41,1.3516,0.2341,1698.54,-9.1886,6.1,170,27.873,0.7771,0.8242,21.858,5,11,1,1.0969,0,4,0,1959.31
4781.5,6453.95,1.3498,0.2695,6789.66,5.2017,5.38,75,13.948,0.6666,0.7871,10.913,2,8,0,0.9881,0,7,1,6275.81
1289.71,1945.79,1.5087,0.1019,1983.24,1.9244,11.47,275,23.986,0.4672,0.908,17.864,1,5,0,0.9511,0,6,2,1622.2
3054.77,5902.83,1.9323,0.1806,5923.3,0.3467,97.8,446,4.56,0.6636,0.809,4.062,1,8,0,1.0195,0,7,1,4941.68
3106.92,5894.77,1.8973,0.2814,6603.53,12.0235,8.09,207,25.578,1.1621,0.8705,24.406,3,1,1,1.0759,0,9,0,5145.49
2703.31,4158.67,1.5384,0.2481,3570.68,-14.1388,57.32,408,7.118,0.888,0.6943,6.966,5,5,0,0.967,0,5,1,3620.33
3401.35,5099.53,1.4993,0.2086,4425.83,-13.211,3.66,154,42.091,1.1175,0.6586,40.568,2,12,1,1.0619,1,6,1,4344.59
1534.22,2488.13,1.6218,0.2059,2501.13,0.5224,4.68,179,38.215,0.6338,0.9089,38.758,4,11,1,1.1073,0,8,0,2259.27
2986.98,4053.14,1.3569,0.1696,3815.99,-5.8509,17.5,81,4.63,1.6708,0.788,5.629,0,10,1,1.0379,0,5,0,3744.9
2174.78,2597.46,1.1944,0.2041,2258.54,-13.0484,0.21,9,41.981,1.4568,0.8959,45.301,3,2,0,0.9937,0,8,2,2926.97
3477.5,6775.36,1.9483,0.2311,7292.0,7.6253,14.3,242,16.923,0.755,0.9667,12.022,5,5,0,0.9613,0,1,2,5816.97
1135.51,1486.03,1.3087,0.1837,1483.7,-0.157,9.68,177,18.29,0.4937,0.7705,14.701,3,12,1,1.0748,0,1,0,1400.99
3068.95,4046.84,1.3186,0.2428,3564.84,-11.9105,29.05,285,9.81,1.1333,0.6263,8.921,5,2,0,0.9912,0,1,0,3529.29
1333.72,2069.38,1.5516,0.2722,1874.37,-9.4238,6.11,256,41.93,0.3741,0.6195,53.227,1,6,0,0.9554,1,5,2,1843.04
1753.89,2749.88,1.5679,0.1309,2995.23,8.9221,14.83,309,20.831,0.5181,0.6324,15.557,5,9,0,1.0185,0,1,1,2362.92
1484.19,1730.08,1.1657,0.1903,1610.69,-6.9011,0.88,3,3.393,0.8173,0.8492,3.821,2,12,1,1.0932,0,2,0,1964.67
1322.77,1687.54,1.2758,0.1816,1488.08,-11.8193,4.43,214,48.346,0.6435,0.773,34.802,2,2,0,0.9782,0,7,0,1561.98
4215.7,6203.11,1.4714,0.2375,7358.38,18.624,28.81,390,13.538,1.9107,0.9048,12.422,5,10,1,1.0495,0,7,1,6406.25
1785.68,3091.32,1.7312,0.15,2581.93,-16.4782,0.62,29,46.873,0.8481,0.8443,54.47,3,2,0,0.9511,0,3,2,2597.33
4672.06,6279.97,1.3442,0.2281,5393.02,-14.1234,21.89,345,15.761,1.276,0.799,14.285,6,10,1,1.0956,1,8,2,5798.39
4864.67,7343.52,1.5096,0.2755,7981.76,8.6911,1.53,64,41.74,0.3366,0.6811,39.994,1,3,1,1.0744,0,7,1,7771.07
3070.67,4985.98,1.6237,0.1836,4837.82,-2.9715,3.67,123,33.547,0.4097,0.7229,41.705,0,10,1,1.0994,0,0,0,4168.32
1143.51,2178.72,1.9053,0.2822,2399.15,10.1173,6.57,284,43.203,0.7132,0.7937,31.957,1,5,0,0.9965,0,7,1,1889.24
2185.47,3119.01,1.4272,0.2986,3184.86,2.1111,3.11,152,48.83,1.1126,0.7838,49.64,2,10,1,1.1119,0,0,0,3526.11
4089.8,5167.56,1.2635,0.1212,4217.17,-18.3914,0.89,39,43.703,0.5298,0.7424,40.195,0,9,0,1.0106,0,3,2,5499.53
2153.26,3371.75,1.5659,0.1466,3620.11,7.3659,1.2,25,20.78,1.1989,0.7582,26.562,6,3,1,1.0546,0,9,0,3367.39
891.58,1591.21,1.7847,0.2901,1785.82,12.2305,6.65,272,40.911,1.9624,0.5612,48.12,6,9,0,0.9602,0,5,0,1390.79
3005.53,3737.02,1.2434,0.2917,3815.76,2.107,4.4,158,35.871,0.6741,0.9363,27.737,3,9,0,1.0051,0,6,0,3897.18
4303.04,6501.82,1.511,0.1195,6001.33,-7.6976,46.78,188,4.019,0.9943,0.8274,5.049,6,9,0,0.9945,0,9,0,5515.14
4081.67,4755.62,1.1651,0.103,3834.02,-19.3791,5.65,263,46.558,0.8719,0.887,38.491,0,4,0,1.0148,0,3,0,4693.92
1288.05,1518.0,1.1785,0.1322,1764.94,16.2673,2.85,68,23.832,0.809,0.8761,17.895,3,10,1,1.0335,0,7,2,1738.83
3527.44,5504.61,1.5605,0.2992,5960.34,8.2792,0.0,0,7.588,1.1725,0.846,7.777,1,6,0,0.9885,0,7,1,5642.95
1492.27,2094.35,1.4035,0.136,1713.01,-18.2081,3.57,78,21.844,1.0044,0.7953,24.945,0,2,0,0.9937,0,8,2,1777.13
1481.93,2768.76,1.8683,0.2005,3145.96,13.6237,7.43,227,30.554,0.9128,0.6937,34.515,4,1,1,1.0337,0,5,0,2302.78
4433.32,7367.43,1.6618,0.2697,6050.32,-17.8776,11.21,326,29.074,1.0733,0.7807,29.668,2,2,0,0.96,0,3,1,6240.05
1623.51,2493.46,1.5358,0.1041,2704.38,8.459,1.54,45,29.165,1.5394,0.723,29.038,3,4,0,0.9678,1,1,0,2096.52
1684.61,2521.44,1.4967,0.2209,2717.17,7.7627,7.9,107,13.536,1.3524,0.5745,17.35,0,7,0,0.977,0,6,2,2444.53
502.94,790.95,1.5727,0.1554,922.61,16.6459,14.81,474,32.002,0.4158,0.7706,38.158,0,2,0,0.9841,0,9,2,661.69
4418.01,5232.57,1.1844,0.2725,4532.31,-13.3828,7.79,354,45.463,0.6421,0.9461,50.882,6,10,1,1.0491,0,2,0,5537.36
4066.68,7762.77,1.9089,0.1567,7971.66,2.6909,6.14,123,20.045,1.3394,0.8532,16.379,5,1,1,1.0299,0,2,0,6569.28
3322.98,6641.17,1.9986,0.2374,6759.92,1.7882,14.86,474,31.898,3.6357,0.8996,38.019,4,3,1,1.0988,0,2,1,5479.27
3876.2,5055.58,1.3043,0.2348,4115.2,-18.6008,11.35,147,12.955,0.7208,0.8197,14.897,6,7,0,0.9758,0,3,1,4546.69
1184.22,1483.03,1.2523,0.1443,1565.07,5.5323,138.16,465,3.366,0.4727,0.5438,4.359,5,3,1,1.0248,1,1,0,1391.96
2562.46,3259.55,1.272,0.107,2938.85,-9.8388,14.24,423,29.701,3.1242,0.9323,23.161,5,2,0,1.004,0,4,1,3061.45
2080.49,3561.53,1.7119,0.1818,3322.9,-6.7003,75.38,251,3.33,1.8839,0.7649,3.76,5,1,1,1.1102,0,2,0,3200.3
921.99,1578.66,1.7122,0.1578,1415.34,-10.3458,0.03,1,36.456,1.8231,0.6672,46.935,1,3,1,1.077,1,9,0,1360.78
2687.59,5027.76,1.8707,0.2618,4134.68,-17.7631,6.53,221,33.847,1.0566,0.9503,33.088,4,7,0,0.9829,1,4,0,4155.98
4643.33,8307.16,1.7891,0.2601,7199.41,-13.3349,9.84,188,19.097,0.9749,0.7556,21.771,0,3,1,1.1073,0,6,2,7187.78
680.27,1042.33,1.5322,0.1914,920.3,-11.7077,22.93,485,21.153,0.9313,0.6889,27.187,2,5,0,0.9593,0,8,0,901.49
1811.57,3027.01,1.6709,0.2213,3120.63,3.093,10.38,477,45.97,1.4629,0.8148,47.28,0,11,1,1.0256,0,1,0,2612.58
1433.93,2487.94,1.735,0.2209,2124.65,-14.6017,42.59,70,1.644,1.8704,0.9504,1.84,0,6,0,0.9702,0,8,0,2124.92
1571.66,2492.38,1.5858,0.2654,2911.81,16.8286,12.52,358,28.602,1.085,0.9537,20.366,0,12,1,1.1083,0,9,1,2577.95
4587.96,7131.07,1.5543,0.185,6366.01,-10.7285,7.18,332,46.245,1.4733,0.8698,46.79,5,5,0,0.9676,0,5,0,5942.79
2606.31,4426.38,1.6983,0.1551,4695.06,6.0698,2.1,96,45.785,2.0058,0.8345,39.077,4,1,1,1.1158,0,5,2,5075.67
2598.35,4219.34,1.6239,0.153,3641.42,-13.6967,7.79,231,29.648,1.5987,0.9227,23.088,6,5,0,0.9919,1,2,2,3573.75
3922.59,6658.01,1.6974,0.2072,7444.01,11.8053,1.47,29,19.68,1.3381,0.8632,22.143,4,3,1,1.0646,0,9,0,6795.22
1195.21,1997.12,1.6709,0.1898,1654.82,-17.1395,4.96,29,5.846,0.6971,0.9287,4.23,3,8,0,0.9955,0,8,0,1623.28
2692.69,4742.69,1.7613,0.188,5193.42,9.5037,22.49,214,9.515,0.7223,0.8815,11.827,3,5,0,0.9827,0,3,0,3984.94
2434.93,4130.58,1.6964,0.1182,3954.06,-4.2734,5.01,172,34.304,0.4222,0.6553,34.67,5,8,0,0.9883,0,4,2,3563.33
3186.1,5071.57,1.5918,0.2437,5001.62,-1.3792,153.71,279,1.815,1.2127,0.8079,1.976,6,9,0,1.0125,1,2,1,4430.39
4998.01,8644.19,1.7295,0.1427,8181.97,-5.3472,10.54,467,44.291,1.0582,0.5316,37.738,5,2,0,0.9628,0,4,1,7281.45
3962.52,6070.82,1.5321,0.1394,5832.96,-3.9181,15.93,475,29.809,1.8897,0.6445,24.125,3,4,0,0.9783,0,7,0,5175.19
2290.4,3104.45,1.3554,0.1826,2490.17,-19.787,136.67,439,3.212,1.2565,0.6654,2.718,0,10,1,1.087,0,7,1,2836.08
4223.99,4862.68,1.1512,0.1456,3941.01,-18.954,16.47,210,12.749,0.8505,0.7784,10.701,3,1,1,1.0775,0,7,2,4922.26
1268.19,2062.03,1.626,0.2168,2304.48,11.7574,10.49,316,30.116,0.7848,0.9136,36.702,6,10,1,1.032,0,5,0,1718.37
637.09,1052.5,1.6521,0.1743,931.88,-11.4606,180.73,496,2.744,1.1885,0.8967,3.218,3,12,1,1.0304,0,0,1,878.67
1420.02,2806.3,1.9762,0.1898,2926.74,4.2919,10.1,396,39.219,1.1345,0.5392,47.52,1,9,0,1.0024,0,9,0,2392.14
2031.85,2960.93,1.4573,0.2074,3142.52,6.133,2.69,124,46.076,2.4881,0.8464,52.569,5,10,1,1.0558,0,5,0,3442.14
2797.61,4154.49,1.485,0.1407,4483.5,7.9192,1.64,79,48.1,0.9471,0.8075,52.243,5,12,1,1.0817,0,9,2,4557.5
3268.08,4318.87,1.3215,0.1312,4487.03,3.8937,4.95,183,36.949,1.2754,0.9502,37.567,4,8,0,0.9574,0,6,2,4501.64
4597.73,5563.04,1.21,0.2761,5849.62,5.1515,0.33,14,42.984,2.2646,0.85,36.936,3,2,0,1.0191,0,8,1,6365.61
2794.34,5049.05,1.8069,0.1867,5213.66,3.2602,0.32,10,30.925,0.9294,0.8859,34.735,4,11,1,1.0256,0,7,2,4763.53
2755.74,3753.95,1.3622,0.1824,4396.89,17.1271,16.83,395,23.469,0.8476,0.8848,18.351,2,6,0,1.0122,0,7,0,3169.1
726.09,1210.81,1.6676,0.1071,1290.52,6.5834,9.49,341,35.944,0.5133,0.8182,36.182,5,5,0,0.9521,0,6,2,1085.02
657.1,1139.81,1.7346,0.1996,1072.76,-5.8826,7.34,88,11.985,0.8351,0.5632,9.794,1,5,0,0.9641,0,1,1,997.6
2980.22,4620.98,1.5506,0.2108,4355.99,-5.7345,0.31,2,6.379,1.208,0.8061,6.398,2,3,1,1.0625,0,0,1,5017.97
2471.8,4683.82,1.8949,0.2118,3896.2,-16.8157,0.6,23,38.331,1.9879,0.8475,33.591,5,1,1,1.033,0,1,1,3947.13
4276.31,6530.89,1.5272,0.2414,7815.61,19.6714,1.84,88,47.951,0.503,0.8672,35.104,4,11,1,1.071,0,5,2,7445.91
1223.06,1702.71,1.3922,0.1355,1968.85,15.6306,0.27,8,29.296,0.6384,0.8559,29.362,4,6,0,0.9532,0,1,2,1754.44
612.37,1170.62,1.9116,0.1504,956.66,-18.2772,19.27,475,24.645,0.3898,0.8455,19.94,2,6,0,0.9982,1,9,2,987.34
2520.67,4744.74,1.8823,0.2621,5431.36,14.4712,1.66,45,27.186,2.4629,0.8693,21.659,3,5,0,0.9847,0,3,2,4711.33
1568.65,2022.68,1.2894,0.2894,1730.13,-14.463,3.8,93,24.445,1.0839,0.9336,22.749,1,9,0,0.972,0,9,2,2035.63
723.26,847.71,1.1721,0.1272,759.23,-10.438,3.09,70,22.668,0.8052,0.688,20.788,4,10,1,1.1013,0,2,1,1005.81
3760.69,4612.44,1.2265,0.1995,4945.99,7.2314,3.94,187,47.405,0.4073,0.6743,57.842,0,12,1,1.0418,0,5,1,5175.21
1002.17,1396.59,1.3936,0.1428,1525.19,9.2086,5.63,138,24.508,0.999,0.6162,25.459,1,9,0,0.9952,1,7,2,1318.85
3237.44,6398.54,1.9764,0.112,6413.26,0.23,1.81,9,4.974,0.8171,0.7337,6.032,2,10,1,1.0742,0,5,0,5532.88
1764.72,2867.22,1.6247,0.1651,3403.66,18.7097,0.05,2,38.51,0.4079,0.9669,30.35,4,1,1,1.0575,0,1,1,2720.65
1280.73,1879.18,1.4673,0.1287,1871.38,-0.4154,0.89,18,20.187,0.866,0.6904,18.458,4,7,0,0.9873,0,4,0,1588.36
2208.88,4208.82,1.9054,0.242,3802.02,-9.6656,3.6,129,35.824,1.8452,0.7971,37.013,5,12,1,1.0513,1,5,0,3576.76
4106.51,6304.17,1.5352,0.2067,5066.18,-19.6376,13.61,400,29.399,0.878,0.9196,23.28,2,6,0,0.9641,1,8,1,5494.03
2264.42,3210.84,1.418,0.1288,3682.58,14.692,6.12,220,35.946,1.8009,0.8586,27.924,0,3,1,1.0513,0,5,0,3320.96
3878.46,7563.15,1.95,0.1018,7246.43,-4.1876,31.95,129,4.038,2.1779,0.7156,4.429,5,4,0,1.018,0,9,0,6330.11
1064.69,1993.19,1.8721,0.2616,2218.45,11.3015,163.92,436,2.66,0.8744,0.9459,2.905,0,4,0,1.0051,0,4,1,1629.23
3977.47,7426.41,1.8671,0.1352,8239.91,10.9542,20.41,399,19.549,0.9563,0.8742,16.43,4,4,0,0.9769,0,0,1,6173.5
1566.2,2483.12,1.5854,0.2212,2029.77,-18.2573,3.2,112,34.965,1.285,0.8334,29.24,3,7,0,0.9979,0,9,2,2108.27
3548.27,6461.48,1.821,0.1674,7292.62,12.863,11.45,137,11.96,1.6675,0.8798,13.722,0,4,0,0.9697,0,4,1,5403.63
3046.02,3967.29,1.3025,0.2171,3632.68,-8.4341,20.28,451,22.237,2.0365,0.8359,17.126,0,10,1,1.1129,0,4,0,4151.74
4681.15,7664.17,1.6372,0.1631,8710.27,13.6492,0.86,42,49.06,2.1367,0.9043,61.519,6,6,0,0.9908,0,5,1,8047.02
2242.95,4455.1,1.9863,0.1174,4441.15,-0.3131,18.82,217,11.529,0.693,0.885,14.598,3,1,1,1.101,1,6,2,3715.7
797.74,1114.7,1.3973,0.1446,1155.54,3.6636,1.34,57,42.549,2.0696,0.7642,52.02,6,8,0,0.9883,0,3,1,1220.16
586.2,1069.93,1.8252,0.1376,899.33,-15.9452,2.7,112,41.448,1.2934,0.771,34.253,5,12,1,1.1092,0,6,0,883.78
4220.86,6613.7,1.5669,0.1856,6294.36,-4.8284,4.19,187,44.676,0.7703,0.9599,31.724,0,4,0,1.0084,0,4,1,5438.89
2861.31,3387.32,1.1838,0.2317,4025.35,18.8358,2.64,121,45.842,0.5643,0.8188,57.853,3,3,1,1.0479,0,5,0,3936.29
3988.6,7173.76,1.7986,0.1528,8395.85,17.0356,15.74,407,25.859,0.6708,0.7909,23.438,6,9,0,0.9511,0,3,1,5905.33
1554.92,2010.95,1.2933,0.1024,2408.47,19.7681,13.34,459,34.415,1.1998,0.9312,30.5,2,2,0,1.0171,0,7,2,2051.15
2052.88,3462.7,1.6868,0.2038,3476.84,0.4086,2.68,84,31.326,0.7822,0.8002,26.846,5,8,0,0.9882,0,8,2,3151.57
635.47,777.06,1.2228,0.2212,875.99,12.731,6.51,105,16.138,1.1987,0.7708,13.665,1,11,1,1.0532,0,1,1,886.65
4826.72,9435.44,1.9548,0.2926,9265.79,-1.798,27.13,399,14.71,0.5692,0.8369,16.78,1,6,0,0.9632,0,3,0,8013.07
3505.41,4900.44,1.398,0.2179,5765.66,17.6561,20.01,355,17.737,0.686,0.8654,22.078,2,6,0,0.971,0,7,2,4132.55
4699.42,6308.95,1.3425,0.1942,7535.39,19.4396,8.37,98,11.704,0.956,0.9294,13.713,0,10,1,1.1148,1,7,0,6485.69
1694.73,2134.97,1.2598,0.2147,2457.6,15.1117,0.21,8,38.112,0.9176,0.7769,42.093,1,6,0,0.9637,0,8,1,2443.15
3251.59,6353.93,1.9541,0.2856,6661.88,4.8465,0.1,5,48.264,0.5281,0.6773,42.118,2,2,0,0.9818,0,2,2,5269.78
3553.25,6236.37,1.7551,0.2657,7456.09,19.5582,2.46,107,43.521,0.7301,0.9143,44.747,1,11,1,1.0506,0,0,2,6380.57
1928.97,3434.37,1.7804,0.1646,4098.91,19.3497,38.36,448,11.679,0.4181,0.8756,9.836,0,12,1,1.1141,0,8,0,2987.77
4316.49,6796.29,1.5745,0.1475,6728.54,-0.9968,130.08,461,3.544,1.0337,0.7077,2.718,5,7,0,0.9557,1,0,2,5710.38
4762.23,7398.21,1.5535,0.1525,6817.51,-7.8491,3.96,151,38.098,2.1466,0.7806,29.418,3,8,0,0.9681,0,2,0,6286.4
4481.85,5573.26,1.2435,0.2009,4876.42,-12.5032,19.53,393,20.12,0.6818,0.6592,21.373,6,8,0,1.0187,1,2,0,5236.64
3825.8,6220.24,1.6259,0.2488,6660.66,7.0805,8.14,337,41.406,0.6208,0.694,29.94,2,10,1,1.1076,1,8,1,5274.81
1748.59,2377.87,1.3599,0.2006,1935.4,-18.6081,6.02,236,39.183,1.6345,0.9069,50.309,5,7,0,1.0099,0,0,0,2188.7
1767.27,3500.21,1.9806,0.1136,3869.59,10.5531,14.41,456,31.645,0.5569,0.9397,41.053,1,7,0,0.9821,0,6,2,2948.47
4835.12,8834.22,1.8271,0.2447,7248.73,-17.9472,1.92,26,13.512,1.6533,0.7574,10.67,0,5,0,0.9677,0,1,0,7720.23
546.28,819.99,1.501,0.2612,743.03,-9.3851,19.35,118,6.098,0.5483,0.8598,5.832,5,4,0,1.0076,0,6,2,701.52
3722.22,4759.39,1.2786,0.1579,4755.57,-0.0801,15.7,210,13.38,0.8372,0.5035,15.532,1,4,0,1.0028,0,0,0,4280.56
3678.11,6685.08,1.8175,0.2328,5608.6,-16.1027,3.81,99,25.978,0.8864,0.7333,33.071,0,2,0,0.9932,0,9,1,5785.8
3302.1,4140.0,1.2537,0.1853,3372.11,-18.5481,0.04,2,48.994,1.4222,0.905,60.497,0,4,0,0.9701,0,9,1,4373.33
4955.49,6496.32,1.3109,0.2778,6443.83,-0.8079,71.1,293,4.121,2.5502,0.8454,3.514,0,7,0,1.0034,0,7,0,6066.76
1903.46,2531.2,1.3298,0.269,2922.79,15.4702,42.21,456,10.804,0.841,0.6651,8.115,0,2,0,0.9514,0,9,0,2188.98
2029.87,3295.21,1.6234,0.2051,3174.36,-3.6674,10.37,329,31.737,0.9908,0.8287,27.714,2,11,1,1.1149,0,9,0,2819.87
855.23,1555.66,1.819,0.2383,1369.15,-11.9888,20.61,328,15.914,0.4253,0.8145,15.315,5,7,0,1.0103,0,1,1,1326.69
2492.59,3532.42,1.4172,0.2767,3402.92,-3.666,0.37,16,43.067,0.9798,0.8444,39.448,3,9,0,0.9664,0,2,0,3539.11
1674.72,2046.45,1.222,0.1991,2228.7,8.9054,13.41,105,7.831,1.7814,0.7688,9.118,2,10,1,1.0465,0,7,0,2353.82
2045.24,3159.6,1.5449,0.1627,2579.96,-18.3455,4.75,229,48.195,3.259,0.6923,41.191,1,3,1,1.0735,0,2,2,3017.08
4255.57,7600.0,1.7859,0.2507,6173.47,-18.7702,6.63,303,45.706,0.8355,0.4919,55.542,2,8,0,0.98,0,0,1,6656.25
4709.68,6303.5,1.3384,0.144,6209.66,-1.4887,3.96,176,44.489,1.431,0.9449,37.165,2,5,0,0.998,0,8,1,6019.63
1335.8,1785.88,1.3369,0.1777,1912.1,7.0678,44.93,426,9.48,1.7838,0.868,8.692,1,10,1,1.0381,0,7,0,1724.31
2176.29,4254.96,1.9551,0.2731,4448.57,4.5503,4.84,83,17.145,0.4872,0.7009,16.608,3,10,1,1.0371,0,3,0,3727.38
4678.84,9175.34,1.961,0.2449,9681.17,5.5129,6.49,262,40.401,2.0326,0.8548,35.34,2,10,1,1.0352,0,7,2,8697.49
778.14,1549.97,1.9919,0.1808,1342.72,-13.3713,4.81,195,40.583,0.668,0.7716,47.069,0,4,0,1.0026,0,4,0,1326.42
915.62,1681.55,1.8365,0.1429,1707.6,1.5494,6.98,248,35.554,1.1414,0.6052,33.624,2,12,1,1.0245,0,2,1,1444.96
1232.56,1614.6,1.31,0.1712,1535.76,-4.8831,16.6,381,22.954,0.5318,0.8147,28.285,6,11,1,1.088,0,0,2,1557.68
3178.46,4227.93,1.3302,0.1568,3569.21,-15.5802,28.09,457,16.268,0.8326,0.8173,20.793,1,8,0,1.0195,1,9,1,3655.23
1177.13,1694.11,1.4392,0.1352,1442.07,-14.8775,3.07,148,48.185,0.43,0.8587,58.587,6,10,1,1.1133,0,4,0,1463.95
4856.34,6898.01,1.4204,0.2487,7299.04,5.8137,26.2,205,7.824,1.1425,0.8845,7.93,3,1,1,1.038,0,5,2,6841.58
2510.22,4927.67,1.963,0.1504,5828.89,18.2888,129.77,408,3.144,2.1542,0.598,3.162,6,7,0,1.0002,0,3,1,4254.54
2756.83,5019.4,1.8207,0.1908,4228.94,-15.748,55.27,80,1.447,1.0166,0.9768,1.201,2,9,0,0.9893,0,6,1,4161.15
1609.96,2842.24,1.7654,0.1772,2836.43,-0.2044,4.82,188,38.976,0.4863,0.8599,41.134,2,7,0,1.0051,0,2,1,2349.6
2619.32,3426.25,1.3081,0.2964,3080.79,-10.0829,108.77,411,3.779,0.8443,0.5113,4.805,6,9,0,0.9922,0,6,0,3012.22
3478.61,6689.71,1.9231,0.1782,6105.32,-8.7357,7.48,205,27.394,1.1127,0.8458,20.5,1,7,0,1.0173,0,0,0,5609.83
3880.3,7192.87,1.8537,0.116,6400.08,-11.0218,16.16,307,18.997,0.9298,0.8299,21.875,4,12,1,1.0677,0,6,0,6035.26
3892.41,5017.68,1.2891,0.118,5109.39,1.8277,32.69,268,8.198,1.4041,0.6859,10.016,4,2,0,0.9904,1,0,0,4476.27
3100.51,5861.5,1.8905,0.2182,4822.17,-17.7315,7.75,289,37.289,2.7396,0.8286,48.178,5,5,0,0.9797,0,0,1,5021.81
4569.62,6312.52,1.3814,0.2199,6924.83,9.6999,103.37,382,3.695,0.971,0.6671,3.329,6,4,0,0.9638,0,1,2,5931.21
4178.34,5092.3,1.2187,0.1838,5309.7,4.2692,21.69,360,16.601,0.937,0.9376,15.163,2,10,1,1.0885,0,1,0,5399.51
3906.72,6673.84,1.7083,0.1864,6366.39,-4.6068,15.76,450,28.547,0.6973,0.8761,23.919,5,8,0,0.9653,1,3,2,5554.48
750.22,1279.68,1.7057,0.1108,1135.26,-11.286,18.68,387,20.718,1.6737,0.6473,24.312,0,10,1,1.0374,0,0,1,1073.25
530.95,653.44,1.2307,0.2033,662.93,1.4528,21.83,299,13.698,2.5995,0.7724,10.74,2,9,0,1.0142,0,3,0,610.59
1456.01,2069.03,1.421,0.2009,2445.72,18.2061,8.22,381,46.374,0.9094,0.3601,39.912,5,9,0,0.9724,0,1,1,1836.65
3485.86,6950.42,1.9939,0.1299,7528.99,8.3242,5.45,254,46.618,1.1358,0.9833,40.891,6,3,1,1.0494,0,3,0,5835.38
2350.39,4058.33,1.7267,0.1208,3700.15,-8.8258,18.61,398,21.389,1.0847,0.7635,19.784,4,3,1,1.0239,0,3,0,3487.78
2310.83,4091.47,1.7706,0.1247,4489.03,9.7167,23.01,467,20.293,0.681,0.7092,19.34,2,5,0,0.9893,0,8,2,3387.35
4480.64,5963.64,1.331,0.1202,5973.28,0.1616,0.44,7,16.062,1.4424,0.7999,16.631,0,2,0,0.971,0,8,1,6238.15
4530.03,5512.89,1.217,0.2219,4516.2,-18.0793,2.63,113,42.932,0.9799,0.6969,54.482,3,12,1,1.0978,0,0,1,6362.57
4591.29,6360.62,1.3854,0.1393,6659.66,4.7014,0.14,4,28.828,1.1202,0.8446,24.457,2,4,0,0.9595,0,4,1,6104.07
1912.45,2603.92,1.3616,0.1503,2326.76,-10.6442,83.36,449,5.387,1.6208,0.8675,6.289,1,3,1,1.1104,0,6,2,2584.84
3609.75,4870.86,1.3494,0.1347,4694.85,-3.6136,11.09,475,42.813,0.8493,0.6559,47.344,0,11,1,1.1142,0,3,2,5280.63
1722.35,2262.89,1.3138,0.2916,2243.4,-0.8613,12.53,341,27.209,1.048,0.6161,20.941,2,12,1,1.0596,0,4,1,2481.29
1357.74,2224.72,1.6385,0.2709,2491.07,11.9723,3.37,72,21.364,0.6958,0.715,25.343,4,6,0,0.9679,0,1,1,1955.34
1330.85,1901.63,1.4289,0.1461,1962.53,3.2027,19.77,347,17.555,0.5794,0.9021,13.243,5,1,1,1.0228,0,2,0,1643.64
2039.48,3767.53,1.8473,0.1655,3526.55,-6.3961,20.44,120,5.872,1.0625,0.8719,6.714,2,5,0,0.9677,0,6,0,3121.42
2434.81,3180.73,1.3064,0.142,3380.79,6.2899,6.29,301,47.878,1.1094,0.837,54.077,5,11,1,1.0939,0,9,2,3698.86
4239.27,6549.39,1.5449,0.1984,5742.75,-12.3162,12.0,448,37.321,1.5865,0.5992,41.562,4,11,1,1.0628,0,6,0,5853.58
1039.51,1207.5,1.1616,0.1039,1363.41,12.9117,49.75,371,7.457,0.6827,0.9281,6.458,6,4,0,0.9675,0,3,1,1197.24
3807.17,5937.01,1.5594,0.2343,5227.96,-11.9428,18.54,483,26.052,0.5916,0.8468,27.199,1,1,1,1.0507,1,0,1,5026.32
2891.55,3462.52,1.1975,0.2046,3543.59,2.3413,13.04,368,28.223,2.4322,0.8337,32.653,3,4,0,0.9585,0,0,0,3628.79
1795.75,3557.51,1.9811,0.2797,3137.9,-11.7949,25.25,233,9.227,1.0678,0.8094,9.988,4,7,0,0.996,0,3,0,2972.08
2717.69,4951.64,1.822,0.1329,4606.14,-6.9775,2.96,65,21.934,0.5023,0.891,25.939,2,3,1,1.0496,0,3,2,4204.95
1849.74,2897.79,1.5666,0.2608,2807.95,-3.1005,7.02,229,32.642,0.9727,0.9547,36.321,1,12,1,1.0396,1,5,0,2444.58
3182.37,3893.94,1.2236,0.2584,3687.44,-5.3032,27.42,409,14.917,0.7201,0.7216,12.898,0,5,0,0.9887,0,6,2,3659.72
2452.3,4055.07,1.6536,0.1254,4758.81,17.3547,1.74,30,17.249,1.1962,0.8636,13.658,2,8,0,0.9753,0,8,0,3509.39
1239.82,2225.42,1.7949,0.1797,1979.28,-11.0604,43.84,306,6.979,0.8117,0.8155,7.532,5,11,1,1.0266,1,8,0,1877.78
1024.62,1344.42,1.3121,0.134,1172.41,-12.794,13.93,296,21.249,1.8561,0.6696,24.561,6,3,1,1.0698,0,9,0,1272.84
2960.13,4833.83,1.633,0.1509,4867.73,0.7015,1.69,50,29.609,0.522,0.8752,23.255,6,3,1,1.0394,1,4,0,4212.24
4560.86,8401.46,1.8421,0.1526,9910.08,17.9566,21.76,146,6.71,1.8949,0.7805,5.401,5,11,1,1.0852,0,9,1,7159.83
2047.81,3692.22,1.803,0.2112,3697.14,0.1332,3.02,94,31.124,1.45,0.6457,22.012,6,8,0,0.9587,1,2,1,3081.97
3798.5,6960.92,1.8325,0.1823,8239.98,18.375,16.01,328,20.492,1.1752,0.7599,20.882,5,3,1,1.0762,0,2,1,5981.72
3463.98,6572.63,1.8974,0.2895,5758.56,-12.3858,11.28,386,34.231,1.6774,0.7697,35.1,6,2,0,0.9874,0,5,0,5421.46
4692.0,9135.46,1.947,0.1253,7345.85,-19.5897,2.25,37,16.427,1.8363,0.8045,16.428,0,2,0,0.9706,0,0,2,7863.2
4194.41,6269.36,1.4947,0.2947,5775.2,-7.8822,6.83,197,28.856,1.0007,0.7126,25.671,5,12,1,1.0773,0,6,0,6326.8
3049.72,4981.58,1.6335,0.1461,5256.96,5.5279,7.74,240,31.027,2.2588,0.6981,29.683,5,8,0,0.9994,0,2,1,4306.57
3456.64,6298.2,1.8221,0.2546,6530.1,3.682,4.94,172,34.835,1.362,0.6058,40.399,4,6,0,0.9562,0,4,2,5438.49
4542.74,7916.04,1.7426,0.1678,7098.23,-10.331,12.92,492,38.09,0.7604,0.8869,30.818,5,10,1,1.0974,0,6,2,6738.35
2297.83,4586.92,1.9962,0.1286,4883.37,6.463,33.2,255,7.681,0.51,0.8369,6.306,6,3,1,1.1024,0,6,1,3922.95
1970.58,2289.07,1.1616,0.2716,2591.46,13.2099,9.4,454,48.297,1.7109,0.6106,53.136,1,11,1,1.0279,0,8,0,2649.09
548.65,796.56,1.4519,0.1618,856.21,7.4879,0.94,40,42.339,0.9997,0.787,51.659,6,11,1,1.0598,1,0,2,855.62
4219.48,5860.32,1.3889,0.2318,6394.45,9.1143,14.29,408,28.554,0.4083,0.8767,25.819,3,10,1,1.0569,0,2,2,6188.51
4104.41,5635.23,1.373,0.2133,5201.56,-7.6957,10.58,472,44.628,1.1814,0.8714,56.215,2,10,1,1.1123,0,8,1,5498.93
970.05,1299.04,1.3392,0.1944,1314.21,1.1683,21.94,433,19.739,0.879,0.7435,14.501,1,1,1,1.0859,0,7,2,1335.67
3095.86,5426.28,1.7528,0.1992,4433.72,-18.2918,47.76,128,2.68,0.7152,0.8661,2.067,1,11,1,1.0673,0,1,2,4604.41
2587.92,3162.55,1.222,0.2464,2984.29,-5.6367,1.45,53,36.625,1.6563,0.8015,35.745,3,6,0,0.9769,1,7,2,3639.27
1034.19,1841.24,1.7804,0.1176,2073.77,12.6289,1.8,85,47.224,0.6744,0.9477,53.556,5,9,0,0.9563,0,7,0,1561.41
4912.56,8544.96,1.7394,0.2336,9536.55,11.6044,23.63,211,8.931,0.7972,0.865,8.239,4,6,0,0.9601,0,1,0,7246.82
1466.13,1998.61,1.3632,0.2792,2351.0,17.632,8.23,268,32.55,0.8977,0.8968,33.619,5,1,1,1.0829,1,7,1,2312.73
802.55,1095.41,1.3649,0.1116,1300.81,18.7505,7.22,295,40.858,1.6626,0.5848,29.301,5,6,0,0.9667,1,2,0,923.46
3176.81,5351.44,1.6845,0.1281,6363.23,18.9069,0.44,20,45.348,0.5559,0.7754,44.31,3,9,0,0.9815,0,6,2,4652.94
3824.9,6876.58,1.7978,0.2433,5934.16,-13.7047,14.71,214,14.55,0.7288,0.5296,12.303,3,6,0,0.9785,1,8,0,5817.34
646.0,1224.17,1.895,0.1875,1038.41,-15.1747,58.02,424,7.308,1.2369,0.6445,7.38,6,3,1,1.0896,1,3,2,1027.59
3464.23,6493.07,1.8743,0.1807,7467.24,15.0033,14.3,188,13.145,1.2815,0.8998,13.348,3,2,0,0.9733,0,5,2,5625.06
2895.31,5704.2,1.9702,0.1274,5437.56,-4.6745,5.46,160,29.308,0.5695,0.7612,33.76,5,11,1,1.0915,0,8,0,4908.92
964.69,1586.13,1.6442,0.2014,1495.52,-5.7127,4.35,200,46.018,0.8212,0.8604,47.118,0,8,0,0.9907,1,4,0,1392.18
1276.36,2453.61,1.9224,0.1253,2486.66,1.3469,0.95,28,29.544,0.943,0.7056,31.57,6,2,0,0.9916,0,0,0,2111.32
3055.88,5614.38,1.8372,0.1953,5505.27,-1.9435,8.25,380,46.061,1.1549,0.837,46.881,6,7,0,0.9828,0,2,0,4866.37
1833.61,3503.05,1.9105,0.2527,3114.97,-11.0784,6.27,243,38.732,0.9004,0.6241,50.128,5,3,1,1.0864,0,8,1,2959.12
4722.42,5477.45,1.1599,0.1517,6232.49,13.7845,6.0,182,30.321,2.1584,0.9271,35.626,2,5,0,0.9773,0,2,0,6251.41
4184.33,8247.39,1.971,0.1962,9597.52,16.3704,14.99,31,2.068,0.9519,0.7253,2.385,3,11,1,1.0444,1,9,1,6988.68
4926.05,7647.7,1.5525,0.2984,8404.84,9.9003,15.36,266,17.321,2.1267,0.6535,18.643,2,3,1,1.0481,0,1,2,8128.53
1668.52,3050.81,1.8285,0.2373,2499.31,-18.0771,114.01,435,3.816,0.7926,0.8095,3.88,5,3,1,1.0971,0,3,1,2553.79
4863.76,6119.21,1.2581,0.2683,5183.99,-15.2833,2.08,35,16.79,0.4491,0.9783,15.226,5,7,0,1.0046,0,4,2,6780.53
2440.55,3628.0,1.4865,0.183,3404.53,-6.1596,22.69,92,4.054,3.5094,0.8271,4.745,3,7,0,1.0111,1,6,1,3168.31
2063.83,2849.62,1.3807,0.2536,2914.26,2.2684,39.79,367,9.223,0.9575,0.6432,7.505,4,7,0,0.9572,0,6,1,2455.5
726.57,1015.68,1.3979,0.1081,1060.18,4.3806,7.48,158,21.124,1.203,0.9494,15.25,4,11,1,1.0372,1,8,2,998.52
737.44,925.32,1.2548,0.1246,777.27,-16.0002,15.14,397,26.229,0.4843,0.7497,29.348,3,12,1,1.0385,0,7,1,850.25
3614.05,6631.42,1.8349,0.1406,7852.24,18.4097,38.32,446,11.64,1.1399,0.6705,9.16,1,12,1,1.0485,0,1,2,5596.06
2560.68,2964.9,1.1579,0.1804,2999.97,1.1828,4.85,179,36.896,1.508,0.8855,45.836,2,4,0,1.0083,0,7,0,3306.99
1519.35,2150.83,1.4156,0.2691,2092.11,-2.7301,14.6,437,29.928,0.5639,0.8841,34.788,4,11,1,1.0577,0,7,2,2246.95
3262.87,4236.01,1.2982,0.1693,3712.64,-12.3553,10.66,372,34.896,0.9312,0.8483,37.037,0,8,0,0.9718,0,4,1,3833.93
1637.86,2703.59,1.6507,0.2309,3191.15,18.0337,8.26,305,36.906,0.9702,0.8632,32.785,1,9,0,0.9707,0,2,0,2383.8
3099.34,4234.06,1.3661,0.2419,4144.97,-2.1042,12.89,472,36.619,0.527,0.7903,39.65,6,1,1,1.1007,0,8,1,4612.9
2116.44,2899.84,1.3701,0.2172,2456.49,-15.2886,8.06,378,46.875,2.2531,0.3255,46.225,4,7,0,0.9716,1,6,0,2479.22
4205.99,6582.73,1.5651,0.1714,6883.87,4.5746,34.62,437,12.624,0.2624,0.7005,11.042,1,8,0,1.0014,0,0,2,5630.65
4193.13,7148.39,1.7048,0.2154,6719.92,-5.9939,15.24,217,14.238,0.3432,0.8723,18.04,5,2,0,0.9581,1,7,0,6015.99
2648.08,3318.33,1.2531,0.1685,3727.14,12.3199,83.51,469,5.616,1.0546,0.9116,4.477,2,6,0,1.0014,0,9,0,3100.76
2078.69,2700.6,1.2992,0.1168,2749.71,1.8186,10.92,328,30.037,0.6081,0.7033,34.603,5,12,1,1.0631,0,4,0,2536.78
2131.52,2899.08,1.3601,0.2986,2441.83,-15.772,17.29,352,20.364,1.4029,0.9372,24.03,5,5,0,0.9937,0,5,1,2658.35
4125.72,8159.37,1.9777,0.1254,8977.28,10.0242,13.51,342,25.314,0.8413,0.8609,32.176,1,4,0,0.9917,0,8,0,7031.89
1976.81,2940.66,1.4876,0.1145,2710.9,-7.8133,24.25,226,9.321,1.2205,0.9053,9.598,0,4,0,0.9915,1,9,2,2453.27
1440.77,2390.44,1.6591,0.2757,2302.7,-3.6702,6.43,211,32.804,0.5048,0.6182,33.49,6,10,1,1.1041,0,7,2,2477.0
881.1,1194.16,1.3553,0.1604,1325.83,11.0258,11.23,352,31.332,0.8197,0.9423,39.233,1,6,0,0.9605,0,2,2,1101.28
2600.12,4074.1,1.5669,0.2301,3432.76,-15.7419,11.59,162,13.974,0.8015,0.6856,16.499,5,12,1,1.0443,0,4,0,3472.78
2669.59,3238.22,1.213,0.1658,3857.08,19.1112,15.33,365,23.805,3.2285,0.9484,27.571,6,1,1,1.0626,0,3,2,3602.05
4284.09,5053.22,1.1795,0.1783,5461.69,8.0835,3.5,157,44.821,0.7973,0.8397,52.596,4,1,1,1.0806,0,0,1,5877.05
1495.57,2315.78,1.5484,0.1524,2031.03,-12.2962,2.8,109,38.901,0.3183,0.5142,38.742,6,4,0,0.9611,0,4,2,2032.47
2214.46,3297.02,1.4889,0.1686,2714.27,-17.675,4.46,54,12.12,1.7342,0.7252,8.785,0,3,1,1.082,0,9,0,2865.37
4137.83,5239.93,1.2663,0.1821,5333.27,1.7814,7.92,349,44.064,0.8851,0.788,36.087,5,5,0,1.0,0,6,2,5480.01
4206.31,7295.68,1.7345,0.2441,6943.32,-4.8297,49.55,213,4.298,1.1442,0.8475,4.667,2,10,1,1.031,0,0,0,6352.47
2230.75,4448.04,1.994,0.2023,3610.93,-18.8198,17.1,364,21.282,0.8414,0.8337,19.957,4,10,1,1.0274,0,3,0,3704.55
2566.06,3813.93,1.4863,0.2887,3980.55,4.3688,77.96,384,4.926,0.5283,0.8615,5.241,2,5,0,1.0035,1,5,2,3210.28
1864.79,3134.47,1.6809,0.1084,2894.68,-7.6501,0.3,14,46.286,1.9222,0.902,47.722,5,1,1,1.0546,0,8,1,2908.05
4696.5,9245.19,1.9685,0.2006,8586.87,-7.1207,50.76,152,2.994,0.6133,0.7709,2.884,3,12,1,1.0555,0,7,1,7977.16
1033.9,1919.74,1.8568,0.2168,1660.33,-13.5131,2.26,19,8.411,0.4766,0.7706,7.072,4,5,0,1.0079,0,1,2,1623.87
4701.87,7259.78,1.544,0.284,6215.47,-14.3849,9.9,454,45.837,1.2651,0.4045,51.859,1,6,0,0.9853,0,2,0,6122.73
3577.4,6356.56,1.7769,0.1098,5452.25,-14.2263,13.51,399,29.526,1.081,0.7606,36.772,2,11,1,1.0832,0,9,2,5365.66
2892.07,3640.88,1.2589,0.2147,4203.11,15.4424,1.28,51,39.964,1.7069,0.958,46.438,1,4,0,0.9809,0,4,0,4269.73
646.97,1025.63,1.5853,0.2707,1039.2,1.3231,189.59,342,1.804,1.1505,0.5965,1.393,6,10,1,1.0346,0,6,0,855.69
2640.18,3662.46,1.3872,0.1484,3617.67,-1.223,21.73,468,21.536,0.9631,0.9161,22.026,6,2,0,0.9654,1,2,0,3189.33
2334.87,3004.95,1.287,0.2753,3250.71,8.1787,6.5,320,49.239,1.5743,0.8731,59.147,5,10,1,1.1011,0,6,1,3544.92
1225.48,1853.35,1.5123,0.1038,1719.73,-7.2093,12.44,366,29.411,0.4387,0.8303,31.017,0,11,1,1.0421,1,4,1,1523.34
3453.84,4356.55,1.2614,0.2465,4918.06,12.889,1.95,83,42.634,0.9132,0.8516,41.089,2,9,0,0.9832,0,9,2,4993.5
4870.18,8494.26,1.7441,0.2866,7465.42,-12.1122,7.59,366,48.214,0.623,0.8385,41.982,2,12,1,1.04,0,5,1,6991.95
3029.85,4659.32,1.5378,0.2314,5223.4,12.1065,13.48,466,34.567,1.1349,0.8207,31.049,0,9,0,0.9833,1,5,0,3957.73
3716.39,5951.7,1.6015,0.1878,4894.79,-17.7581,19.06,325,17.054,1.5036,0.8674,14.416,0,9,0,0.976,0,3,0,5158.13
808.03,1029.77,1.2744,0.109,888.42,-13.7264,30.08,485,16.122,1.1496,0.5799,13.178,0,9,0,0.9752,0,7,2,956.16
2379.5,3019.13,1.2688,0.284,3493.31,15.7062,49.64,223,4.493,1.4253,0.8623,4.732,5,10,1,1.0717,1,8,0,3206.83
1023.61,1684.77,1.6459,0.1941,1421.28,-15.6397,5.83,128,21.961,1.858,0.5127,22.084,0,7,0,0.9769,0,1,2,1418.38
3257.58,6473.66,1.9873,0.1058,5814.79,-10.1777,7.61,349,45.854,1.2862,0.8721,52.315,6,12,1,1.069,0,8,2,5486.5
4723.17,5818.06,1.2318,0.238,4753.81,-18.2921,15.6,381,24.425,1.4487,0.8301,21.61,3,2,0,0.9674,0,3,0,5538.52
3478.0,4844.41,1.3929,0.1964,5035.6,3.9466,0.33,15,45.639,2.5531,0.7973,44.566,2,7,0,0.98,1,5,1,4712.0
845.61,1597.4,1.889,0.1249,1487.31,-6.8916,9.99,410,41.04,3.7429,0.6813,45.481,5,1,1,1.1128,0,6,0,1389.64
2096.0,2539.16,1.2114,0.1429,2674.73,5.3395,5.55,273,49.225,0.9246,0.7489,62.907,5,6,0,0.9895,1,3,0,2438.13
2977.99,5641.8,1.8945,0.1129,4707.02,-16.5688,1.6,76,47.437,0.625,0.8616,43.136,6,6,0,0.9906,0,7,2,4892.89
2314.43,3693.01,1.5956,0.2149,3538.06,-4.1958,8.39,299,35.618,0.2754,0.728,31.305,3,5,0,1.0019,0,9,1,3175.43
4251.4,6364.46,1.497,0.2244,6037.77,-5.1329,6.98,305,43.69,2.6179,0.8312,42.36,6,7,0,0.9857,0,7,2,6109.32
4166.02,5887.54,1.4132,0.2011,5974.28,1.4733,2.42,91,37.656,0.7527,0.8588,42.714,3,3,1,1.0412,0,0,0,5723.95
3253.24,4562.83,1.4025,0.2634,4188.74,-8.1987,12.89,457,35.466,1.2603,0.897,45.288,6,7,0,0.9907,0,7,2,4416.33
2180.56,3074.44,1.4099,0.2722,3670.58,19.3902,7.46,269,36.062,1.391,0.7976,36.853,1,6,0,0.9709,0,9,2,3202.47
1649.01,3136.56,1.9021,0.2231,2905.75,-7.3588,1.4,51,36.331,1.4959,0.9395,43.142,2,3,1,1.0228,0,2,0,2658.59
976.43,1723.63,1.7652,0.1026,1859.02,7.8548,17.76,348,19.592,0.8821,0.7282,19.173,2,6,0,0.959,0,4,2,1460.73
2097.04,3605.37,1.7193,0.239,3412.55,-5.348,5.52,120,21.755,1.4878,0.8322,15.748,5,1,1,1.0397,1,9,0,3175.77
2359.28,4314.97,1.8289,0.1836,4373.02,1.3454,29.72,458,15.409,1.3114,0.8212,19.054,2,2,0,0.9545,0,7,2,3781.1
3541.2,4846.3,1.3685,0.2131,4316.44,-10.9333,5.93,49,8.265,0.7125,0.8729,7.223,2,12,1,1.0215,0,5,1,4756.37
3461.72,5799.54,1.6753,0.2298,5040.48,-13.0884,16.11,378,23.464,2.2551,0.7861,18.377,0,10,1,1.0631,0,3,0,5012.71
815.49,1256.71,1.5411,0.17,1494.17,18.8957,10.51,474,45.098,1.4027,0.7379,58.523,6,4,0,0.9993,0,3,1,1101.64
2278.67,4135.95,1.8151,0.2834,4203.68,1.6376,14.92,491,32.912,0.5263,0.8589,29.899,4,12,1,1.105,0,3,2,3872.55
1318.0,1862.17,1.4129,0.1268,1832.98,-1.5675,72.48,272,3.753,0.8304,0.7937,2.934,1,12,1,1.0686,0,5,1,1568.64
1205.66,2045.64,1.6967,0.2343,2161.48,5.6629,9.3,379,40.749,0.8212,0.7196,36.141,1,5,0,0.9841,0,6,1,1775.42
4222.86,8022.93,1.8999,0.1009,7135.44,-11.0619,2.54,119,46.835,0.752,0.8343,47.224,0,3,1,1.0663,0,4,1,6755.8
688.62,1027.3,1.4918,0.2849,1159.61,12.8789,9.27,386,41.642,1.3575,0.6266,31.347,6,12,1,1.068,1,9,2,1102.38
2386.32,2879.41,1.2066,0.1225,2589.43,-10.0706,12.14,445,36.65,1.9071,0.7033,33.409,3,4,0,1.0013,0,7,0,2780.18
1256.92,1996.79,1.5886,0.119,2030.76,1.7012,11.25,94,8.356,0.5786,0.9909,9.202,4,2,0,1.0041,1,6,2,1712.24
4456.99,6436.23,1.4441,0.1666,5476.41,-14.9128,8.18,148,18.101,0.8365,0.5587,22.618,1,8,0,0.9698,0,7,2,5571.39
3006.68,5175.68,1.7214,0.1747,5330.05,2.9826,10.04,288,28.699,1.7738,0.8769,26.933,3,5,0,0.977,0,3,2,4497.48
1541.21,3018.28,1.9584,0.1429,2997.7,-0.6817,53.71,256,4.766,0.657,0.7781,4.951,6,1,1,1.0877,0,7,0,2564.83
2760.92,4314.68,1.5628,0.217,3936.1,-8.7741,72.98,453,6.207,0.6999,0.5929,6.714,2,4,0,0.9633,0,5,2,3583.2
3791.69,5862.94,1.5463,0.1886,5411.56,-7.699,7.91,370,46.778,0.3243,0.8793,34.731,5,12,1,1.0622,0,2,2,5109.64
4811.53,8210.38,1.7064,0.1068,6600.53,-19.6075,5.16,183,35.432,1.4687,0.6968,32.078,4,10,1,1.1132,0,7,0,6965.38
1492.01,1847.06,1.238,0.1639,1497.83,-18.9073,17.89,259,14.479,1.1064,0.723,16.08,4,2,0,1.0044,0,6,0,1715.81
4487.82,6128.03,1.3655,0.2621,6375.25,4.0343,8.74,149,17.041,0.8461,0.5981,19.45,5,9,0,0.9639,1,9,0,5254.03
4704.37,9084.76,1.9311,0.2379,9878.32,8.735,10.28,204,19.837,0.4481,0.8628,18.123,2,5,0,0.9817,0,4,1,7865.16
4623.89,7950.56,1.7195,0.245,8099.72,1.8761,94.26,441,4.678,0.8425,0.8574,3.294,1,6,0,1.0149,0,3,0,6758.26
3359.36,3901.66,1.1614,0.2396,3249.16,-16.7236,4.59,171,37.22,0.3824,0.4761,26.207,6,9,0,0.9929,0,0,1,3868.95
3334.19,4414.24,1.3239,0.1622,5192.69,17.6348,32.28,312,9.665,0.9161,0.9465,9.886,4,9,0,0.977,0,9,1,3873.74
2314.45,4004.95,1.7304,0.1199,4346.86,8.5373,5.46,221,40.451,2.6127,0.6314,41.7,0,3,1,1.0956,1,2,2,3623.25
3885.79,6993.41,1.7997,0.1545,6258.75,-10.505,3.93,167,42.448,1.1031,0.801,43.867,0,9,0,0.957,0,1,1,5781.27
2890.82,5388.15,1.8639,0.2664,5757.75,6.8595,7.53,243,32.283,1.8519,0.8365,36.579,0,4,0,0.9975,0,7,2,4681.67
3548.47,4962.01,1.3984,0.2961,4190.83,-15.5417,5.6,217,38.723,1.9207,0.6049,48.511,5,1,1,1.0328,0,7,1,5542.49
2428.06,4713.77,1.9414,0.1988,5240.56,11.1755,5.84,55,9.42,0.7679,0.4824,12.19,4,8,0,0.9848,1,4,0,4171.29
3791.73,6142.63,1.62,0.1019,6095.76,-0.763,2.12,62,29.221,1.3624,0.8685,32.746,1,2,0,1.0026,0,4,2,5307.96
4210.12,7334.28,1.7421,0.128,7068.39,-3.6253,2.99,102,34.163,0.2553,0.8398,34.45,5,10,1,1.0633,0,3,1,6440.37
1158.96,1920.67,1.6572,0.1644,1543.56,-19.6341,11.13,372,33.416,1.151,0.9319,26.218,3,4,0,0.9554,0,0,2,1578.23
4248.18,5328.62,1.2543,0.2157,5653.61,6.099,24.6,166,6.747,1.7123,0.9832,6.278,1,3,1,1.0426,0,0,0,5321.18
2931.33,5770.76,1.9686,0.115,6530.2,13.16,0.34,6,17.875,1.2985,0.6772,18.652,3,9,0,0.9614,0,5,1,4900.79
4301.0,5395.36,1.2544,0.2887,4938.48,-8.4681,8.33,141,16.927,0.8358,0.8585,22.003,6,5,0,0.9857,1,3,1,4983.86
2440.86,3335.8,1.3666,0.173,2684.34,-19.5293,4.27,124,29.054,1.8736,0.6953,22.551,4,2,0,0.9887,1,3,0,2861.33
2205.68,4061.95,1.8416,0.2825,4509.28,11.0127,2.31,89,38.497,1.7659,0.7765,45.266,6,4,0,0.9577,0,2,1,3492.09
4617.77,7738.5,1.6758,0.2561,8158.43,5.4266,13.85,401,28.959,0.9757,0.8739,37.628,2,5,0,1.0055,0,8,1,6544.61
1630.26,3036.24,1.8624,0.2511,3372.52,11.0755,8.16,310,37.987,2.1073,0.9058,44.945,3,6,0,0.9516,0,2,2,2668.17
4298.96,6828.36,1.5884,0.2213,6933.01,1.5327,63.25,370,5.849,1.2957,0.7398,6.787,3,8,0,0.9741,0,7,1,5755.75
2678.09,3937.99,1.4704,0.2254,3876.47,-1.5622,9.97,439,44.029,0.4471,0.9738,37.654,1,9,0,0.9533,0,1,0,3332.05
2813.43,5439.96,1.9336,0.2276,4829.29,-11.2256,7.88,215,27.294,1.1736,0.8986,19.161,4,9,0,0.9995,0,3,1,4522.0
1888.11,2229.5,1.1808,0.2257,1853.91,-16.8465,155.07,440,2.837,0.6988,0.9508,2.371,1,1,1,1.092,0,0,2,2387.62
3078.69,5780.89,1.8777,0.2107,5714.86,-1.1422,3.75,122,32.517,1.2821,0.6891,38.172,4,1,1,1.0478,0,4,1,4772.01
1963.45,2643.19,1.3462,0.2973,3032.68,14.7359,14.08,371,26.35,0.1623,0.7281,20.141,6,3,1,1.0554,0,1,2,2955.39
676.71,1266.42,1.8714,0.2465,1043.2,-17.6261,15.68,185,11.798,2.219,0.8011,10.355,3,8,0,0.9986,0,0,1,1064.8
1723.99,2186.57,1.2683,0.2554,2614.35,19.5638,9.62,370,38.457,1.7479,0.4337,39.899,2,5,0,1.011,0,0,2,2508.45
528.71,868.76,1.6432,0.2745,1024.09,17.8797,3.25,152,46.745,2.2145,0.6172,48.983,5,10,1,1.0421,0,1,2,992.21
4902.6,9338.92,1.9049,0.1431,9864.65,5.6295,14.75,248,16.811,0.9949,0.9416,17.245,4,6,0,0.9909,1,4,1,8000.46
4845.86,7523.24,1.5525,0.1168,8769.73,16.5684,4.48,113,25.202,1.7826,0.6696,32.473,3,11,1,1.0828,0,8,0,7133.58
2278.2,4065.63,1.7846,0.1966,4152.68,2.1411,13.05,95,7.281,1.1116,0.9213,5.15,5,8,0,0.9934,0,5,0,3482.92
3777.67,6928.13,1.834,0.2028,6663.71,-3.8166,4.23,197,46.56,0.6115,0.8003,46.214,5,4,0,0.9856,1,3,1,5780.17
2056.13,3651.72,1.776,0.2658,3756.44,2.8676,20.16,335,16.621,0.6665,0.626,16.665,2,9,0,0.9872,1,2,1,3185.81
3519.92,6816.43,1.9365,0.1888,7843.14,15.0622,0.19,2,10.544,0.8415,0.7483,9.237,1,12,1,1.0674,0,7,1,6182.7
4124.44,6309.6,1.5298,0.2142,7464.31,18.3008,6.05,148,24.443,1.8683,0.6796,24.811,1,10,1,1.0286,0,2,1,6905.92
4760.4,6174.99,1.2972,0.2054,7010.06,13.5235,132.98,415,3.121,1.8371,0.8907,3.445,4,4,0,0.9543,0,0,1,5780.3
2300.96,2739.61,1.1906,0.1076,2388.59,-12.8127,28.75,385,13.389,0.7237,0.8382,14.777,4,10,1,1.0921,0,3,0,2646.1
4024.84,5471.73,1.3595,0.223,5672.52,3.6695,25.49,110,4.315,1.4316,0.8074,3.248,4,12,1,1.099,0,4,2,6147.77
1696.68,2157.7,1.2717,0.2656,2110.02,-2.2098,2.62,19,7.241,1.0082,0.8522,8.555,1,10,1,1.0252,0,4,2,2436.95
4956.5,8050.62,1.6243,0.1315,7990.29,-0.7494,31.1,202,6.496,0.6236,0.9395,8.174,4,5,0,0.9567,1,4,0,6944.69
615.96,805.19,1.3072,0.2189,782.08,-2.8705,8.46,370,43.749,0.5539,0.9102,33.869,3,6,0,0.9889,0,7,0,730.08
3215.88,3804.69,1.1831,0.2187,3146.56,-17.2977,8.61,401,46.591,0.8909,0.7819,44.261,5,6,0,1.0134,0,7,2,4414.5
3467.78,4094.03,1.1806,0.1328,4660.48,13.8361,7.46,181,24.252,1.5947,0.9896,24.423,0,12,1,1.0886,0,3,0,4527.1
3596.21,6677.56,1.8568,0.1247,7955.28,19.1347,10.35,330,31.89,0.7761,0.7758,24.903,0,11,1,1.0896,0,8,1,5738.71
1041.74,1721.72,1.6527,0.296,1521.82,-11.6107,6.44,226,35.099,1.4845,0.7392,35.17,4,8,0,0.9824,0,0,0,1455.53
4723.38,6869.56,1.4544,0.1787,7204.67,4.8782,14.42,291,20.174,1.1677,0.7873,16.626,3,11,1,1.0313,0,4,0,5901.41
1315.32,2512.39,1.9101,0.1455,2549.14,1.4628,18.65,357,19.14,0.4409,0.765,24.14,3,9,0,0.964,0,4,0,2109.38
3302.39,3994.79,1.2097,0.1343,4628.36,15.8598,2.2,75,34.103,2.7291,0.7624,33.048,3,1,1,1.0341,0,4,0,4475.51
1502.04,2978.96,1.9833,0.2335,3222.17,8.1641,16.24,316,19.459,1.8175,0.5038,25.237,5,3,1,1.1121,0,7,2,2510.72
1882.47,3150.98,1.6738,0.2219,3465.65,9.9865,10.69,315,29.469,0.4945,0.7143,21.451,2,7,0,0.9625,1,8,2,2676.61
2959.06,3864.37,1.3059,0.2287,4562.9,18.0762,8.46,222,26.244,1.221,0.6525,20.38,6,12,1,1.0353,0,2,2,4362.31
2377.37,4106.21,1.7272,0.1176,4374.72,6.5391,13.93,372,26.699,2.0917,0.8926,25.789,5,3,1,1.1188,0,8,2,3970.12
1221.02,2196.45,1.7989,0.2787,2155.65,-1.8577,0.84,35,41.639,1.2278,0.7254,50.991,3,5,0,0.9898,0,7,1,1854.82
1269.21,1922.78,1.5149,0.1779,1578.15,-17.9238,13.44,477,35.499,0.8128,0.8919,36.675,1,4,0,1.0165,0,2,1,1655.78
2381.65,4483.19,1.8824,0.1627,5211.92,16.2546,8.88,427,48.073,0.9404,0.9366,54.775,6,5,0,0.9629,1,1,2,3764.45
3907.77,4994.61,1.2781,0.1925,5173.87,3.5891,8.12,323,39.758,0.882,0.9605,37.934,1,3,1,1.0862,0,3,2,5701.78
4540.84,6298.2,1.387,0.178,6757.51,7.2927,55.13,449,8.144,0.9317,0.5665,5.899,3,3,1,1.1175,1,1,2,6153.38
878.57,1080.18,1.2295,0.2727,1082.47,0.2119,8.04,299,37.186,1.7545,0.8381,40.484,0,12,1,1.0533,0,3,0,1243.04
2268.97,3016.02,1.3292,0.2859,2887.68,-4.2551,9.88,332,33.617,1.2666,0.7888,36.32,2,12,1,1.0288,0,4,1,3457.79
951.11,1286.77,1.3529,0.1607,1288.77,0.1555,2.73,89,32.656,0.6495,0.8968,24.259,5,10,1,1.0441,0,1,1,1417.27
574.67,1109.1,1.93,0.2728,908.8,-18.0598,1.14,28,24.556,0.8727,0.7591,19.707,1,8,0,0.9805,0,7,0,916.41
3477.73,4230.29,1.2164,0.2563,4734.39,11.9165,43.1,175,4.061,0.8201,0.5819,4.003,6,3,1,1.0687,0,0,0,4782.62
3211.02,4859.25,1.5133,0.2862,4194.45,-13.6812,8.8,419,47.623,1.1556,0.551,46.098,1,8,0,1.0062,0,2,0,4067.5
1233.59,1976.87,1.6025,0.1492,1844.55,-6.6935,5.12,219,42.744,0.5721,0.9741,49.218,6,5,0,1.0077,0,6,1,1701.33
1552.16,2970.66,1.9139,0.2154,2479.9,-16.5202,5.43,135,24.854,0.4708,0.8324,23.175,1,1,1,1.0525,1,9,0,2613.98
606.68,1212.18,1.998,0.1549,1367.32,12.7979,44.24,388,8.77,0.6288,0.7678,9.63,5,2,0,0.9658,0,0,0,1050.2
4257.26,7622.12,1.7904,0.2648,6610.95,-13.2662,8.48,351,41.399,0.4583,0.7718,46.477,2,12,1,1.0813,0,1,0,6625.2
4886.11,9650.9,1.9752,0.1011,9260.7,-4.0432,21.58,477,22.103,0.4659,0.9768,24.026,3,7,0,0.9828,0,2,2,8168.53
1109.57,2018.34,1.819,0.213,1950.11,-3.3809,22.92,461,20.116,1.8445,0.7261,21.276,2,1,1,1.1165,0,1,0,1752.36
1541.64,3035.06,1.9687,0.1678,2812.2,-7.3429,5.18,174,33.604,0.9377,0.8587,39.767,3,2,0,0.9935,0,1,2,2629.68
4407.84,7718.93,1.7512,0.1645,8830.84,14.405,3.27,125,38.175,1.2044,0.7779,41.774,4,1,1,1.0892,0,5,1,7165.39
4669.09,5686.01,1.2178,0.229,6304.15,10.8713,41.67,170,4.079,1.0309,0.752,4.897,1,10,1,1.0702,1,6,1,5833.4
2388.32,3562.5,1.4916,0.2703,3909.74,9.7471,10.18,393,38.61,1.0601,0.8813,41.777,5,7,0,0.9938,0,5,1,3207.61
727.8,1236.98,1.6996,0.2218,1100.97,-10.9953,7.17,265,36.963,1.161,0.8178,29.4,6,2,0,0.9885,1,5,2,1039.52
677.26,980.75,1.4481,0.2706,858.95,-12.4192,4.45,133,29.871,1.3415,0.8556,26.456,0,10,1,1.0745,0,8,0,977.77
3082.77,4261.55,1.3824,0.1529,3829.59,-10.1362,15.41,271,17.583,1.2028,0.5635,15.793,2,3,1,1.1195,1,7,1,3656.62
2268.03,3721.36,1.6408,0.2039,3551.9,-4.5535,48.81,443,9.075,4.0317,0.9421,6.864,5,11,1,1.1118,0,7,0,3107.85
628.94,1222.32,1.9435,0.1901,1211.94,-0.8497,4.15,25,6.03,0.5989,0.8155,6.726,2,11,1,1.0579,0,5,2,1088.26
3124.64,3686.24,1.1797,0.1023,3317.87,-9.9931,260.87,276,1.058,0.5886,0.6119,1.118,5,11,1,1.1075,1,4,1,3660.35
550.86,993.67,1.8038,0.2114,976.88,-1.6895,8.91,99,11.117,0.7607,0.8424,11.715,1,7,0,0.9667,0,8,0,825.3
4043.17,7133.45,1.7643,0.2323,6232.87,-12.6247,20.85,441,21.156,0.5161,0.728,20.883,6,1,1,1.0943,0,1,0,6219.36
1878.95,3700.33,1.9694,0.2184,3358.34,-9.2419,32.77,424,12.939,0.8658,0.7827,13.273,1,12,1,1.0681,0,6,1,3134.84
681.16,1322.2,1.9411,0.2473,1195.67,-9.5703,22.37,361,16.14,0.6199,0.9197,11.376,5,4,0,0.9551,0,5,0,1109.64
3147.58,5659.04,1.7979,0.2143,6173.15,9.0848,1.44,29,20.132,1.0416,0.8153,15.255,0,7,0,1.0025,0,6,2,4845.7
2289.58,3645.81,1.5923,0.1134,3585.28,-1.6602,8.2,132,16.105,1.0374,0.8133,17.877,0,2,0,0.9631,1,3,1,3161.17
4882.1,6462.08,1.3236,0.1233,6759.9,4.6087,10.77,393,36.506,0.5208,0.7775,31.282,1,4,0,0.9578,0,8,1,5689.57
2948.89,4757.89,1.6135,0.2193,5080.11,6.7723,19.73,495,25.095,1.467,0.9624,19.191,5,9,0,0.97,0,6,1,4098.49
1738.58,3130.39,1.8005,0.155,2590.1,-17.2594,179.76,350,1.947,0.6696,0.8562,1.747,3,7,0,1.0154,0,1,1,2585.06
3692.47,7057.5,1.9113,0.1159,7889.83,11.7935,11.4,138,12.107,0.6257,0.8055,10.323,1,3,1,1.0705,0,3,2,5977.24
1721.71,3135.68,1.8213,0.1859,2864.72,-8.6411,13.56,485,35.773,1.2457,0.9612,25.672,0,3,1,1.0879,0,4,2,2691.68
4569.09,6012.82,1.316,0.2109,6036.28,0.3901,12.07,190,15.746,1.0,0.7775,14.901,1,11,1,1.061,0,1,0,5925.38
2186.25,3628.59,1.6597,0.1657,3394.02,-6.4645,8.46,390,46.087,1.0007,0.9584,33.008,0,4,0,1.008,1,9,2,2979.87
2974.41,4260.39,1.4323,0.2441,4726.62,10.9435,5.18,186,35.921,0.6087,0.6878,25.153,4,4,0,1.0161,0,7,0,3865.23
727.58,842.41,1.1578,0.2288,750.84,-10.8697,9.14,139,15.206,0.5732,0.8039,17.875,3,12,1,1.1068,0,0,0,895.06
2417.55,3191.61,1.3202,0.1666,3783.68,18.5506,12.13,319,26.304,1.49,0.9282,23.384,5,8,0,0.9842,0,2,1,3266.48
4245.64,5291.07,1.2462,0.251,5079.69,-3.9951,11.22,378,33.695,0.9638,0.833,35.061,0,6,0,0.9666,0,0,0,4969.26
4125.42,7699.32,1.8663,0.2297,8351.09,8.4654,22.53,236,10.475,1.1214,0.6762,9.204,5,6,0,0.9545,0,4,1,6652.75
1509.43,2067.52,1.3697,0.2275,2184.5,5.6579,28.17,368,13.063,1.0793,0.7769,16.434,6,8,0,1.0185,0,7,0,1772.5
1517.36,2112.15,1.392,0.2107,2317.1,9.7035,11.45,296,25.849,1.4033,0.7874,29.404,6,11,1,1.0299,0,6,2,2534.83
4177.87,8213.47,1.9659,0.1023,8381.26,2.0428,9.56,443,46.32,0.9717,0.7428,42.684,2,8,0,0.9721,1,8,1,6975.41
4686.79,6900.01,1.4722,0.2393,6579.28,-4.6482,11.14,199,17.857,0.8905,0.7887,14.756,2,8,0,1.0053,0,1,0,5816.95
929.12,1076.06,1.1581,0.1752,938.15,-12.8163,13.67,283,20.704,1.4313,0.8391,16.205,5,12,1,1.0691,1,7,2,1172.92
2525.26,3513.32,1.3913,0.2885,3540.65,0.7777,36.56,378,10.34,3.0567,0.5918,11.968,3,1,1,1.0262,0,7,2,3863.56
2018.54,2526.02,1.2514,0.2636,2082.3,-17.5657,2.63,79,30.067,0.5374,0.8663,29.22,3,8,0,1.0154,0,5,1,2660.63
4418.1,5466.9,1.2374,0.2175,4502.15,-17.647,11.97,446,37.267,0.7601,0.7986,31.274,2,5,0,0.9724,0,2,1,5164.78
875.86,1064.93,1.2159,0.1504,1113.23,4.5357,11.42,258,22.591,1.1578,0.8436,28.279,5,3,1,1.118,0,1,1,1251.53
1450.07,2398.8,1.6543,0.1407,2380.08,-0.7804,2.65,100,37.762,0.3369,0.7182,35.272,5,7,0,1.0058,1,7,0,2050.32
3886.11,5094.48,1.3109,0.1681,5106.92,0.2442,1.96,31,15.828,1.7423,0.7989,16.241,5,2,0,0.9913,0,5,1,5901.09
730.82,1064.85,1.4571,0.1953,987.62,-7.2522,7.74,276,35.642,1.488,0.7662,43.294,5,10,1,1.0722,0,3,2,1117.54
2716.41,5114.22,1.8827,0.1592,5708.63,11.6226,8.79,120,13.659,1.0151,0.6153,16.391,5,10,1,1.0265,0,4,2,4283.45
2489.48,3760.83,1.5107,0.203,3311.31,-11.9526,1.38,54,39.252,1.2626,0.7379,42.501,4,6,0,0.9502,0,4,1,3328.04
2004.81,3865.94,1.9283,0.1331,3999.13,3.4452,11.8,492,41.701,2.1243,0.9017,51.425,6,4,0,0.9867,0,8,1,3180.95
2275.58,3580.04,1.5732,0.2955,4096.25,14.4191,0.42,17,40.088,1.1556,0.7549,50.963,4,1,1,1.045,0,8,2,4098.81
2884.73,4295.4,1.489,0.1216,4869.39,13.3628,26.65,308,11.558,0.5312,0.93,14.576,0,6,0,0.9958,1,7,0,3630.04
1226.15,2192.15,1.7878,0.2864,1778.83,-18.8549,10.48,367,35.018,1.6164,0.8044,31.846,3,3,1,1.0846,0,7,2,1930.53
3073.98,3726.28,1.2122,0.2827,3396.85,-8.8406,4.38,120,27.388,1.5892,0.9016,25.699,2,12,1,1.0363,1,1,2,4241.61
4124.45,5056.8,1.2261,0.2051,5491.15,8.5893,2.21,109,49.316,1.1097,0.8467,41.637,5,4,0,0.9845,0,2,2,5677.63
3920.72,6681.61,1.7042,0.245,7325.04,9.6298,17.63,330,18.717,3.697,0.7597,22.5,5,4,0,0.9981,0,7,1,5493.92
1192.55,1865.03,1.5639,0.1872,1852.16,-0.6902,1.55,60,38.791,0.9489,0.8484,29.989,6,8,0,0.9795,0,4,0,1548.28
1171.62,2134.52,1.8219,0.226,1880.5,-11.9009,22.63,433,19.134,0.4077,0.6767,17.47,3,7,0,1.014,0,6,0,1834.86
1706.78,3292.1,1.9288,0.1681,3001.08,-8.84,12.86,263,20.446,1.1385,0.8628,14.432,2,9,0,1.0149,0,7,1,2739.48
2124.84,3145.0,1.4801,0.1602,3523.6,12.0383,41.47,267,6.439,1.0762,0.7718,6.804,2,11,1,1.1032,1,5,2,2597.2
2338.05,3874.03,1.6569,0.2156,3397.0,-12.3136,34.06,434,12.743,3.0446,0.9028,13.954,0,7,0,0.9922,0,4,1,3252.92
3558.64,5606.96,1.5756,0.1996,6598.97,17.6925,55.08,499,9.06,1.1953,0.7425,7.695,3,9,0,1.0185,0,7,1,4830.35
755.06,1498.32,1.9844,0.2159,1498.84,0.0347,51.02,449,8.801,0.8863,0.7466,10.051,4,1,1,1.0383,0,0,0,1284.42
656.03,1217.86,1.8564,0.1573,1112.36,-8.6632,205.3,296,1.442,0.5338,0.9306,1.339,6,4,0,0.9594,0,0,0,1055.8
2263.6,4357.37,1.925,0.1734,4164.98,-4.4154,10.15,405,39.895,2.4692,0.8501,35.388,3,12,1,1.0866,0,0,1,3709.89
3637.24,4969.15,1.3662,0.1168,4485.18,-9.7395,5.27,126,23.929,0.3196,0.8815,30.478,6,1,1,1.0342,0,2,1,4445.84
1370.46,2475.94,1.8066,0.1105,2361.38,-4.6266,3.37,136,40.404,1.2645,0.9096,42.554,6,6,0,1.009,0,9,0,2147.74
3386.77,4659.02,1.3757,0.1507,3970.97,-14.7681,2.48,77,31.015,0.3662,0.9063,26.406,2,2,0,1.003,0,5,0,3894.79
1669.23,2215.78,1.3274,0.1148,2502.21,12.9265,4.94,206,41.736,0.8643,0.7046,53.837,4,10,1,1.0966,0,5,2,2562.56
4487.39,8762.19,1.9526,0.1208,10387.25,18.5463,15.34,394,25.684,0.8372,0.7399,23.952,2,9,0,1.0084,0,4,1,7355.32
4530.6,5284.54,1.1664,0.2626,5620.93,6.3656,70.61,396,5.608,0.7094,0.9568,6.105,6,12,1,1.1014,1,6,2,6038.84
1837.79,3621.52,1.9706,0.1078,4068.53,12.3432,5.86,183,31.221,0.8311,0.7247,35.415,3,4,0,0.983,0,4,2,3057.56
1534.97,1959.96,1.2769,0.2318,1746.78,-10.8768,12.01,411,34.21,1.0726,0.6273,32.615,6,11,1,1.0846,0,1,2,2274.17
2350.87,4340.93,1.8465,0.1545,3581.71,-17.4898,2.78,88,31.699,0.7942,0.9767,32.382,2,4,0,0.9612,0,3,0,3678.28
1582.39,2190.88,1.3845,0.2743,2302.27,5.0845,7.92,319,40.265,0.9427,0.731,33.979,5,6,0,0.9761,0,0,2,2182.15
3525.73,5105.6,1.4481,0.197,5754.17,12.7032,6.19,228,36.843,0.7065,0.9306,36.088,1,5,0,0.9821,0,6,0,4251.63
4217.29,5626.9,1.3342,0.1611,6379.42,13.3737,2.84,63,22.199,0.886,0.6777,19.679,6,6,0,0.9553,0,3,0,5676.37
3528.91,5814.55,1.6477,0.2035,5890.75,1.3105,7.9,325,41.136,1.6265,0.8648,42.307,4,12,1,1.0814,1,3,0,4834.55
4209.58,6086.55,1.4459,0.1764,6383.82,4.884,1.55,54,34.898,0.794,0.8238,38.455,5,9,0,0.9855,0,3,1,5740.63
2286.46,3907.07,1.7088,0.2129,3701.17,-5.2699,42.33,292,6.898,2.183,0.9349,7.37,0,6,0,1.0135,1,2,2,3373.04
1203.43,1399.95,1.1633,0.1229,1585.11,13.2268,15.15,416,27.454,1.6253,0.6805,32.012,1,6,0,0.9572,0,7,0,1420.13
3820.78,4602.96,1.2047,0.2994,4966.79,7.9042,7.63,280,36.699,1.5078,0.7119,26.604,5,4,0,0.9591,0,3,1,5327.08
2122.14,2620.23,1.2347,0.1851,2290.99,-12.5652,13.13,369,28.111,1.0037,0.9472,21.003,2,7,0,0.954,0,7,1,2540.11
3520.72,5302.71,1.5061,0.1696,4834.88,-8.8225,5.85,278,47.502,0.6216,0.8998,39.103,3,4,0,0.9754,0,8,1,4554.02
1717.9,3165.36,1.8426,0.242,2724.56,-13.9258,31.31,187,5.973,1.0507,0.7928,7.714,6,5,0,0.9776,0,0,0,2718.21
865.53,1648.8,1.905,0.1728,1652.57,0.229,12.06,439,36.394,2.4095,0.7495,42.95,2,4,0,1.0188,0,3,0,1409.69
4966.62,6745.11,1.3581,0.2667,5941.74,-11.9105,4.59,190,41.398,0.662,0.7765,51.933,0,9,0,1.0076,0,5,0,6074.4
1202.91,1970.62,1.6382,0.1909,1701.64,-13.6493,11.04,391,35.43,1.1583,0.6224,30.585,3,6,0,0.9756,0,7,1,1697.06
4947.89,8921.6,1.8031,0.2439,7709.81,-13.5827,13.67,272,19.894,0.6351,0.4665,20.775,4,10,1,1.0669,0,5,0,7822.98
4897.76,6834.85,1.3955,0.1215,6194.76,-9.3651,4.73,94,19.889,0.8176,0.7089,20.543,4,6,0,0.9791,0,5,2,6114.89
4072.18,6098.73,1.4977,0.2692,6852.6,12.3612,2.99,89,29.742,1.1618,0.6685,30.982,2,5,0,0.9913,1,9,0,5612.24
3467.4,5531.82,1.5954,0.2471,6501.64,17.5317,12.02,246,20.458,1.1998,0.8116,23.128,1,12,1,1.047,1,3,0,4869.0
3100.13,3920.56,1.2646,0.1423,4698.18,19.8343,9.94,440,44.276,1.0603,0.7863,41.459,3,9,0,0.9661,0,8,2,4172.97
4397.46,5154.19,1.1721,0.1291,4206.4,-18.3888,11.59,74,6.387,1.3542,0.6793,7.066,5,5,0,0.9672,1,6,0,5169.49
1802.48,2306.96,1.2799,0.1633,2370.55,2.7563,1.89,61,32.319,1.2551,0.539,37.912,1,12,1,1.0882,0,5,0,2636.13
2604.57,4383.03,1.6828,0.2952,3973.56,-9.3422,29.19,221,7.572,0.8488,0.7885,6.613,2,12,1,1.0237,1,0,0,3690.89
3287.25,3986.04,1.2126,0.1514,4765.57,19.5564,9.68,266,27.468,1.4357,0.8114,34.814,5,8,0,0.9979,1,1,0,3811.19
2350.36,3081.89,1.3112,0.1912,3678.94,19.3731,12.48,450,36.063,0.6167,0.8517,36.454,5,6,0,1.0066,1,5,1,2707.16
2423.69,3483.27,1.4372,0.106,4088.11,17.3643,46.43,423,9.11,0.8788,0.7191,10.382,3,6,0,0.9843,0,0,0,2992.77
1986.28,2415.69,1.2162,0.1794,1946.3,-19.431,11.92,423,35.498,0.7928,0.7186,40.373,4,12,1,1.0753,1,4,2,2414.29
3039.04,3990.09,1.3129,0.2143,3438.7,-13.8191,15.27,120,7.859,1.2046,0.6768,8.167,4,11,1,1.0459,0,0,2,3989.76
4327.59,8328.78,1.9246,0.2906,8503.52,2.098,9.9,311,31.407,0.3047,0.6959,28.066,2,3,1,1.1179,0,2,1,7064.37
1406.88,1640.99,1.1664,0.2033,1435.73,-12.5085,11.95,308,25.772,0.819,0.8034,28.354,3,9,0,1.0114,0,6,0,1674.38
4704.95,8023.9,1.7054,0.2638,9162.82,14.1941,21.79,340,15.606,1.2565,0.6939,11.741,5,10,1,1.0762,0,4,2,7582.26
3600.89,5317.61,1.4767,0.2094,5742.46,7.9895,74.55,482,6.466,3.4383,0.9542,8.334,2,3,1,1.0664,0,9,1,5121.75
4204.73,7239.5,1.7218,0.1082,6324.67,-12.6367,0.73,27,37.057,1.0252,0.7888,30.031,4,9,0,0.953,0,0,0,6034.54
3002.86,4955.88,1.6504,0.163,5587.08,12.7365,17.3,341,19.708,0.5822,0.9642,17.053,5,12,1,1.0571,0,0,1,4203.62
4007.83,5370.38,1.34,0.2151,5366.67,-0.069,81.11,425,5.24,1.401,0.8482,6.669,5,12,1,1.1143,0,7,0,5354.45
572.9,1071.4,1.8701,0.2901,1161.27,8.3885,9.52,370,38.867,0.7117,0.6499,31.557,0,2,0,0.962,1,8,1,948.7
4182.71,6559.12,1.5681,0.2718,5614.15,-14.4069,24.25,301,12.412,0.5071,0.916,9.955,1,8,0,0.9855,0,6,1,5574.1
680.62,1258.58,1.8492,0.1457,1267.57,0.7141,7.36,273,37.086,1.0956,0.8684,43.863,2,11,1,1.1083,0,2,2,1033.42
4504.61,6734.89,1.4951,0.144,7479.33,11.0535,0.77,22,28.68,1.9373,0.8955,24.4,5,7,0,1.0157,0,5,2,7421.73
4963.83,9863.05,1.987,0.1402,9253.86,-6.1765,38.83,409,10.532,0.6697,0.8364,7.971,0,3,1,1.026,0,2,1,8325.73
1823.3,3290.91,1.8049,0.2845,2878.66,-12.5271,20.66,98,4.744,0.8997,0.9396,3.966,4,7,0,0.9876,0,9,0,2842.75
1446.43,2851.0,1.9711,0.2705,3010.05,5.5787,9.44,284,30.069,1.414,0.7409,37.076,6,8,0,0.9947,0,3,0,2475.0
3944.14,6260.04,1.5872,0.255,6620.8,5.7628,137.34,307,2.235,1.6676,0.7777,1.941,2,4,0,0.9952,1,3,0,5428.01
1638.62,2544.18,1.5526,0.1785,2243.3,-11.8261,25.9,109,4.208,2.0403,0.977,4.7,4,9,0,1.0168,0,2,0,2166.17
4395.03,7876.49,1.7921,0.2009,6519.69,-17.226,5.7,202,35.409,0.7057,0.7754,33.181,6,8,0,1.018,0,9,0,6562.71
962.79,1827.62,1.8982,0.1929,1583.78,-13.342,3.83,105,27.405,0.9393,0.7188,23.493,4,10,1,1.0817,1,5,2,1583.91
1066.8,2101.08,1.9695,0.1507,1912.43,-8.9789,2.65,45,16.988,0.338,0.6711,13.36,2,2,0,0.9706,0,4,1,1778.18
4906.18,6995.57,1.4259,0.201,5697.97,-18.5489,9.34,256,27.422,0.8209,0.9045,35.191,0,6,0,0.9948,0,8,2,5838.72
3532.28,6460.17,1.8289,0.1061,7552.54,16.9093,14.87,446,29.991,0.592,0.823,30.371,2,1,1,1.0824,1,8,0,5463.81
4310.99,5729.52,1.329,0.1264,5111.88,-10.7799,4.98,143,28.699,1.0728,0.7633,22.065,6,1,1,1.0786,0,2,1,5917.0
1959.48,3162.09,1.6137,0.2773,3464.29,9.5568,0.74,24,32.485,1.5572,0.6829,26.615,6,10,1,1.0614,0,8,0,3496.07
3544.18,4617.61,1.3029,0.2503,4459.97,-3.4137,1.3,61,47.074,1.4122,0.8482,44.456,6,12,1,1.0646,0,2,0,5269.64
3174.09,4587.47,1.4453,0.1846,4591.11,0.0794,11.42,229,20.05,0.56,0.8331,20.581,5,1,1,1.1189,0,3,1,4399.93
3214.18,6240.82,1.9417,0.2034,6333.04,1.4777,5.14,81,15.756,0.8194,0.6609,12.748,4,7,0,1.01,0,0,0,5206.53
3571.4,4550.59,1.2742,0.174,5047.14,10.9118,116.19,335,2.883,1.2593,0.798,2.499,3,7,0,0.9812,0,4,2,4617.85
3089.12,5213.01,1.6875,0.2482,5813.37,11.5165,25.59,210,8.207,1.0645,0.8069,9.604,4,1,1,1.0543,0,8,2,4719.72
2430.78,4020.54,1.654,0.2568,3443.63,-14.3491,64.29,399,6.206,0.7035,0.739,5.899,5,5,0,0.9512,1,1,2,3444.03
1741.65,2181.64,1.2526,0.2527,2010.03,-7.8663,11.24,196,17.437,1.206,0.6294,12.22,6,5,0,0.955,0,3,0,2109.27
3958.62,5649.27,1.4271,0.2445,5814.32,2.9216,11.2,346,30.89,1.4668,0.9167,22.622,2,6,0,0.9801,0,9,2,5761.97
1518.23,2472.48,1.6285,0.1409,2304.76,-6.7838,150.14,491,3.27,0.9096,0.9871,3.151,0,4,0,0.9505,0,1,0,2080.31
3615.59,4733.18,1.3091,0.1676,4037.97,-14.688,5.37,197,36.656,0.6095,0.9484,26.981,4,2,0,0.9642,1,7,0,4193.55
1550.0,2837.32,1.8305,0.194,2733.4,-3.6626,18.36,376,20.474,1.2076,0.8353,16.468,0,4,0,0.9976,0,8,2,2463.45
3313.99,6549.54,1.9763,0.1662,5811.86,-11.263,3.34,161,48.212,0.6497,0.9168,54.804,5,5,0,0.994,0,2,2,5546.11
3861.85,5146.09,1.3325,0.251,4412.21,-14.261,7.17,207,28.851,1.9371,0.8823,28.511,0,11,1,1.0205,0,8,0,4935.81
1484.21,1942.65,1.3089,0.1659,1790.37,-7.8389,7.94,308,38.797,0.2675,0.9481,38.389,1,3,1,1.0691,0,5,0,1721.5
769.74,1182.86,1.5367,0.1276,1088.09,-8.0125,9.4,406,43.198,0.8501,0.778,45.744,5,2,0,0.9753,0,5,0,981.73
1089.38,1945.2,1.7856,0.1798,1631.79,-16.1121,9.56,426,44.553,0.6407,0.8591,52.266,0,6,0,0.9962,0,6,0,1704.54
3226.99,4483.45,1.3894,0.296,4634.3,3.3647,1.63,43,26.405,1.4278,0.8599,20.996,4,12,1,1.1081,1,4,2,5059.78
4322.51,5043.93,1.1669,0.1452,4669.35,-7.4263,14.04,287,20.44,2.0475,0.7621,16.431,4,10,1,1.0547,0,5,0,5638.71
702.49,1131.03,1.61,0.2224,983.22,-13.0685,17.21,490,28.465,0.721,0.7042,21.999,2,4,0,0.9972,1,0,0,978.88
3803.68,7467.05,1.9631,0.1866,8418.64,12.7439,13.43,278,20.701,0.6257,0.7838,26.127,2,7,0,1.0062,1,2,0,6329.93
2035.93,3018.45,1.4826,0.1142,2417.87,-19.897,31.5,403,12.795,1.3798,0.9652,13.388,6,6,0,0.9926,0,8,0,2594.61
2653.38,3998.94,1.5071,0.1976,3925.83,-1.8283,16.24,274,16.872,0.4087,0.8682,12.748,0,8,0,1.0113,0,4,0,3327.54
4679.87,9236.03,1.9736,0.2404,8995.69,-2.6022,17.73,220,12.406,1.1312,0.7501,10.326,5,5,0,0.9799,0,4,1,7779.41
1993.87,3470.17,1.7404,0.2026,3707.73,6.846,32.04,455,14.202,0.9833,0.7667,16.125,5,6,0,1.0181,0,7,1,2868.17
2594.02,4568.83,1.7613,0.2744,4366.71,-4.424,50.83,284,5.587,0.8963,0.9512,4.008,3,9,0,0.9524,1,1,1,3926.48
561.57,914.4,1.6283,0.1578,919.06,0.5087,6.62,145,21.897,0.6574,0.824,24.861,6,11,1,1.0722,0,6,2,839.91
867.19,1715.67,1.9784,0.1172,1995.98,16.338,5.43,68,12.529,0.348,0.6736,15.622,5,5,0,0.9559,0,8,0,1429.63
1663.66,2887.35,1.7355,0.2873,2504.23,-13.2687,6.05,139,22.97,1.6273,0.5268,16.856,6,9,0,0.9807,0,6,2,2548.21
625.34,1194.88,1.9108,0.1756,1006.33,-15.7797,0.23,9,39.818,1.3698,0.9071,32.326,5,3,1,1.0835,0,4,0,1010.32
3341.19,5828.61,1.7445,0.2153,6403.91,9.8703,4.79,110,22.967,0.9715,0.7258,16.11,4,9,0,0.981,0,5,1,4892.41
2418.79,4292.99,1.7748,0.2584,4710.1,9.7161,0.75,36,47.776,1.1216,0.9523,36.569,0,2,0,0.9647,1,3,0,3643.35
2966.65,4143.97,1.3968,0.1649,4839.57,16.7858,9.7,80,8.244,0.9274,0.9195,8.823,5,8,0,0.9662,0,6,2,4025.31
1285.91,1810.51,1.408,0.2432,2160.41,19.3263,2.23,95,42.663,1.6341,0.8247,31.011,2,1,1,1.0781,0,0,2,2152.37
1831.69,3325.51,1.8155,0.1271,3171.72,-4.6246,4.1,54,13.165,0.9054,0.6894,12.579,4,9,0,0.9537,1,3,0,2840.12
3487.21,4889.77,1.4022,0.1583,4650.03,-4.9029,2.8,131,46.763,0.9843,0.8632,46.858,1,7,0,1.0194,0,2,2,5413.53
4843.86,7887.53,1.6284,0.1289,9164.22,16.1863,18.3,222,12.13,1.0764,0.6872,15.09,6,10,1,1.0799,0,3,1,6733.3
726.88,989.97,1.3619,0.2622,1132.8,14.4285,10.19,383,37.601,0.8249,0.9597,37.021,5,1,1,1.0229,0,0,0,1043.36
4506.73,8312.37,1.8444,0.1445,7898.22,-4.9824,15.33,62,4.044,0.9547,0.8917,3.176,2,11,1,1.0383,0,1,1,6956.79
3095.97,3851.15,1.2439,0.2435,3198.45,-16.9481,14.85,473,31.861,0.9363,0.782,27.833,5,1,1,1.0812,1,8,1,4026.51
3037.64,5634.91,1.855,0.2887,5817.98,3.249,0.94,11,11.715,0.7099,0.637,12.925,1,8,0,0.987,1,6,2,4755.96
2751.25,4573.46,1.6623,0.2056,4150.33,-9.252,4.29,145,33.838,0.621,0.836,25.963,4,9,0,0.9935,0,5,0,3878.78
812.27,1063.16,1.3089,0.208,1236.92,16.3438,8.18,263,32.156,0.9059,0.7233,26.98,3,2,0,1.0044,0,1,1,1101.65
904.45,1456.82,1.6107,0.1922,1635.2,12.2447,0.67,31,46.261,0.8595,0.8792,60.022,6,3,1,1.056,0,0,1,1537.92
3204.1,4454.1,1.3901,0.1652,5168.49,16.0389,14.73,467,31.707,1.6976,0.8797,22.3,0,2,0,0.9775,0,1,0,4059.9
2034.31,2898.79,1.4249,0.1951,2412.85,-16.7634,2.29,48,21.004,0.6181,0.9234,16.621,0,1,1,1.0664,1,6,2,2844.27
4627.71,6704.62,1.4488,0.2206,7682.45,14.5845,34.24,359,10.485,0.7566,0.652,12.647,3,2,0,0.951,1,1,1,5697.2
2329.66,2804.49,1.2038,0.2972,2908.91,3.7234,13.43,446,33.215,1.0967,0.7255,25.271,0,8,0,0.9677,0,2,0,2851.51
1144.77,2275.87,1.9881,0.2876,2016.81,-11.3829,68.64,460,6.702,1.2203,0.713,4.827,5,2,0,0.9864,0,7,0,1899.77
3716.23,4373.28,1.1768,0.2724,4025.63,-7.9495,4.47,186,41.597,0.9328,0.5116,32.146,5,9,0,1.0101,0,6,1,4991.9
1820.09,3118.04,1.7131,0.2778,3063.95,-1.7346,26.07,342,13.119,1.5057,0.8718,14.643,0,1,1,1.0975,0,8,1,2656.96
2864.62,4198.22,1.4655,0.1936,4412.57,5.1058,16.86,450,26.684,0.9491,0.7437,34.579,6,6,0,1.0043,0,3,1,3617.85
3640.25,6185.18,1.6991,0.2315,5523.93,-10.6909,3.24,98,30.201,0.6478,0.7728,31.844,1,6,0,0.9686,0,6,2,5307.23
4551.19,6612.02,1.4528,0.279,5837.2,-11.7183,8.85,166,18.762,0.9806,0.8774,14.533,0,6,0,1.0179,0,0,2,6684.76
4064.86,7002.49,1.7227,0.1786,8100.93,15.6864,9.1,305,33.53,1.4515,0.8892,27.168,1,7,0,0.9511,1,1,0,5975.93
3543.62,6271.69,1.7699,0.2924,7137.73,13.8089,15.99,212,13.261,1.6261,0.8238,13.56,0,1,1,1.0668,0,6,0,5354.47
3558.35,6180.75,1.737,0.1832,6840.3,10.6711,73.43,198,2.697,1.6036,0.8877,3.046,5,9,0,0.9515,0,1,1,5328.01
4756.66,5930.93,1.2469,0.2202,6549.86,10.4356,5.1,245,48.004,1.1017,0.725,52.696,0,11,1,1.0482,1,5,0,6283.72
1831.21,3128.36,1.7084,0.242,3461.19,10.639,9.17,153,16.682,1.1403,0.668,17.43,2,5,0,1.0134,0,9,2,2676.05
505.0,700.94,1.388,0.2901,819.85,16.964,11.29,406,35.96,1.343,0.8139,46.451,6,8,0,0.9693,0,8,0,694.07
1723.8,2024.57,1.1745,0.1489,2302.92,13.7488,3.67,95,25.869,0.443,0.9286,21.182,6,2,0,0.9664,0,4,0,2011.14
1480.51,2224.63,1.5026,0.2492,2125.47,-4.457,1.84,62,33.781,0.6985,0.819,27.151,6,5,0,0.9687,0,9,1,2112.74
3478.26,5281.77,1.5185,0.2042,5221.14,-1.1479,29.99,193,6.436,1.1611,0.9225,7.822,3,7,0,1.0062,1,6,1,4479.26
3351.7,5185.41,1.5471,0.1537,5402.29,4.1825,15.97,422,26.424,0.6108,0.9027,23.107,2,3,1,1.1009,1,0,2,4390.53
3170.58,5545.66,1.7491,0.2553,5491.53,-0.976,15.88,321,20.219,1.7784,0.8862,18.187,0,12,1,1.1158,0,7,0,4839.19
573.1,809.51,1.4125,0.2104,743.75,-8.1225,15.47,358,23.141,1.7053,0.8403,23.816,1,7,0,1.0101,0,8,0,688.95
3779.5,5359.29,1.418,0.2322,6133.49,14.446,6.23,301,48.344,0.7626,0.5812,44.9,0,7,0,0.9723,0,4,0,5026.86
1955.89,2349.94,1.2015,0.1646,2635.17,12.138,51.84,398,7.678,0.6356,0.841,6.7,6,11,1,1.0394,0,5,1,2419.82
3492.75,6055.73,1.7338,0.1963,5788.93,-4.4056,7.14,271,37.98,1.2399,0.9027,47.487,4,10,1,1.0834,0,7,2,5353.04
3004.6,4905.47,1.6327,0.2235,4149.37,-15.4133,21.82,375,17.187,0.5281,0.8145,13.364,4,2,0,0.9894,0,3,0,4078.36
2042.29,2955.22,1.447,0.181,2369.93,-19.8052,5.84,89,15.228,1.0724,0.8616,14.353,4,8,0,0.9924,1,1,0,2556.33
1105.59,1934.14,1.7494,0.1397,1618.83,-16.3022,22.92,327,14.268,4.117,0.5559,10.013,4,12,1,1.1031,0,9,0,1627.75
924.89,1486.06,1.6068,0.2923,1280.83,-13.8103,14.98,271,18.09,0.604,0.9206,21.427,6,9,0,0.9831,0,7,0,1246.64
4241.83,6570.0,1.5489,0.2023,6984.67,6.3116,4.54,84,18.499,0.6763,0.6772,14.818,0,6,0,1.0107,0,1,2,5733.52
4632.79,7341.24,1.5846,0.2468,6517.88,-11.2155,20.61,294,14.267,0.7344,0.6766,16.603,4,6,0,0.986,0,4,2,6349.94
3424.05,5789.71,1.6909,0.1822,6101.95,5.393,11.69,394,33.707,0.6383,0.5699,26.6,3,8,0,0.9913,0,5,2,5014.71
965.45,1651.89,1.711,0.171,1538.46,-6.8671,141.09,471,3.338,0.6547,0.8827,3.172,0,5,0,0.9876,0,4,1,1359.78
2309.12,3222.64,1.3956,0.1814,3731.89,15.8021,2.03,35,17.282,2.362,0.9409,19.649,2,1,1,1.0328,0,5,0,3682.92
3780.23,4799.5,1.2696,0.1818,4740.13,-1.2369,1.15,17,14.73,1.0319,0.8581,12.704,0,10,1,1.0658,0,5,0,5524.23
4009.19,5144.35,1.2831,0.2088,5500.03,6.914,10.74,406,37.819,1.5757,0.9154,33.597,1,9,0,1.0119,1,2,0,4610.57
1031.98,1747.65,1.6935,0.2087,1720.35,-1.5621,9.29,76,8.178,1.8216,0.8559,8.999,6,3,1,1.0974,0,2,0,1488.05
500.14,946.23,1.8919,0.1994,1102.38,16.5016,1.02,48,47.094,0.4057,0.7943,38.269,6,7,0,0.9575,0,8,2,790.58
3704.62,5549.78,1.4981,0.127,5965.82,7.4964,52.48,491,9.355,0.6807,0.8919,11.891,3,6,0,0.9967,0,2,1,4790.41
2104.68,2723.65,1.2941,0.1992,2878.53,5.6863,25.98,497,19.131,0.6354,0.7227,15.559,0,11,1,1.1121,0,2,1,2889.03
1645.17,2949.97,1.7931,0.1338,3058.88,3.692,39.41,425,10.785,0.2682,0.9251,12.403,2,4,0,0.9568,0,1,0,2495.44
558.04,1036.62,1.8576,0.1252,1239.22,19.5445,23.79,358,15.048,1.2374,0.6977,17.78,1,7,0,0.9543,0,6,2,865.56
2931.35,5565.15,1.8985,0.2865,5976.43,7.3903,6.14,235,38.29,1.164,0.9514,35.404,5,9,0,0.9988,0,9,1,4753.83
4330.18,7213.24,1.6658,0.221,7946.51,10.1656,1.77,43,24.344,1.9371,0.8115,19.323,1,4,0,0.9778,1,9,1,6051.82
4809.34,9049.35,1.8816,0.2319,7535.26,-16.7315,12.05,108,8.966,1.2675,0.8038,7.169,2,11,1,1.0664,1,3,0,7798.25
3045.85,3542.64,1.1631,0.1804,3987.91,12.5689,38.96,128,3.285,0.2715,0.9427,4.242,6,6,0,0.9649,0,0,1,3502.73
2815.08,3493.93,1.2412,0.2818,3629.1,3.8687,0.49,6,12.266,0.704,0.7483,13.925,5,3,1,1.0669,0,5,0,4016.97
882.75,1084.63,1.2287,0.2276,1013.77,-6.5335,6.4,303,47.335,0.7299,0.8577,45.916,2,12,1,1.0777,0,4,2,1236.1
2969.93,5214.34,1.7557,0.2538,5384.73,3.2676,2.62,111,42.421,1.2913,0.788,36.245,2,3,1,1.0366,0,1,0,4742.21
2209.91,2672.1,1.2091,0.1737,2806.29,5.022,9.39,212,22.569,0.2654,0.8936,16.054,6,7,0,0.951,0,5,1,2541.39
3232.11,5080.58,1.5719,0.292,4593.23,-9.5924,16.21,399,24.618,1.3126,0.8886,27.136,2,9,0,0.9757,0,0,0,4212.78
2249.27,3490.42,1.5518,0.2641,3402.55,-2.5174,6.72,303,45.069,1.483,0.935,57.425,6,5,0,1.0003,0,2,0,3175.89
1581.35,2236.18,1.4141,0.2708,2434.17,8.8539,15.38,461,29.976,0.8824,0.9307,22.905,4,3,1,1.0365,0,3,0,2017.63
927.34,1752.54,1.8898,0.1344,1560.35,-10.9661,9.65,426,44.158,0.6707,0.4413,50.9,3,6,0,0.9675,1,2,0,1455.84
1917.13,2482.43,1.2949,0.1542,2816.2,13.445,12.19,306,25.1,1.8023,0.7856,19.878,2,8,0,0.9571,1,5,0,2228.91
934.9,1355.23,1.4496,0.1571,1126.21,-16.8989,33.5,362,10.805,0.5007,0.8461,12.698,4,11,1,1.0949,0,3,0,1129.91
1296.04,2343.29,1.808,0.1542,2419.42,3.2487,1.78,65,36.57,1.7733,0.9111,33.73,0,12,1,1.0827,0,0,1,2094.64
4943.01,5812.29,1.1759,0.2711,5532.57,-4.8125,1.12,30,26.793,1.5751,0.9361,30.202,1,4,0,0.9743,0,4,0,6630.15
2498.47,4302.38,1.722,0.1064,3533.65,-17.8675,8.71,294,33.754,1.3236,0.903,42.387,6,7,0,0.9584,0,4,1,3757.93
2893.42,5335.29,1.8439,0.1152,5921.08,10.9795,30.33,264,8.704,2.4804,0.8385,9.332,6,7,0,1.0124,0,8,0,4463.26
4431.28,8607.45,1.9424,0.1548,8767.69,1.8617,9.04,296,32.732,1.0085,0.8774,40.995,0,5,0,0.9727,0,7,2,7144.78
4980.06,9436.48,1.8949,0.14,10249.24,8.613,16.12,318,19.731,1.3641,0.9287,16.594,0,10,1,1.0683,0,7,0,8353.52
3122.22,4438.16,1.4215,0.1464,4225.34,-4.7951,0.75,13,17.268,0.9763,0.8277,22.222,5,2,0,0.9691,0,4,1,4031.49
4156.13,6851.01,1.6484,0.2596,7836.51,14.3848,1.68,57,33.902,0.8516,0.5218,41.487,4,4,0,1.0108,1,7,1,5971.35
1971.23,2396.43,1.2157,0.2126,1997.38,-16.6517,15.22,457,30.02,1.3026,0.8038,22.951,4,12,1,1.0877,0,9,2,2656.28
1875.85,2568.39,1.3692,0.1012,2294.45,-10.6659,15.09,495,32.806,0.8593,0.8747,31.104,2,5,0,0.9677,1,6,0,2157.22
2312.17,2844.17,1.2301,0.1859,3179.33,11.7841,7.1,343,48.301,1.0318,0.7329,60.677,2,3,1,1.0308,0,0,2,3364.35
3526.28,4999.95,1.4179,0.1816,5909.3,18.1872,6.82,241,35.359,1.0346,0.8892,26.408,4,4,0,0.9776,0,6,0,4657.36
3569.86,6761.0,1.8939,0.1228,7697.92,13.8578,10.86,352,32.404,0.8168,0.6392,31.505,3,12,1,1.0701,0,7,0,5523.31
1918.58,2772.52,1.4451,0.2352,2474.04,-10.7656,7.95,247,31.064,1.4439,0.7821,35.232,5,12,1,1.0741,0,2,1,2904.01
1099.44,1789.47,1.6276,0.2404,1681.06,-6.0585,4.72,97,20.537,0.4125,0.76,14.788,5,5,0,0.9753,1,8,2,1479.05
3345.78,5080.15,1.5184,0.2442,5619.65,10.6198,11.09,467,42.12,0.7064,0.9002,48.51,2,1,1,1.0227,0,7,2,4997.72
1077.47,1659.38,1.5401,0.2457,1955.6,17.8509,22.73,447,19.666,0.6146,0.8801,18.028,5,3,1,1.0271,0,1,1,1419.63
3103.22,6126.17,1.9741,0.1,5609.73,-8.4301,11.64,411,35.312,1.166,0.8858,30.002,0,9,0,1.0124,1,5,1,5186.42
3620.4,5074.83,1.4017,0.2908,4844.11,-4.5463,25.19,387,15.364,0.8879,0.9753,16.064,2,9,0,0.9751,0,3,2,4422.75
3652.75,6148.41,1.6832,0.2628,4974.98,-19.0851,19.54,161,8.24,0.4919,0.8544,8.459,2,9,0,0.9941,0,2,1,5043.3
3890.62,5863.38,1.5071,0.2808,5873.7,0.1761,52.59,387,7.358,1.265,0.8236,9.009,3,9,0,0.9849,0,5,0,5147.77
4427.87,5322.18,1.202,0.1031,4445.43,-16.4735,7.67,246,32.093,1.1205,0.8077,35.483,4,9,0,0.9959,0,9,2,5239.44
2749.82,4306.02,1.5659,0.2868,3592.24,-16.5763,19.04,325,17.07,1.0184,0.7902,16.27,3,4,0,0.9935,1,8,2,3692.9
3786.12,6971.54,1.8413,0.262,7700.25,10.4526,30.46,441,14.477,1.4775,0.5375,15.782,6,7,0,0.9934,0,1,1,5915.05
3286.28,4055.07,1.2339,0.2674,3801.9,-6.2432,11.36,341,30.011,1.2982,0.9009,34.515,2,1,1,1.0991,0,9,0,4724.76
1339.88,1620.12,1.2092,0.1187,1902.44,17.4256,1.33,3,2.258,0.89,0.9181,2.85,3,5,0,0.9705,1,9,2,1751.22
615.6,788.33,1.2806,0.2478,856.47,8.6433,23.34,305,13.065,1.2314,0.6446,14.666,5,11,1,1.0736,0,9,2,897.42
1780.44,3204.32,1.7997,0.292,2941.26,-8.2095,14.7,260,17.687,1.9833,0.5638,18.152,2,2,0,1.0086,1,4,0,2752.28
2493.65,4402.28,1.7654,0.2357,4722.56,7.2753,9.24,330,35.71,0.9262,0.761,32.989,3,10,1,1.1159,0,5,1,3840.12
3276.98,5342.34,1.6303,0.2141,6123.6,14.624,1.59,44,27.705,1.8649,0.9388,34.213,1,4,0,1.0103,1,3,1,4569.32
4324.82,6694.78,1.548,0.2891,6523.5,-2.5585,9.73,418,42.943,2.5795,0.6617,50.481,1,9,0,0.9616,0,6,1,5974.13
1383.11,2634.92,1.9051,0.1886,2700.03,2.4709,12.08,210,17.391,1.1794,0.8476,12.979,2,5,0,0.9888,0,1,1,2280.34
1064.97,1918.76,1.8017,0.2199,1701.93,-11.3005,15.65,243,15.526,0.6049,0.7983,17.384,3,2,0,0.9576,0,6,0,1587.5
4835.66,8898.34,1.8402,0.1953,8550.27,-3.9117,76.9,202,2.627,0.8619,0.7389,2.688,2,1,1,1.0913,0,1,0,7562.13
986.2,1815.86,1.8413,0.2866,1873.28,3.162,4.24,202,47.634,1.0848,0.9366,36.306,3,2,0,1.0179,0,0,2,1531.78
2653.21,4500.67,1.6963,0.1152,4708.56,4.6191,14.55,372,25.573,1.0101,0.8956,26.57,4,10,1,1.0918,1,4,2,3816.11
3135.04,4825.8,1.5393,0.2002,5250.54,8.8014,1.01,26,25.624,1.0666,0.6959,20.896,3,1,1,1.0384,0,1,0,4842.35
2936.18,5534.64,1.885,0.2374,6547.15,18.2941,8.32,385,46.248,1.8358,0.8794,52.024,3,3,1,1.0637,0,7,2,4853.03
887.14,1718.49,1.9371,0.2584,1951.2,13.5415,28.74,437,15.206,0.6537,0.6745,13.185,6,11,1,1.0214,0,7,0,1471.36
756.62,885.42,1.1702,0.2166,1009.95,14.0635,28.6,494,17.273,1.2021,0.6905,13.649,2,8,0,0.997,0,0,1,957.38
974.68,1163.59,1.1938,0.2818,1190.36,2.3005,3.53,117,33.161,1.5851,0.8052,24.844,3,12,1,1.0281,1,3,0,1314.98
3135.14,6160.35,1.9649,0.2884,5283.54,-14.2331,11.53,455,39.474,0.8822,0.6327,39.256,2,7,0,0.9632,0,8,0,5125.15
2949.55,4086.86,1.3856,0.1129,4308.35,5.4197,6.38,225,35.266,0.5987,0.7643,28.911,2,1,1,1.1104,1,4,2,4058.33
1551.83,2936.63,1.8924,0.1805,2826.52,-3.7497,9.05,359,39.647,0.9024,0.8891,48.095,0,10,1,1.0375,1,9,0,2588.95
3369.98,4989.18,1.4805,0.1047,4054.89,-18.7264,16.0,467,29.18,0.5941,0.8243,20.479,6,3,1,1.0725,0,5,1,4267.29
4190.3,5243.05,1.2512,0.1659,4603.1,-12.2059,10.86,470,43.278,0.7024,0.6869,52.202,2,7,0,0.989,0,2,1,4894.82
687.11,837.15,1.2184,0.2074,923.91,10.363,16.53,462,27.955,1.3374,0.7546,28.309,3,5,0,0.9643,0,4,2,907.09
2741.58,3517.54,1.283,0.2822,3701.87,5.2402,35.22,431,12.238,1.1413,0.8614,15.337,6,6,0,0.9641,0,0,2,3449.85
3601.9,4907.26,1.3624,0.2693,5846.37,19.1373,7.41,204,27.543,1.4276,0.7241,22.662,1,5,0,0.9939,0,7,0,4951.28
1635.4,2559.8,1.5652,0.1255,2993.37,16.9378,6.85,246,35.934,1.2737,0.9378,27.359,4,8,0,0.9782,0,5,2,2459.68
1884.97,3291.67,1.7463,0.1186,3415.78,3.7704,14.47,478,33.025,0.9021,0.7174,35.501,3,1,1,1.0538,0,1,1,2720.24
3261.37,6485.04,1.9884,0.2179,5589.95,-13.8023,3.72,48,12.908,0.6035,0.9684,14.509,5,7,0,0.9769,0,3,2,5426.07
4540.71,6925.86,1.5253,0.2064,6472.48,-6.5462,121.15,365,3.013,1.1757,0.7181,2.783,6,9,0,0.9906,0,3,2,5762.77
4144.66,6591.9,1.5905,0.1533,5887.92,-10.6796,18.85,252,13.372,0.7655,0.8335,9.47,6,9,0,0.9919,1,8,1,5478.51
3124.09,4978.37,1.5935,0.2799,4919.65,-1.1793,1.56,77,49.218,0.9327,0.8943,46.471,3,3,1,1.1186,1,8,0,4976.8
3786.0,6089.85,1.6085,0.2855,6822.03,12.0229,25.5,256,10.039,0.6995,0.9159,8.435,3,4,0,1.0151,0,4,0,5193.04
2141.7,3405.48,1.5901,0.1805,3843.89,12.8739,5.01,119,23.754,1.5714,0.9239,21.58,0,4,0,0.9642,0,2,2,3224.95
3384.34,3917.24,1.1575,0.2781,3412.8,-12.8774,14.68,474,32.279,0.3261,0.889,32.41,1,8,0,0.9843,1,0,1,3892.0
2597.82,2991.3,1.1515,0.1768,3050.03,1.9635,9.43,416,44.094,1.2938,0.8921,49.447,3,12,1,1.1175,0,5,1,3383.8
1354.71,1670.38,1.233,0.2474,1788.47,7.0693,0.89,34,38.253,1.0774,0.8418,48.884,5,7,0,1.0037,0,7,1,1969.9
3657.82,4522.25,1.2363,0.1952,4335.27,-4.1347,9.6,437,45.539,1.558,0.7075,35.812,2,8,0,0.9635,1,0,0,4206.5
3004.09,5254.64,1.7492,0.1245,6106.81,16.2175,10.16,311,30.615,0.5427,0.9058,33.919,1,5,0,0.9658,0,0,1,4571.84
2113.8,2799.04,1.3242,0.2856,2641.2,-5.6392,3.27,142,43.401,0.9772,0.9413,36.453,1,3,1,1.0548,0,6,1,3320.2
4601.03,8790.29,1.9105,0.1908,8755.61,-0.3946,14.07,196,13.928,0.8074,0.9104,11.594,3,9,0,1.0013,0,6,0,7406.84
594.2,1152.35,1.9393,0.2469,1192.37,3.4734,21.9,484,22.098,0.924,0.9313,23.868,6,9,0,0.9659,0,1,1,958.88
1920.98,3802.6,1.9795,0.1734,3692.1,-2.9059,6.12,259,42.345,1.0089,0.8874,49.357,2,10,1,1.0902,0,2,0,3186.04
755.97,1472.79,1.9482,0.1038,1745.92,18.5454,21.53,365,16.953,0.7868,0.9472,21.812,1,10,1,1.0241,0,1,2,1303.01
3949.37,5454.5,1.3811,0.1201,6022.78,10.4186,1.9,83,43.69,0.9473,0.5321,50.737,6,2,0,1.0188,0,5,2,6191.66
3659.48,5794.1,1.5833,0.1992,6556.8,13.1633,10.16,191,18.793,1.858,0.8236,14.929,4,8,0,0.9954,0,7,2,5349.77
1991.08,2586.69,1.2991,0.238,2848.08,10.1052,25.84,486,18.806,2.0619,0.9839,15.708,2,12,1,1.0909,0,7,2,2906.52
3540.48,6497.77,1.8353,0.1669,6726.77,3.5243,1.3,21,16.143,1.1268,0.8149,18.674,1,3,1,1.071,0,0,2,5640.27
2281.72,4347.05,1.9052,0.2391,3526.61,-18.8734,0.83,23,27.8,2.0818,0.9147,28.25,1,12,1,1.0217,0,8,0,3529.62
3903.14,7312.91,1.8736,0.2397,8087.33,10.5897,58.71,430,7.324,0.4858,0.5099,6.425,2,9,0,0.9627,0,7,0,5996.22
2543.83,3862.45,1.5184,0.2408,4036.56,4.5078,26.49,74,2.794,1.4954,0.8711,2.746,0,2,0,0.9617,0,8,0,3435.59
2355.26,4227.39,1.7949,0.1985,3518.43,-16.7707,8.12,365,44.973,1.1121,0.9418,56.169,2,12,1,1.0296,1,8,1,3557.07
4706.28,5802.58,1.2329,0.283,4917.29,-15.2567,2.86,133,46.518,0.8307,0.7443,53.652,4,9,0,1.0176,0,5,2,6597.11
1628.96,1929.02,1.1842,0.1978,1914.51,-0.7523,86.64,410,4.732,1.3587,0.6835,4.592,0,2,0,0.978,1,2,1,1873.3
1042.01,1865.46,1.7903,0.1901,2128.75,14.1135,14.07,393,27.935,1.0814,0.9936,35.99,3,7,0,0.9647,1,0,1,1573.52
3130.44,4731.83,1.5116,0.1399,4833.56,2.1499,6.05,166,27.444,0.7411,0.6542,32.3,0,7,0,0.973,0,7,1,3937.25
4861.95,9705.5,1.9962,0.1615,11334.54,16.7846,23.74,457,19.249,1.4187,0.8286,13.542,4,8,0,0.9834,0,9,2,8250.91
2200.28,2712.21,1.2327,0.1085,3054.65,12.6261,3.77,109,28.876,0.9777,0.7204,22.16,4,12,1,1.1066,0,2,1,3206.08
779.17,1462.71,1.8773,0.2267,1539.23,5.2313,3.8,89,23.448,0.6996,0.9317,24.207,4,4,0,0.9713,0,6,2,1239.51
2026.87,3157.84,1.558,0.1497,2922.09,-7.4655,1.44,36,24.992,1.4997,0.8174,22.742,1,4,0,0.96,1,9,2,2657.71
2776.69,5145.43,1.8531,0.1608,5871.41,14.1093,8.13,309,38.012,0.4265,0.8485,45.14,0,8,0,0.9563,0,5,2,4345.88
1228.65,2266.32,1.8446,0.2542,2410.64,6.3677,17.93,480,26.772,2.274,0.6751,33.128,4,6,0,1.0136,0,2,1,2059.73
3461.46,6675.75,1.9286,0.1654,6816.65,2.1106,2.97,50,16.859,1.5735,0.9424,14.236,5,6,0,0.9699,0,5,2,5615.49
4989.87,7001.65,1.4032,0.1484,7003.4,0.0249,2.0,59,29.491,0.3885,0.821,34.15,0,10,1,1.0829,0,2,2,7633.21
2532.83,4957.58,1.9573,0.1338,4388.08,-11.4875,2.19,71,32.397,1.8348,0.6615,33.085,5,5,0,0.999,0,8,0,4212.79
2096.28,2680.97,1.2789,0.255,2161.65,-19.3705,3.8,127,33.453,1.0434,0.8691,31.285,0,10,1,1.0816,0,0,1,3057.9
2303.17,2809.11,1.2197,0.1259,3052.39,8.6603,9.78,306,31.297,0.3575,0.8293,36.682,3,3,1,1.0929,0,7,0,2931.05
1018.16,1544.42,1.5169,0.1908,1803.64,16.7844,1.82,61,33.566,0.3942,0.8191,34.873,5,2,0,1.0189,0,4,0,1375.67
4474.73,8296.49,1.8541,0.2014,7246.69,-12.6535,18.77,304,16.195,1.3314,0.8488,17.509,3,8,0,1.0035,0,3,1,7073.61
2366.72,3674.11,1.5524,0.2375,4313.0,17.3889,7.79,178,22.861,0.5791,0.7484,16.856,6,12,1,1.109,0,0,0,3474.26
2242.73,4160.03,1.8549,0.2267,3447.69,-17.1235,0.8,27,33.767,0.6457,0.5128,35.507,3,1,1,1.1152,0,8,2,3740.34
3468.61,6140.24,1.7702,0.2621,6269.1,2.0986,6.3,239,37.964,1.054,0.78,33.425,5,1,1,1.0818,0,8,0,5484.78
2489.15,3305.63,1.328,0.109,2797.3,-15.3776,18.81,419,22.273,1.2878,0.8541,22.184,6,12,1,1.035,0,4,0,2862.52
3417.05,6685.63,1.9565,0.1593,7726.19,15.5642,12.22,231,18.901,1.1122,0.9257,15.749,1,5,0,0.9925,0,8,2,5780.31
776.51,933.1,1.2017,0.156,785.02,-15.8704,4.21,152,36.078,0.6356,0.8338,38.556,6,5,0,1.0006,0,9,0,892.98
4161.76,7963.68,1.9135,0.1292,7170.67,-9.9578,35.25,419,11.886,0.6873,0.7283,9.372,6,2,0,0.951,0,8,2,6637.95
4732.27,6666.71,1.4088,0.1578,7482.54,12.2374,226.6,332,1.465,0.5884,0.9076,1.134,1,10,1,1.0571,0,6,1,5615.8
3419.44,5386.06,1.5751,0.162,5792.14,7.5395,18.39,443,24.087,1.1221,0.9556,19.584,3,7,0,0.9695,0,7,0,4565.72
4795.55,7236.48,1.509,0.2044,6912.65,-4.4749,0.63,6,9.495,1.0941,0.7258,11.304,4,1,1,1.0715,1,0,1,7189.97
1181.45,1531.22,1.2961,0.2327,1737.49,13.4708,3.28,64,19.536,1.2204,0.8658,14.068,2,4,0,0.9863,0,3,0,1634.07
2648.37,3851.86,1.4544,0.1762,4060.94,5.428,29.86,456,15.27,1.0964,0.8827,17.374,5,4,0,0.9694,0,9,2,3332.59
3208.13,4215.46,1.314,0.2439,3810.41,-9.6089,3.12,122,39.086,1.0581,0.9358,28.685,6,2,0,0.988,0,9,0,4036.84
3117.81,4125.82,1.3233,0.1672,4522.34,9.6108,27.55,475,17.239,1.5632,0.9391,18.189,1,3,1,1.0459,1,3,1,3660.46
2306.58,3019.31,1.309,0.1581,2817.69,-6.6776,1.08,35,32.393,1.05,0.7891,37.71,2,2,0,1.0058,0,8,2,3409.55
2021.38,3164.8,1.5657,0.2082,3564.5,12.6295,6.97,237,34.022,1.5557,0.6588,28.532,1,6,0,1.0165,0,2,2,3125.59
1070.71,1957.51,1.8282,0.1047,2178.0,11.2637,20.41,477,23.366,0.8218,0.9029,19.104,0,2,0,0.9941,0,9,1,1585.84
2262.84,3696.63,1.6336,0.116,3413.5,-7.6593,14.48,72,4.973,0.6748,0.9267,4.344,6,7,0,0.96,0,9,1,3160.71
1231.97,2352.12,1.9092,0.1836,1979.21,-15.8539,0.82,29,35.318,1.8228,0.8535,39.548,4,6,0,1.0024,0,0,0,1949.24
3804.65,6433.89,1.6911,0.2886,7259.46,12.8315,48.26,226,4.683,0.7907,0.8279,3.994,1,10,1,1.0694,0,4,0,5470.63
1439.74,2499.3,1.7359,0.2443,2363.79,-5.422,51.52,302,5.861,0.9468,0.6129,5.868,0,2,0,0.9757,1,6,2,2130.88
763.54,1311.36,1.7175,0.1176,1219.73,-6.9871,32.63,346,10.604,0.6612,0.7547,8.278,4,3,1,1.0766,0,3,1,1104.98
2985.65,4574.13,1.532,0.2693,3692.59,-19.2723,19.27,284,14.738,2.701,0.9429,14.395,5,8,0,0.9545,0,8,1,3896.53
3178.53,5517.74,1.7359,0.2465,6016.26,9.0349,0.09,4,42.476,0.4652,0.8832,45.655,1,1,1,1.0297,1,5,0,4555.53
4423.61,5349.26,1.2093,0.2222,4865.83,-9.0373,1.88,64,34.071,1.6345,0.8194,25.318,4,9,0,0.9533,0,5,0,5966.28
3096.42,5823.97,1.8809,0.2641,5674.58,-2.5651,11.72,234,19.973,0.3944,0.7893,23.753,1,2,0,0.9746,0,2,2,5187.3
2054.66,3721.28,1.8111,0.1808,4316.39,15.9918,2.33,114,48.953,0.8277,0.8775,61.801,3,8,0,0.9695,0,9,1,3106.1
4113.55,5588.04,1.3584,0.1443,4750.52,-14.9877,34.94,452,12.937,1.4479,0.9456,10.558,1,8,0,0.9628,0,9,1,4848.73
2931.26,5284.55,1.8028,0.2024,4308.05,-18.4784,10.3,318,30.881,2.3156,0.8399,35.688,1,8,0,1.0097,0,4,1,4457.12
856.76,994.48,1.1607,0.2098,1018.55,2.4203,5.76,245,42.513,0.8875,0.7008,37.755,0,4,0,0.9922,0,9,1,1138.33
3046.33,4065.81,1.3347,0.2077,4390.84,7.9941,8.64,348,40.299,0.7632,0.7963,44.572,3,2,0,0.9975,0,5,0,3503.28
4586.08,5527.91,1.2054,0.213,5590.2,1.1268,80.92,439,5.425,1.1072,0.8662,4.796,2,11,1,1.0344,0,3,0,5317.82
2283.41,4140.26,1.8132,0.2897,3874.58,-6.4169,0.45,16,35.166,2.2833,0.8239,42.812,4,2,0,1.0023,0,2,0,3758.99
1833.47,3286.48,1.7925,0.2804,3104.31,-5.5428,28.02,382,13.635,1.0886,0.8569,12.384,6,7,0,0.9759,1,4,2,2811.4
1145.61,2109.75,1.8416,0.2751,1814.09,-14.0141,16.6,306,18.431,1.291,0.9121,22.289,2,1,1,1.0903,0,6,1,1749.81
1181.5,1363.23,1.1538,0.2603,1260.56,-7.5314,14.74,368,24.961,0.7262,0.8497,28.946,2,2,0,0.9558,0,5,0,1401.59
2447.47,3857.33,1.576,0.2887,4256.78,10.3554,0.91,36,39.747,1.5755,0.7557,32.505,6,3,1,1.0959,0,1,1,4468.04
3180.56,5563.15,1.7491,0.1197,5561.24,-0.0344,37.51,343,9.144,0.457,0.8771,7.262,3,7,0,0.9574,0,0,0,4770.04
862.77,1106.15,1.2821,0.153,1279.04,15.6303,58.71,371,6.319,1.8708,0.9319,7.38,3,11,1,1.0351,0,4,2,1153.41
4728.06,8048.68,1.7023,0.199,6979.82,-13.2799,44.61,380,8.519,1.9434,0.6033,7.958,3,12,1,1.0861,0,4,0,6817.72
3898.1,4761.51,1.2215,0.2693,4651.84,-2.3031,18.64,218,11.693,2.7467,0.716,14.846,0,8,0,1.0068,0,5,2,5400.85
3139.81,4094.71,1.3041,0.201,4424.92,8.0643,34.73,136,3.916,1.9414,0.9124,4.956,0,4,0,0.9806,0,2,1,3841.93
4227.97,6572.08,1.5544,0.2496,5973.46,-9.1085,5.28,245,46.391,0.7636,0.7757,51.777,4,4,0,0.971,0,0,0,5537.22
860.84,1468.19,1.7055,0.1278,1331.26,-9.3262,2.22,37,16.635,2.0808,0.9018,16.641,3,10,1,1.0993,0,3,0,1298.5
2645.77,3370.69,1.274,0.1505,2838.93,-15.7759,25.85,250,9.672,1.7596,0.874,7.902,2,1,1,1.1162,1,3,0,3108.15
3335.42,4360.86,1.3074,0.2464,5046.27,15.7172,1.61,52,32.254,0.696,0.9473,39.654,4,1,1,1.075,0,9,1,5093.69
4228.94,5598.18,1.3238,0.1329,4864.88,-13.0988,10.01,396,39.563,1.1099,0.8241,29.64,0,7,0,0.9737,0,1,2,4863.28
4025.61,5446.23,1.3529,0.1703,6470.4,18.8051,9.1,345,37.908,0.233,0.8362,34.96,6,11,1,1.0663,1,7,2,5005.77
1746.81,2345.22,1.3426,0.153,2297.22,-2.0465,8.5,308,36.217,0.5017,0.8636,32.288,6,9,0,1.0089,0,5,0,2008.83
4733.96,7034.08,1.4859,0.17,8389.65,19.2714,58.11,202,3.476,1.5075,0.6862,4.432,1,2,0,0.9567,0,2,1,6136.73
1059.56,1807.31,1.7057,0.2417,1475.02,-18.3859,9.51,374,39.326,2.2648,0.957,30.315,1,12,1,1.05,0,0,2,1739.05
4438.1,6756.24,1.5223,0.1736,6937.56,2.6837,18.4,471,25.592,1.5105,0.7404,31.583,4,9,0,0.9633,0,2,2,5749.15
4869.23,8811.25,1.8096,0.2111,9483.86,7.6336,11.4,374,32.805,1.0281,0.3943,31.948,0,11,1,1.0936,1,7,2,7593.69
1297.19,2284.84,1.7614,0.12,2299.79,0.654,10.03,480,47.865,0.5966,0.4374,34.869,4,7,0,0.9899,1,3,2,1876.07
3749.3,4714.92,1.2575,0.261,4847.13,2.8041,1.18,48,40.723,1.3801,0.7189,46.315,0,11,1,1.0387,0,2,2,5566.91
681.28,811.76,1.1915,0.174,824.23,1.536,2.92,121,41.443,0.3836,0.7602,31.519,6,8,0,0.9873,1,3,0,808.6
2324.4,4407.65,1.8963,0.2297,3789.62,-14.0217,32.86,325,9.892,1.2937,0.9224,8.331,6,5,0,1.0014,0,3,0,3686.74
2823.27,3438.34,1.2179,0.2451,3482.23,1.2763,17.17,418,24.344,0.6371,0.7735,28.722,3,1,1,1.1129,1,1,0,3246.77
3112.9,3972.34,1.2761,0.1419,4038.65,1.6692,0.32,15,47.517,1.4589,0.7895,37.673,1,8,0,0.963,0,3,2,4501.46
4711.72,5507.12,1.1688,0.2769,5188.99,-5.7767,9.07,268,29.552,1.4946,0.8414,26.457,2,10,1,1.0737,0,8,2,6114.29
3525.13,5936.62,1.6841,0.2232,6191.85,4.2993,38.99,235,6.027,0.7537,0.6841,5.524,3,3,1,1.0596,1,3,2,4959.12
2665.75,4385.2,1.645,0.1857,4230.67,-3.5238,3.26,120,36.859,1.5951,0.7333,38.823,2,5,0,1.0009,0,0,0,3900.9
4143.54,8240.95,1.9889,0.1365,9082.04,10.2062,44.47,138,3.103,0.416,0.6186,3.643,4,7,0,0.9615,0,0,2,7160.24
4777.4,9095.65,1.9039,0.2885,7415.54,-18.4716,2.3,86,37.373,0.9307,0.838,31.336,1,7,0,1.0194,0,0,0,7896.65
599.3,898.48,1.4992,0.251,722.36,-19.602,2.92,129,44.109,1.4852,0.8478,36.322,6,7,0,0.9532,0,4,2,884.56
4921.35,7213.94,1.4658,0.1416,7282.97,0.9568,11.49,251,21.837,1.3646,0.9162,18.194,2,11,1,1.0918,0,5,0,6600.7
887.59,1244.7,1.4023,0.1675,1488.27,19.5689,16.41,349,21.267,0.7574,0.7614,19.756,5,11,1,1.0807,0,5,1,1234.88
4164.74,5328.98,1.2795,0.2619,5212.72,-2.1816,17.23,274,15.906,1.5543,0.748,16.241,4,2,0,0.9727,0,5,2,5223.28
1761.51,2232.48,1.2674,0.2391,1796.59,-19.5248,8.16,359,43.97,1.5834,0.6579,31.134,0,2,0,1.0138,0,8,2,2473.15
1094.81,1382.13,1.2624,0.2532,1281.02,-7.3158,10.78,300,27.841,0.5562,0.835,32.524,3,3,1,1.0697,1,0,0,1259.03
2479.35,3091.74,1.247,0.1882,3051.24,-1.31,14.6,429,29.384,0.9456,0.822,36.907,0,6,0,0.9764,0,9,2,2991.0
3397.8,4602.11,1.3544,0.2433,5340.52,16.0452,1.38,46,33.424,1.1024,0.7703,40.313,6,12,1,1.0566,0,5,0,5391.08
2214.28,3123.62,1.4107,0.1773,2650.43,-15.1487,27.5,432,15.711,1.0946,0.8995,11.348,6,10,1,1.0345,0,7,0,2664.23
745.54,1466.74,1.9673,0.1423,1715.73,16.9756,3.51,78,22.207,1.5004,0.904,22.533,3,2,0,0.9576,0,7,1,1224.1
3197.58,5249.47,1.6417,0.2265,6173.69,17.6061,7.95,297,37.339,0.8133,0.802,44.374,1,7,0,0.9916,1,2,1,4529.81
4560.81,9073.54,1.9895,0.2952,9585.13,5.6383,8.44,416,49.289,2.2658,0.9181,44.679,2,9,0,0.9533,1,4,2,7962.76
2224.47,3262.4,1.4666,0.1621,2903.77,-10.9927,135.4,363,2.681,0.8212,0.9076,3.32,0,9,0,0.9658,1,9,2,2726.29
1473.5,2267.69,1.539,0.1922,2300.98,1.4683,137.23,424,3.09,0.5672,0.9344,3.807,0,2,0,0.9775,0,3,0,1970.93
2491.6,3552.75,1.4259,0.2348,4002.74,12.666,17.02,374,21.976,0.8928,0.5222,17.252,2,8,0,0.9576,0,0,0,3151.66
717.63,936.84,1.3055,0.2083,883.64,-5.6781,13.56,452,33.321,1.1355,0.874,33.194,2,8,0,1.0024,1,8,0,825.28
4192.19,5331.17,1.2717,0.2687,6195.49,16.2125,17.11,341,19.932,0.5547,0.8666,14.259,4,8,0,1.018,0,4,0,4940.97
4218.53,8240.13,1.9533,0.2523,6878.61,-16.5231,4.36,218,49.982,0.8576,0.6724,43.44,3,2,0,1.0126,0,1,2,6908.69
3146.0,6256.73,1.9888,0.1117,5774.18,-7.7126,10.4,110,10.573,0.5379,0.9335,12.551,6,3,1,1.1095,0,1,1,5315.62
2088.96,2482.05,1.1882,0.2997,2971.71,19.7279,162.78,226,1.388,1.4213,0.506,1.784,6,4,0,0.9881,0,6,2,2846.08
4099.03,5237.71,1.2778,0.2505,5413.43,3.355,26.56,274,10.316,0.9151,0.7474,12.875,5,11,1,1.0332,0,3,2,5545.88
2996.09,4524.08,1.51,0.2728,4687.57,3.6137,5.74,255,44.455,0.3033,0.912,32.254,5,6,0,0.9967,0,0,2,4034.19
4216.7,5517.05,1.3084,0.2302,4942.99,-10.4052,4.68,38,8.112,1.6804,0.7226,10.189,6,2,0,0.9542,1,4,1,5345.96
3341.56,4876.34,1.4593,0.2713,5573.77,14.3023,5.48,134,24.47,0.5569,0.8891,29.207,4,5,0,0.9833,0,1,2,5245.02
4029.82,5076.5,1.2597,0.1225,4932.49,-2.8367,13.65,294,21.545,3.7942,0.836,26.298,0,9,0,1.0053,0,6,1,5199.63
3193.53,4911.77,1.538,0.1695,5488.48,11.7415,2.89,97,33.621,0.7105,0.8955,41.989,2,6,0,1.0098,0,8,0,4210.5
2363.63,3264.04,1.3809,0.2753,3669.67,12.4274,8.98,33,3.675,0.7489,0.7923,3.649,6,12,1,1.0694,1,0,2,3536.22
4810.76,6971.36,1.4491,0.1403,6064.69,-13.0057,14.24,474,33.279,1.0835,0.9041,27.513,1,8,0,0.9655,0,1,0,5896.7
2935.01,3610.55,1.2302,0.1156,3613.13,0.0715,23.23,427,18.383,0.2991,0.8504,13.1,0,2,0,0.9983,0,5,0,3375.26
3222.9,4879.18,1.5139,0.2576,4652.77,-4.6404,9.75,452,46.376,1.2463,0.5497,33.118,0,4,0,0.9597,0,7,0,4126.37
1492.19,2963.15,1.9858,0.2671,2554.06,-13.8062,1.57,67,42.595,1.4199,0.9505,46.238,5,6,0,1.0196,0,6,2,2579.79
3315.43,4739.43,1.4295,0.1325,4025.48,-15.0641,9.23,190,20.576,1.5732,0.7604,18.567,3,4,0,0.9733,0,8,0,4135.06
3072.23,5821.78,1.895,0.2709,4764.07,-18.168,3.99,198,49.652,1.1507,0.8247,49.529,4,9,0,1.0025,0,1,2,4878.83
1331.77,2486.05,1.8667,0.2374,2686.88,8.0785,13.26,47,3.545,1.0466,0.7692,2.761,5,12,1,1.108,0,8,0,2144.97
768.14,1504.98,1.9592,0.204,1674.83,11.286,6.51,258,39.643,0.4683,0.8179,50.953,3,2,0,0.9717,1,3,2,1293.31
3219.62,5864.83,1.8216,0.2661,5797.71,-1.1444,9.52,212,22.258,1.2796,0.8294,17.316,0,7,0,0.977,0,2,2,4937.25
3936.62,6734.2,1.7107,0.1838,6906.38,2.5568,7.24,161,22.232,0.9793,0.9292,21.496,2,9,0,1.0089,0,6,2,5850.07
2855.31,5362.54,1.8781,0.1388,4852.02,-9.5202,12.0,112,9.337,0.8077,0.7804,9.019,1,2,0,0.966,0,4,0,4605.24
1520.48,1846.31,1.2143,0.157,2004.95,8.592,5.19,136,26.229,0.5966,0.8681,18.496,3,12,1,1.0587,0,4,2,2109.28
3499.35,5400.92,1.5434,0.201,5582.29,3.3583,61.34,316,5.151,1.2712,0.9415,5.67,5,6,0,0.9603,0,1,0,4680.81
860.48,1713.09,1.9909,0.2063,1975.07,15.2926,12.91,403,31.212,0.851,0.7417,31.928,0,2,0,0.9979,1,5,1,1402.41
2488.25,4489.2,1.8042,0.2611,4931.21,9.8459,32.95,423,12.838,0.3902,0.7887,12.819,5,5,0,0.9666,1,5,0,3805.74
1235.15,2430.48,1.9678,0.2583,1962.8,-19.2426,10.41,380,36.518,0.8945,0.943,43.488,5,12,1,1.1045,0,3,0,2074.44
1330.07,2411.0,1.8127,0.2163,2709.81,12.394,0.36,11,30.761,0.6803,0.9833,25.983,4,11,1,1.06,1,4,2,2078.98
1410.32,2670.66,1.8936,0.2562,2165.51,-18.9148,9.53,358,37.574,1.5496,0.7871,45.715,6,8,0,1.0108,0,6,0,2225.73
2240.18,3921.55,1.7506,0.1384,4413.86,12.5538,6.28,237,37.737,0.9204,0.8078,45.997,3,3,1,1.1012,1,7,1,3408.64
730.18,1311.71,1.7964,0.11,1567.37,19.4907,26.6,283,10.639,0.8769,0.8773,12.725,0,5,0,0.9598,0,5,2,1155.48
2290.07,3651.98,1.5947,0.2747,3624.05,-0.7649,169.4,175,1.033,1.1669,0.963,0.935,4,3,1,1.055,0,4,0,3165.58
2802.68,5424.88,1.9356,0.1151,4832.26,-10.9241,11.84,224,18.922,2.3105,0.8718,15.091,4,3,1,1.0378,1,2,0,4591.98
2674.82,4951.86,1.8513,0.1493,3980.44,-19.6172,9.93,457,46.034,1.2251,0.8195,45.349,1,1,1,1.0782,0,6,2,4239.48
2222.53,4150.13,1.8673,0.2391,3569.6,-13.9883,2.52,74,29.317,0.6738,0.9188,25.093,2,2,0,0.9529,0,7,2,3359.32
4276.16,7363.79,1.7221,0.1819,7374.93,0.1513,3.66,134,36.648,0.4591,0.8076,26.801,1,7,0,0.9503,0,2,0,6257.17
1153.97,1625.82,1.4089,0.2753,1825.2,12.2634,1.84,81,44.099,1.9447,0.7133,38.264,4,4,0,1.0029,0,4,0,1840.12
2775.64,3276.04,1.1803,0.1596,3762.83,14.8591,1.81,82,45.397,0.2935,0.8301,44.556,3,11,1,1.0686,0,1,2,3707.89
779.19,1515.76,1.9453,0.1024,1627.05,7.3424,5.24,141,26.922,0.9892,0.7225,20.667,5,12,1,1.1127,1,9,2,1308.99
820.2,1351.86,1.6482,0.1601,1128.43,-16.5272,7.56,208,27.506,3.2371,0.8748,34.839,2,11,1,1.0657,0,9,1,1146.6
3082.4,4325.9,1.4034,0.2156,5176.1,19.6538,5.01,214,42.696,0.4111,0.8451,46.695,4,1,1,1.0736,0,3,1,4884.86
3047.08,3890.41,1.2768,0.1752,4274.94,9.8842,9.91,402,40.567,0.5721,0.6584,31.715,2,4,0,0.9667,0,3,1,3504.15
4451.15,8257.31,1.8551,0.207,8014.4,-2.9417,8.77,309,35.244,1.1047,0.9244,41.843,3,9,0,0.9791,0,7,2,7044.82
3010.43,5602.54,1.861,0.2753,6305.49,12.547,8.3,254,30.619,0.6684,0.7161,38.483,0,8,0,1.0139,0,2,2,4728.73
4819.06,8878.31,1.8423,0.2825,9192.86,3.5429,5.99,187,31.244,0.9438,0.7491,26.797,0,6,0,0.9642,0,4,2,7442.77
719.13,1221.31,1.6983,0.1532,1271.52,4.1113,26.19,492,18.783,1.2368,0.8166,14.762,4,6,0,1.0149,0,4,0,1028.8
941.03,1374.96,1.4611,0.1924,1634.17,18.8521,5.83,246,42.205,1.3293,0.8589,37.71,6,2,0,0.9652,0,1,2,1418.2
698.3,983.52,1.4085,0.2098,1101.99,12.0451,8.12,254,31.271,1.7402,0.9404,37.505,4,5,0,0.9516,0,8,0,878.97
1333.75,1543.51,1.1573,0.2898,1396.66,-9.514,26.94,322,11.953,0.4535,0.7114,9.623,1,9,0,0.9688,1,3,2,1551.54
2935.72,5456.22,1.8586,0.2997,4747.26,-12.9937,12.63,161,12.752,1.8835,0.6517,14.89,4,8,0,0.9538,0,8,2,4601.18
3405.07,4168.89,1.2243,0.1471,3622.45,-13.1077,7.96,344,43.219,1.9607,0.88,48.826,0,4,0,0.9663,0,8,0,3919.96
705.13,1188.95,1.6861,0.2454,1167.32,-1.8198,13.39,424,31.66,1.5263,0.8814,34.535,0,7,0,0.969,0,1,2,1017.29
4756.87,7508.55,1.5785,0.1756,7173.86,-4.4574,20.16,414,20.537,0.5679,0.8909,19.715,1,9,0,0.9792,0,8,2,6457.71
4289.74,6853.66,1.5977,0.1016,6724.16,-1.8895,16.33,166,10.168,0.5535,0.8622,9.355,5,5,0,0.9698,0,8,2,5813.46
1834.76,3555.22,1.9377,0.1019,2933.34,-17.4921,2.49,77,30.901,1.1599,0.6275,23.211,3,2,0,0.9998,1,1,1,3006.03
847.34,997.22,1.1769,0.1921,878.38,-11.9169,48.25,484,10.031,1.3798,0.9412,9.173,2,2,0,1.018,1,5,2,984.25
1264.49,2285.42,1.8074,0.1977,2557.39,11.9,18.1,435,24.038,1.7999,0.6631,25.507,0,8,0,0.9533,1,8,0,1944.46
1071.25,1279.33,1.1942,0.1045,1411.16,10.304,5.09,174,34.198,0.7863,0.8078,42.369,6,8,0,0.9859,0,3,0,1264.79
1054.78,1247.2,1.1824,0.2374,1193.98,-4.2675,0.66,19,28.705,1.3679,0.6788,34.443,2,8,0,0.9683,0,1,0,1430.24
2833.53,4293.77,1.5153,0.1588,4105.64,-4.3815,2.06,95,46.183,1.3312,0.6461,33.221,4,5,0,0.9824,1,6,2,3915.96
1606.31,1933.38,1.2036,0.212,2230.21,15.3529,162.91,480,2.946,0.7209,0.7646,2.308,4,12,1,1.0288,1,8,0,1847.26
2111.63,3844.8,1.8208,0.1602,3355.55,-12.7249,12.17,179,14.71,0.8022,0.9613,17.786,5,2,0,1.0114,0,5,1,3254.75
4952.77,7925.08,1.6001,0.1334,7472.44,-5.7114,24.75,94,3.797,0.4501,0.9184,4.798,3,11,1,1.0612,0,3,0,6878.69
3579.41,4204.68,1.1747,0.1814,4647.81,10.539,6.64,70,10.536,0.5874,0.8444,7.728,5,11,1,1.0839,0,0,2,4816.16
4770.41,5650.2,1.1844,0.1465,5818.77,2.9835,26.71,189,7.075,0.7298,0.7719,7.93,2,10,1,1.0944,0,3,1,5711.58
1141.5,1907.19,1.6708,0.207,1571.73,-17.5894,10.51,388,36.9,1.2982,0.7303,33.928,0,12,1,1.0848,1,2,0,1684.89
2219.63,4073.45,1.8352,0.1398,3278.03,-19.527,23.04,440,19.099,3.0997,0.9761,17.544,6,12,1,1.0907,0,6,1,3531.76
2996.29,4560.75,1.5221,0.2017,3683.5,-19.2346,2.83,131,46.327,1.2743,0.9302,50.293,1,8,0,1.0144,1,9,0,4100.33
845.41,1370.74,1.6214,0.1315,1456.27,6.2393,64.32,138,2.146,0.5367,0.6539,2.545,6,12,1,1.0657,0,4,2,1198.41
518.84,949.41,1.8299,0.2342,995.93,4.8996,8.3,274,32.993,0.7877,0.8946,28.536,0,4,0,0.9916,1,2,1,764.5
3516.95,5869.55,1.6689,0.2508,4800.15,-18.2195,2.08,101,48.557,1.6907,0.7469,54.539,2,12,1,1.0347,0,1,0,5127.91
3388.19,4543.72,1.341,0.1221,3874.81,-14.7215,48.56,467,9.616,0.6693,0.9269,10.4,2,9,0,1.0108,0,1,0,3896.42
2348.55,3924.65,1.6711,0.1936,4274.03,8.9023,12.43,282,22.679,2.1162,0.7791,22.915,0,10,1,1.1152,0,4,1,3803.32
2703.4,4552.62,1.684,0.1142,4205.88,-7.6164,0.79,28,35.393,1.4081,0.7068,37.568,0,6,0,0.9733,0,7,1,3747.91
2369.49,4203.46,1.774,0.2196,5030.17,19.6674,0.53,17,32.024,0.8818,0.8355,22.764,3,11,1,1.0594,0,7,1,4258.08
608.02,1020.11,1.6777,0.1529,943.59,-7.5006,14.62,420,28.735,0.3842,0.8383,20.185,4,10,1,1.0781,0,4,1,879.3
2009.17,3965.82,1.9739,0.2055,3705.16,-6.5725,26.1,444,17.011,1.6549,0.9104,17.526,5,7,0,0.9943,1,1,0,3309.47
1296.87,1708.88,1.3177,0.2035,1653.83,-3.2211,6.62,243,36.682,1.3797,0.6833,37.212,3,3,1,1.0452,0,3,0,1821.02
942.91,1846.62,1.9584,0.2849,2088.64,13.1063,5.27,174,33.01,1.2666,0.5526,24.52,6,2,0,0.9945,0,6,0,1546.51
4805.24,7724.85,1.6076,0.2098,7901.88,2.2917,9.8,88,8.977,3.8097,0.7354,8.934,6,2,0,1.0021,0,5,2,7305.95
3197.12,5502.76,1.7212,0.2166,6289.1,14.2898,0.39,19,48.24,0.6262,0.5671,55.694,0,3,1,1.0557,0,9,1,5183.63
3778.95,4665.28,1.2345,0.1803,4529.44,-2.9117,11.51,325,28.228,2.14,0.856,28.926,0,7,0,1.0029,0,6,0,4692.92
1919.14,2827.83,1.4735,0.2898,2950.31,4.3312,13.27,355,26.748,0.911,0.7822,27.03,1,8,0,1.0153,0,4,1,2653.11
2269.16,4093.51,1.804,0.2554,3282.37,-19.8152,10.15,432,42.564,1.1361,0.9101,48.129,4,4,0,0.9656,0,1,1,3466.25
1566.16,2742.15,1.7509,0.1571,2825.01,3.0219,12.29,398,32.38,1.1689,0.5424,26.005,5,3,1,1.0511,0,7,0,2326.16
936.35,1108.74,1.1841,0.2688,922.71,-16.7791,3.66,17,4.649,1.5179,0.8528,4.531,5,11,1,1.1073,0,1,1,1324.32
1305.64,2108.1,1.6146,0.1865,1849.23,-12.2794,1.43,37,25.823,0.6996,0.6547,20.37,1,7,0,0.9634,0,7,1,1742.68
4088.81,5008.95,1.225,0.2657,6005.8,19.9015,9.55,375,39.249,3.3098,0.8792,39.811,4,3,1,1.0917,0,6,1,5543.76
3548.96,7085.41,1.9965,0.2646,7474.2,5.4872,2.49,88,35.299,0.5753,0.9345,37.246,6,8,0,0.9593,1,2,1,6121.56
2961.18,5663.86,1.9127,0.1378,6500.42,14.7702,6.98,339,48.568,0.8366,0.7789,37.543,4,4,0,0.9516,0,3,1,4738.65
2637.9,3080.86,1.1679,0.2402,2535.33,-17.707,67.09,149,2.221,2.5135,0.8601,1.655,2,8,0,0.9746,0,6,0,3141.36
4650.95,8743.11,1.8799,0.1581,8339.39,-4.6176,36.09,498,13.8,1.8038,0.9017,11.04,4,2,0,1.0049,0,3,0,7588.83
827.31,1597.96,1.9315,0.1595,1829.62,14.4976,7.27,203,27.909,0.8367,0.6861,29.354,5,8,0,0.9956,0,8,1,1365.23
1762.7,2556.83,1.4505,0.1593,2465.59,-3.5686,7.4,232,31.355,1.4052,0.5877,25.516,6,8,0,0.9871,0,6,1,2181.61
2074.72,3654.78,1.7616,0.2451,3294.61,-9.8548,7.13,103,14.443,0.5835,0.9957,12.496,0,10,1,1.0426,0,0,1,3081.87
4020.92,6135.07,1.5258,0.146,6088.41,-0.7605,10.67,443,41.513,0.6668,0.8809,46.558,4,3,1,1.0505,0,0,2,5507.81
4966.32,8477.24,1.7069,0.1002,8378.7,-1.1624,12.15,110,9.053,0.8335,0.9645,7.686,3,2,0,0.9845,1,3,1,7292.78
1583.02,2278.39,1.4393,0.243,2725.58,19.6274,215.05,224,1.042,2.0405,0.8895,0.978,2,7,0,1.0042,0,8,2,2385.71
4434.38,6315.34,1.4242,0.1342,5947.8,-5.8198,4.62,220,47.667,0.3489,0.9369,59.932,1,9,0,1.0107,0,3,2,5218.96
4237.8,6402.34,1.5108,0.1209,7573.58,18.2939,22.24,449,20.186,1.5531,0.5986,24.123,5,10,1,1.1142,0,4,2,6280.95
1510.96,1924.56,1.2737,0.1475,2241.75,16.4813,0.52,25,47.917,0.8206,0.7522,40.887,6,1,1,1.1084,0,0,0,2194.36
2297.0,4264.3,1.8565,0.176,4178.18,-2.0196,4.31,63,14.619,1.3642,0.8433,15.475,4,5,0,0.986,0,1,2,3555.81
2343.53,3389.66,1.4464,0.1952,3993.0,17.7992,61.57,253,4.109,1.339,0.624,4.518,1,3,1,1.0904,1,3,1,3342.27
4901.99,7304.59,1.4901,0.1089,7973.34,9.1551,6.38,248,38.853,0.9867,0.8275,48.184,0,9,0,1.0143,0,3,1,6077.26
1314.01,2509.7,1.9099,0.2941,2896.2,15.4004,5.32,223,41.955,0.6854,0.5526,43.15,1,8,0,0.9588,1,9,0,2141.69
4096.21,6439.78,1.5721,0.2432,7448.94,15.6708,12.46,313,25.112,0.7165,0.6753,26.036,4,9,0,0.9712,0,5,0,5561.96
2003.87,3231.47,1.6126,0.1646,2695.64,-16.5816,28.15,130,4.619,0.8549,0.9087,5.695,1,9,0,1.0039,0,5,1,2817.73
3788.92,7437.73,1.963,0.1637,8618.32,15.873,0.88,29,33.053,0.4435,0.8566,24.215,0,10,1,1.0617,0,7,0,6355.65
2390.05,4549.98,1.9037,0.1897,4531.02,-0.4168,27.61,274,9.925,1.0457,0.8282,10.688,4,3,1,1.1021,1,8,0,3911.45
3102.62,4014.93,1.294,0.2252,4235.01,5.4814,0.21,9,42.62,0.7027,0.8699,40.488,1,7,0,0.9829,1,0,2,4585.63
4246.75,6591.95,1.5522,0.1293,6065.96,-7.9793,6.1,88,14.427,0.7933,0.8749,17.974,1,5,0,0.9847,1,0,2,5588.58
4118.75,8137.0,1.9756,0.1378,8610.64,5.8208,10.09,429,42.538,0.9022,0.9124,54.292,0,6,0,0.9506,0,5,0,6975.34
4398.9,6451.04,1.4665,0.2719,5230.71,-18.9169,6.66,146,21.919,1.4552,0.7528,17.583,3,8,0,1.0098,0,3,1,5982.72
768.28,1126.17,1.4658,0.1513,1068.14,-5.1528,4.17,126,30.228,1.8573,0.8259,26.264,3,10,1,1.0516,0,3,2,1191.0
3614.23,4755.51,1.3158,0.176,5000.12,5.1436,4.66,185,39.689,1.9865,0.7597,34.294,2,11,1,1.0422,0,0,1,5528.78
1129.94,1409.24,1.2472,0.2743,1238.37,-12.1251,41.25,123,2.982,1.2279,0.752,2.267,0,8,0,0.9515,0,8,0,1324.16
2371.18,4218.95,1.7793,0.2326,4510.26,6.9049,2.57,106,41.237,0.823,0.781,40.815,3,7,0,1.0188,0,2,1,3503.97
2968.65,5357.0,1.8045,0.1683,6061.73,13.1553,43.62,340,7.794,0.52,0.7309,7.855,6,1,1,1.1106,0,4,1,4502.01
2312.33,4563.75,1.9737,0.2367,3719.16,-18.5065,0.27,5,18.562,3.3887,0.8581,19.375,1,1,1,1.0967,0,9,1,3858.31
2838.25,5129.87,1.8074,0.1039,5343.17,4.158,2.07,50,24.166,2.4363,0.619,26.529,6,6,0,0.9924,0,0,1,4258.26
4984.37,6763.04,1.3568,0.2471,6981.15,3.2251,8.85,397,44.876,1.562,0.6737,33.107,0,9,0,0.9699,0,7,0,6263.46
1108.48,1312.55,1.1841,0.1974,1460.65,11.2834,149.08,313,2.1,1.3896,0.6265,2.254,1,8,0,0.9575,0,2,0,1274.75
3539.55,7035.29,1.9876,0.2626,7591.11,7.9004,4.75,135,28.401,0.8378,0.6818,35.452,1,12,1,1.0645,0,0,2,6269.57
2282.0,3284.68,1.4394,0.2909,3225.06,-1.8152,0.03,1,32.484,1.0674,0.5632,31.606,2,1,1,1.0849,0,9,2,3795.23
1098.54,1554.63,1.4152,0.2852,1464.17,-5.8191,1.03,17,16.513,1.5846,0.8194,12.616,5,8,0,0.9673,0,5,2,1814.48
1214.32,2331.56,1.9201,0.2819,2784.49,19.426,16.28,248,15.234,0.3885,0.8996,11.449,2,5,0,0.9788,0,0,2,1996.4
4771.73,7860.64,1.6473,0.2024,7866.23,0.0711,18.74,469,25.033,0.7363,0.8574,21.755,4,2,0,0.9885,0,2,1,6595.15
4458.21,5941.19,1.3326,0.172,5722.38,-3.6828,18.1,184,10.168,1.0053,0.8095,11.709,5,7,0,1.0109,0,4,2,5429.69
4581.69,8731.47,1.9057,0.193,10453.32,19.72,9.23,221,23.938,0.3823,0.8298,20.505,0,2,0,0.9508,0,3,2,7328.77
4961.9,9895.79,1.9944,0.238,8631.12,-12.7799,5.9,227,38.486,0.4753,0.8385,45.745,3,12,1,1.0518,0,6,1,8544.69
1437.42,1758.94,1.2237,0.2768,1538.11,-12.5547,8.18,347,42.424,0.7196,0.6881,50.561,6,4,0,1.0019,0,5,0,1672.7
2099.48,3953.13,1.8829,0.1414,4706.56,19.0589,21.03,418,19.873,1.0439,0.7087,19.362,2,11,1,1.0712,0,2,2,3372.72
3511.49,5203.81,1.4819,0.2836,5532.04,6.3076,6.18,193,31.248,2.1279,0.7065,27.513,0,12,1,1.0361,0,7,0,5675.88
2677.11,4271.23,1.5955,0.263,4304.95,0.7896,310.69,311,1.001,0.7996,0.8073,1.06,2,4,0,0.9541,0,7,2,3649.92
2382.75,4592.98,1.9276,0.2958,3798.9,-17.289,17.27,483,27.967,2.5614,0.7778,33.178,3,5,0,1.0016,0,1,0,3800.22
2110.15,4172.55,1.9774,0.2761,3931.98,-5.7656,4.28,209,48.787,0.6951,0.6499,36.041,2,6,0,1.0004,0,6,2,3479.19
3172.01,4354.66,1.3728,0.156,4238.54,-2.6666,18.28,298,16.301,0.9391,0.819,20.736,4,2,0,1.0163,0,0,0,3653.56
3090.17,4112.78,1.3309,0.1212,4131.54,0.4562,10.88,328,30.144,0.4769,0.8292,32.783,0,8,0,1.0077,0,1,0,3610.82
1226.56,1494.49,1.2184,0.1224,1456.57,-2.5373,12.39,475,38.352,0.8042,0.7949,36.008,5,9,0,0.9903,0,7,2,1592.85
2622.83,4268.73,1.6275,0.1582,4163.05,-2.4756,2.3,71,30.838,0.3861,0.8322,30.949,5,3,1,1.107,0,0,0,3612.12
2990.62,3473.8,1.1616,0.2228,4161.38,19.7934,5.39,116,21.506,5.4352,0.9466,20.03,0,7,0,0.9857,0,1,2,4063.3
3066.29,4599.79,1.5001,0.2609,5471.89,18.9596,31.03,263,8.476,0.593,0.7568,8.032,1,4,0,0.9572,0,0,2,4018.91
1445.48,1752.47,1.2124,0.2799,1462.4,-16.5521,0.17,4,23.721,1.1966,0.8769,25.082,6,11,1,1.0573,0,4,1,1987.24
3840.22,5738.99,1.4944,0.2248,4978.28,-13.2551,17.35,268,15.444,0.7878,0.8623,11.369,5,10,1,1.0853,0,6,2,5067.93
613.4,726.23,1.1839,0.1011,854.51,17.6644,0.17,6,35.1,0.889,0.7579,28.264,5,11,1,1.076,1,5,2,799.08
2096.74,3899.81,1.8599,0.1373,3617.46,-7.24,0.88,20,22.654,0.9625,0.937,18.944,6,4,0,0.9785,0,5,2,3290.17
4010.96,5327.67,1.3283,0.1199,5565.37,4.4616,11.16,476,42.644,1.6076,0.6196,40.278,4,1,1,1.0623,0,5,2,6032.51
3037.52,4340.8,1.4291,0.1727,4857.99,11.9145,3.44,36,10.473,1.2893,0.8576,9.663,2,11,1,1.029,1,7,1,4020.35
1675.23,3165.42,1.8895,0.2003,3128.54,-1.165,8.01,172,21.468,1.1285,0.482,24.33,1,5,0,0.9731,0,4,1,2651.74
3627.29,6472.27,1.7843,0.1087,5220.84,-19.3352,15.36,435,28.318,1.3362,0.9049,24.226,2,6,0,0.954,0,9,1,5748.11
3053.26,4079.71,1.3362,0.1697,4615.09,13.123,60.07,431,7.175,1.2039,0.8303,5.268,4,11,1,1.1084,0,6,1,4335.84
4083.1,4945.1,1.2111,0.1358,5451.95,10.2496,2.05,61,29.808,0.5283,0.8401,21.857,1,5,0,0.9533,0,2,0,4968.19
3807.61,6695.01,1.7583,0.2294,5466.97,-18.3427,13.44,205,15.255,0.8833,0.91,10.782,3,6,0,1.0083,1,8,2,5685.76
3245.49,4810.13,1.4821,0.1929,5574.69,15.8949,8.17,100,12.247,1.4076,0.7944,8.853,0,3,1,1.1136,0,9,1,5016.54
2696.8,4857.39,1.8012,0.1991,5551.05,14.2805,14.84,118,7.954,0.7426,0.6137,9.665,4,11,1,1.1038,0,2,2,4305.54
1099.32,1680.31,1.5285,0.1855,1529.11,-8.9982,9.81,178,18.144,1.1955,0.8162,20.292,6,2,0,0.9755,1,5,1,1404.71
1676.0,2420.31,1.4441,0.2912,2013.84,-16.7944,2.82,131,46.52,1.7353,0.9486,60.363,4,5,0,1.0038,1,2,2,2482.73
2385.95,3658.91,1.5335,0.1429,3517.2,-3.8731,148.85,375,2.519,0.7068,0.8385,1.794,6,6,0,0.9784,1,0,0,3190.86
3196.85,5710.45,1.7863,0.2033,6566.79,14.9961,7.98,341,42.756,1.6638,0.8709,51.709,2,10,1,1.0925,0,0,1,4999.32
2811.69,5389.68,1.9169,0.2472,5351.77,-0.7035,21.45,439,20.471,0.9484,0.8114,22.879,3,6,0,0.9999,0,2,0,4552.31
1796.83,2142.36,1.1923,0.2114,1955.19,-8.7369,2.59,74,28.518,1.0373,0.8212,30.92,3,5,0,0.9922,1,3,0,2171.42
529.09,844.16,1.5955,0.2858,753.59,-10.7294,11.06,289,26.128,1.5269,0.7984,23.879,5,2,0,0.9539,0,1,2,753.96
2733.08,3219.32,1.1779,0.1756,3032.64,-5.7986,0.95,44,46.361,1.3453,0.6858,42.932,4,1,1,1.0235,1,8,1,3668.97
1785.32,2763.94,1.5481,0.1927,3310.03,19.758,3.69,143,38.736,0.2568,0.8335,46.768,4,10,1,1.041,0,7,0,2403.22
3805.74,7240.38,1.9025,0.1177,8336.35,15.137,2.76,136,49.256,0.3995,0.9428,55.566,0,6,0,1.0147,0,2,2,6134.53
607.76,885.72,1.4574,0.2218,902.38,1.8817,5.18,207,39.927,1.3046,0.732,44.007,3,1,1,1.0323,0,6,2,1025.24
3131.73,6083.64,1.9426,0.1576,6834.15,12.3366,14.84,230,15.499,0.9319,0.7215,11.134,4,1,1,1.1022,0,3,2,5056.62
4736.63,7986.05,1.686,0.1321,7399.14,-7.3491,5.62,271,48.181,0.4486,0.8765,39.055,0,6,0,0.9692,0,4,0,6970.77
1284.84,2497.77,1.944,0.2089,2612.88,4.6084,1.91,94,49.195,0.7192,0.9778,62.85,2,1,1,1.0611,0,3,2,2185.76
2622.42,4703.56,1.7936,0.2065,5404.86,14.91,58.88,414,7.032,0.4283,0.7582,6.839,3,2,0,0.973,0,8,2,4145.01
911.4,1128.24,1.2379,0.1152,1068.53,-5.2925,8.77,396,45.151,0.9487,0.8034,52.774,1,1,1,1.0317,1,6,2,1081.44
3315.57,4464.34,1.3465,0.2396,5000.77,12.0159,11.42,383,33.546,1.876,0.9536,31.318,1,7,0,0.9773,1,3,0,3812.9
2977.39,4421.56,1.485,0.2248,4623.76,4.5729,5.63,260,46.178,0.6994,0.9572,53.501,4,4,0,0.9961,0,7,2,4271.32
2333.14,3020.47,1.2946,0.1378,3159.84,4.6143,8.24,378,45.871,1.1307,0.9237,35.391,6,4,0,0.9991,1,1,0,2683.12
2846.2,4470.45,1.5707,0.1939,3649.85,-18.3561,2.82,126,44.677,0.9491,0.8398,32.403,6,4,0,0.993,0,6,2,3960.11
4534.59,7031.61,1.5507,0.2441,8154.59,15.9704,9.69,430,44.379,2.2268,0.8942,43.478,4,5,0,1.0045,0,0,0,6980.73
1383.32,2715.22,1.9628,0.2059,3015.13,11.0458,24.54,166,6.765,1.8853,0.8147,7.137,5,12,1,1.0254,0,7,0,2273.18
601.54,913.54,1.5187,0.1791,744.16,-18.5411,2.12,17,8.032,0.4518,0.7935,7.183,0,9,0,0.9577,0,5,1,779.56
4377.49,7957.33,1.8178,0.1645,8309.83,4.4299,21.71,147,6.771,0.9087,0.8065,7.649,6,11,1,1.1017,0,4,1,6781.58
3097.03,6041.13,1.9506,0.2221,6635.35,9.8361,45.05,246,5.46,0.6422,0.6809,5.447,4,12,1,1.0354,0,8,1,5154.17
4507.96,8544.58,1.8954,0.2878,9553.25,11.8049,7.04,129,18.311,0.7405,0.7124,23.017,4,5,0,1.0002,1,8,0,7149.77
3186.25,4229.33,1.3274,0.2343,3533.26,-16.4581,8.55,295,34.514,1.481,0.798,25.92,0,10,1,1.0658,1,2,2,4138.64
4145.72,6515.53,1.5716,0.1149,6880.24,5.5976,22.47,413,18.38,1.1014,0.7662,13.6,6,2,0,0.9834,0,8,2,5510.69
2433.53,3517.86,1.4456,0.1921,3142.12,-10.681,7.3,265,36.295,1.4707,0.9385,45.117,1,8,0,0.9544,0,8,0,2940.73
3874.37,5772.35,1.4899,0.2782,5660.22,-1.9425,7.74,319,41.194,0.318,0.7931,45.374,0,8,0,0.9965,0,1,2,5085.41
4608.69,6713.41,1.4567,0.1189,6784.45,1.0582,1.22,41,33.645,1.5924,0.9047,37.099,5,9,0,1.0177,0,4,0,6565.08
3074.55,5695.32,1.8524,0.2978,4618.55,-18.9062,8.49,202,23.79,1.2387,0.9515,17.046,5,4,0,0.9994,0,1,2,4670.58
1313.53,2015.38,1.5343,0.2898,1853.78,-8.0184,11.63,180,15.48,2.2333,0.8424,19.546,6,3,1,1.0797,1,0,0,1855.88
1709.59,2727.03,1.5951,0.1157,3051.49,11.8977,49.04,348,7.096,0.7368,0.9379,8.253,3,10,1,1.0711,0,6,1,2355.61
1393.9,2767.0,1.9851,0.2867,3145.92,13.694,7.15,180,25.189,1.7127,0.619,29.184,3,11,1,1.0335,0,3,1,2397.33
1610.86,1934.61,1.201,0.1726,1803.07,-6.7996,8.14,295,36.26,1.1572,0.8188,45.222,4,6,0,1.0022,0,4,2,2035.6
1878.87,2939.99,1.5648,0.2689,2871.54,-2.3281,5.13,143,27.864,1.0688,0.7442,29.171,4,1,1,1.0744,0,3,2,2998.48
2998.1,5420.43,1.808,0.1837,6138.51,13.2478,11.86,431,36.353,0.7835,0.78,34.055,5,6,0,0.9953,0,5,2,4773.66
3145.96,4022.07,1.2785,0.1882,3540.69,-11.9685,21.81,380,17.426,0.9538,0.8646,17.224,1,5,0,0.9868,0,1,2,3617.86
2419.25,4039.67,1.6698,0.2268,4412.89,9.239,14.04,60,4.273,0.6128,0.7944,4.984,1,1,1,1.0922,1,7,1,3389.87
3269.39,4425.27,1.3535,0.2549,4261.22,-3.7071,12.25,475,38.784,0.8197,0.8792,45.037,2,6,0,1.0039,0,3,1,4152.5
867.09,1636.45,1.8873,0.1068,1955.3,19.4842,17.68,208,11.766,0.7442,0.9818,12.54,3,3,1,1.022,0,7,0,1357.38
895.05,1278.16,1.428,0.2186,1330.2,4.0713,5.29,165,31.198,0.8667,0.8689,25.921,6,8,0,0.973,0,2,2,1239.84
1273.23,1820.34,1.4297,0.1373,1564.09,-14.0771,9.13,369,40.41,0.9131,0.6707,48.142,3,3,1,1.093,0,4,1,1609.23
2831.35,4695.69,1.6585,0.1692,4079.36,-13.1254,63.46,496,7.816,0.9247,0.7752,8.507,5,3,1,1.0324,1,2,0,3945.0
1462.98,1910.69,1.306,0.1696,1549.42,-18.9077,9.86,299,30.326,0.9961,0.9037,25.254,2,7,0,1.014,0,6,0,1682.42
1774.78,2470.77,1.3922,0.1938,2683.08,8.5931,4.08,142,34.779,0.9913,0.7863,34.375,2,1,1,1.086,0,2,0,2550.32
2301.41,3461.63,1.5041,0.1668,3383.17,-2.2667,9.31,350,37.58,1.0555,0.9041,48.791,3,10,1,1.1008,0,7,1,3145.27
4153.4,6024.89,1.4506,0.1215,4846.34,-19.5612,7.29,60,8.236,0.9851,0.7301,7.388,6,10,1,1.0362,0,8,0,5235.09
562.38,897.64,1.5961,0.1291,754.53,-15.9432,6.32,262,41.431,0.8735,0.8765,31.899,4,8,0,0.9505,0,1,2,770.71
3422.2,5679.81,1.6597,0.1067,5201.39,-8.4232,21.91,123,5.613,1.24,0.9369,4.002,3,4,0,0.9882,1,2,0,4750.53
3509.94,5727.06,1.6317,0.194,5553.23,-3.0353,8.96,237,26.46,1.8334,0.7492,21.453,2,5,0,0.9733,0,6,0,4882.99
4093.95,6984.46,1.706,0.2909,8209.38,17.5379,1.28,29,22.727,0.8455,0.9196,18.459,1,5,0,1.0175,0,4,1,6524.72
4697.39,6630.77,1.4116,0.1231,6740.29,1.6517,35.31,419,11.867,0.7653,0.9448,14.416,0,4,0,1.0072,1,9,0,5681.56
590.62,742.68,1.2575,0.2893,859.8,15.7694,16.08,254,15.795,1.2072,0.946,12.536,1,11,1,1.0774,0,6,1,861.99
1192.03,2141.7,1.7967,0.2467,1927.98,-9.9788,40.63,368,9.057,1.0554,0.7408,11.028,6,1,1,1.0292,0,1,1,1841.69
4487.77,8406.33,1.8732,0.2275,7842.2,-6.7107,4.07,89,21.861,0.6167,0.7326,16.44,5,3,1,1.0486,1,3,2,6897.64
2563.33,3507.81,1.3685,0.2291,4042.12,15.232,50.36,138,2.74,0.6869,0.708,3.409,1,8,0,0.955,0,0,0,2947.83
3040.66,4548.91,1.496,0.2653,4533.19,-0.3455,8.48,378,44.557,0.7428,0.912,38.043,2,2,0,0.9936,0,4,2,3978.66
3483.62,5482.47,1.5738,0.1214,5680.19,3.6065,50.27,453,9.011,0.5955,0.7661,9.614,3,8,0,1.0106,0,7,2,4652.81
3555.8,5701.11,1.6033,0.201,5870.27,2.9671,8.13,361,44.415,1.245,0.7022,35.347,5,11,1,1.0411,0,0,0,4975.37
4692.83,8027.4,1.7106,0.2394,8494.2,5.815,9.51,412,43.315,1.4658,0.9516,40.458,2,4,0,0.9836,0,6,0,6934.79
4986.27,5910.54,1.1854,0.2174,6120.84,3.5581,15.0,347,23.132,0.6665,0.8456,17.383,2,9,0,1.0156,1,6,1,5869.45
3740.71,6595.83,1.7633,0.2666,7108.63,7.7746,8.11,206,25.389,0.5065,0.8691,26.6,6,8,0,0.9717,0,6,0,5480.31
1792.5,2155.79,1.2027,0.1145,1851.63,-14.1089,5.83,92,15.794,1.0902,0.6406,14.333,5,8,0,0.9571,0,0,1,2092.17
4458.89,6902.56,1.548,0.2381,7484.11,8.4252,2.67,133,49.847,1.0155,0.8718,60.379,5,4,0,0.9548,0,2,2,7417.03
721.49,1337.3,1.8535,0.2068,1150.4,-13.9761,10.84,367,33.868,3.1611,0.8792,27.402,5,2,0,1.0038,0,1,2,1089.72
1539.86,2361.43,1.5335,0.1758,2210.7,-6.3833,4.26,203,47.639,1.3962,0.8023,41.35,4,8,0,0.9653,0,4,1,2010.11
4538.24,5794.08,1.2767,0.1681,6562.03,13.2539,14.35,306,21.325,0.5691,0.8312,17.196,5,7,0,1.0199,0,1,0,5408.93
1652.86,3284.7,1.9873,0.2242,3426.31,4.3114,7.57,335,44.268,0.6214,0.6796,45.963,6,2,0,1.0174,0,4,0,2718.37
1492.93,2845.36,1.9059,0.2782,3377.07,18.6866,4.75,109,22.963,1.1708,0.8513,17.614,6,7,0,1.0098,1,4,1,2393.08
1121.56,2025.11,1.8056,0.1992,1824.46,-9.9081,0.85,37,43.475,0.973,0.9285,35.372,4,1,1,1.0248,0,3,2,1731.9
4366.0,6548.07,1.4998,0.2649,7650.08,16.8297,61.49,456,7.415,0.9463,0.9198,8.21,0,6,0,0.9855,0,6,1,5828.54
2750.26,3592.58,1.3063,0.1804,3796.53,5.6769,0.65,21,32.206,1.034,0.9106,23.982,4,7,0,1.0153,0,9,0,3962.5
3537.02,6897.89,1.9502,0.1205,6537.1,-5.2304,6.54,224,34.256,1.4736,0.7155,39.254,0,2,0,0.9708,0,5,0,5994.67
1575.8,2525.22,1.6025,0.1123,2814.9,11.4716,10.41,345,33.152,2.527,0.9007,25.282,1,12,1,1.0983,0,1,1,2291.91
3911.18,7331.52,1.8745,0.1103,8665.47,18.1947,19.08,437,22.904,1.9439,0.7108,24.079,1,2,0,0.9782,0,3,0,6255.12
3920.02,5647.9,1.4408,0.176,6279.47,11.1824,4.84,167,34.512,0.6021,0.8127,44.82,2,11,1,1.0671,1,6,2,5424.39
1906.69,2736.09,1.435,0.1674,2195.96,-19.741,10.52,134,12.734,0.7654,0.9941,10.242,1,8,0,1.0124,1,8,1,2399.25
2348.07,4667.28,1.9877,0.2436,3753.0,-19.5892,3.61,109,30.197,0.3083,0.9072,25.868,4,2,0,1.0007,0,8,2,4042.41
1443.61,2300.47,1.5936,0.2486,1956.47,-14.9533,7.92,223,28.158,1.1112,0.8795,34.889,4,10,1,1.091,1,2,2,2053.57
4894.52,6214.04,1.2696,0.1102,7085.81,14.029,10.06,167,16.599,0.7691,0.853,17.856,4,2,0,0.955,0,0,1,5880.4
3405.21,4551.83,1.3367,0.1442,5007.46,10.0099,2.71,106,39.164,0.9903,0.6549,38.989,3,11,1,1.0823,0,8,1,5308.11
4705.45,7338.86,1.5597,0.1549,7749.18,5.5909,76.37,379,4.963,0.6627,0.7905,5.149,4,5,0,0.973,0,7,0,6156.04
1865.23,2212.36,1.1861,0.2095,2384.48,7.7802,2.45,23,9.401,0.6592,0.6122,8.247,5,4,0,0.9914,1,6,0,2153.85
4018.51,6201.18,1.5432,0.1289,6498.35,4.7922,12.29,296,24.086,0.4629,0.9223,29.221,2,1,1,1.1138,0,5,1,5326.15
3946.36,5943.62,1.5061,0.1268,5581.97,-6.0846,6.85,306,44.695,0.8525,0.505,51.272,2,8,0,0.9599,0,9,1,5365.19
3612.45,6547.33,1.8124,0.2888,7124.68,8.818,14.46,422,29.183,1.3291,0.8739,31.677,1,4,0,1.0024,0,6,0,5669.09
4845.38,7034.03,1.4517,0.2608,8258.23,17.4039,8.45,357,42.261,0.7139,0.7826,53.209,0,11,1,1.1014,0,8,0,6783.84
2271.0,4508.31,1.9852,0.1361,4958.55,9.9868,14.0,369,26.361,1.3852,0.9769,27.596,5,9,0,0.9695,0,5,0,3850.12
1088.23,1418.67,1.3037,0.1813,1627.1,14.6919,12.26,484,39.487,0.7078,0.8277,39.769,5,2,0,0.983,0,9,1,1342.24
3522.69,5820.68,1.6523,0.1711,5208.71,-10.5137,12.38,210,16.964,1.0003,0.7162,21.806,6,2,0,1.0048,0,2,1,5133.77
3781.89,4637.53,1.2262,0.2582,4357.95,-6.0286,4.15,170,40.942,1.9695,0.9261,33.72,5,6,0,0.9786,1,2,0,4859.22
3087.77,5477.04,1.7738,0.202,5494.0,0.3095,3.29,68,20.683,0.7835,0.7835,16.24,3,11,1,1.0311,1,3,2,4577.22
1430.68,2854.98,1.9955,0.1256,2822.43,-1.1403,7.79,221,28.383,1.1191,0.8462,22.632,0,11,1,1.0692,0,9,2,2382.41
2770.05,5114.26,1.8463,0.2478,5044.68,-1.3605,45.95,442,9.618,1.1387,0.6014,12.443,3,2,0,0.9723,0,9,0,4278.29
1904.85,3090.34,1.6223,0.1794,3264.08,5.6222,3.3,152,46.101,1.1462,0.9307,50.313,5,2,0,1.0159,0,7,1,2579.43
2423.6,3785.74,1.562,0.1526,4323.9,14.2156,9.87,349,35.371,1.3035,0.788,31.253,2,6,0,1.0143,0,9,1,3107.49
3403.48,6329.72,1.8598,0.1751,7309.97,15.4865,8.7,375,43.084,1.131,0.7423,36.595,6,6,0,1.0121,0,8,2,5431.95
3853.47,7497.22,1.9456,0.1996,6449.11,-13.9799,25.03,280,11.185,0.5984,0.8177,8.21,2,8,0,0.9772,0,7,0,6476.12
1545.01,3075.85,1.9908,0.1686,2571.6,-16.3939,46.33,200,4.317,0.8132,0.76,3.363,3,11,1,1.0868,1,9,2,2633.38
2323.96,3455.87,1.4871,0.1484,3194.9,-7.5514,12.44,218,17.523,1.3335,0.9788,21.815,1,11,1,1.0389,0,1,2,3525.86
1711.23,3409.24,1.9923,0.1797,3732.75,9.4891,15.46,407,26.318,1.4223,0.8022,30.223,4,10,1,1.0451,0,3,0,2889.63
1393.84,1787.65,1.2825,0.1038,1997.49,11.7381,11.04,445,40.316,0.6898,0.7934,50.997,4,11,1,1.0835,1,3,2,1738.84
4025.24,5496.54,1.3655,0.2545,5239.91,-4.6689,5.03,103,20.489,1.6263,0.8503,19.551,0,1,1,1.0312,1,1,1,5313.57
4591.64,5627.8,1.2257,0.1342,5201.1,-7.5821,20.94,298,14.228,0.7877,0.7155,15.092,6,1,1,1.0375,0,7,2,5508.75
2166.04,2991.26,1.381,0.1088,2549.14,-14.7802,16.31,314,19.255,1.1809,0.9462,19.066,6,7,0,0.9582,0,2,0,2596.58
3880.76,6996.02,1.8027,0.2307,6263.49,-10.4707,8.71,309,35.477,1.1025,0.9327,43.595,2,9,0,1.0081,1,1,1,5889.19
4536.48,8505.83,1.875,0.2548,7147.54,-15.969,27.75,485,17.475,0.6335,0.8111,22.627,4,7,0,1.0107,0,6,1,6960.64
4307.56,7805.55,1.8121,0.2628,7193.13,-7.8459,6.82,334,48.979,0.8719,0.8912,61.697,2,4,0,0.9703,1,0,2,6894.67
1322.66,2230.54,1.6864,0.1987,2387.68,7.0449,23.92,229,9.574,0.3599,0.8064,10.137,6,9,0,0.9938,1,5,1,1896.17
4803.31,7622.24,1.5869,0.1411,6490.96,-14.8418,10.79,409,37.902,0.8213,0.7112,27.937,5,11,1,1.1046,0,2,0,6667.25
2195.04,3846.59,1.7524,0.2474,3571.64,-7.1479,1.77,53,29.869,1.853,0.6677,31.975,2,12,1,1.0533,0,2,2,4009.96
2026.58,3003.82,1.4822,0.2399,3038.23,1.1456,15.13,188,12.422,0.3858,0.8766,9.418,2,6,0,0.9761,0,4,1,2549.51
780.94,1456.54,1.8651,0.1493,1355.81,-6.9157,5.83,221,37.927,0.6476,0.7174,29.708,4,10,1,1.0538,1,2,0,1241.81
2687.78,4638.07,1.7256,0.2807,4525.96,-2.417,3.23,74,22.929,0.794,0.8127,18.683,4,11,1,1.0903,0,3,2,4478.69
990.56,1726.68,1.7431,0.1209,1724.52,-0.1253,10.11,348,34.438,0.3439,0.7612,31.617,5,1,1,1.0562,0,2,0,1486.9
1618.43,2598.46,1.6055,0.2965,2884.3,11.0004,13.81,462,33.451,0.3662,0.7765,35.293,4,6,0,0.9954,0,6,1,2198.26
1926.24,3664.57,1.9024,0.272,4167.49,13.7238,26.63,171,6.422,2.8014,0.7969,5.78,3,10,1,1.0919,0,2,2,3360.59
4139.72,5647.46,1.3642,0.2376,4952.57,-12.3044,9.3,392,42.159,1.341,0.8513,40.952,4,6,0,0.9586,0,9,2,5553.26
4439.7,6544.01,1.474,0.2877,6201.98,-5.2266,1.19,41,34.392,1.6484,0.858,25.05,2,1,1,1.0889,0,3,1,7509.03
1861.1,3370.44,1.811,0.2445,3471.77,3.0064,3.97,156,39.249,1.1914,0.8046,42.069,5,8,0,1.0076,1,1,0,2941.41
4364.14,6846.62,1.5688,0.1381,6844.93,-0.0248,14.56,334,22.941,1.3361,0.9407,25.102,2,5,0,0.9892,0,1,1,5765.63
4357.54,8304.74,1.9058,0.1884,6910.93,-16.7833,7.58,80,10.558,0.8528,0.7448,8.02,6,4,0,1.0025,1,8,2,7242.41
3940.93,5692.43,1.4444,0.1143,5339.42,-6.2014,12.19,207,16.984,1.6844,0.7476,19.89,5,10,1,1.1189,0,0,2,5888.87
1160.13,1698.35,1.4639,0.1779,1513.24,-10.8991,6.93,313,45.172,2.0483,0.8042,49.169,0,1,1,1.0705,0,0,1,1740.03
3606.45,6871.83,1.9054,0.2483,6644.42,-3.3093,1.81,85,46.963,0.713,0.841,46.674,1,5,0,1.0133,0,9,0,5761.31
4752.61,7341.42,1.5447,0.1773,6865.65,-6.4807,9.39,231,24.611,0.8834,0.7486,25.392,3,12,1,1.0767,0,0,1,6211.63
3571.43,5673.96,1.5887,0.1661,6117.39,7.8153,28.51,446,15.641,0.7482,0.8744,15.67,6,1,1,1.0669,0,2,0,4842.33
1992.28,2854.63,1.4328,0.2191,2742.1,-3.9422,4.78,176,36.785,0.9581,0.9631,26.937,5,3,1,1.0979,0,1,0,2874.9
2752.61,3812.83,1.3852,0.2744,3418.62,-10.339,2.75,106,38.534,1.4484,0.7725,43.97,0,10,1,1.1136,0,2,2,4505.16
3405.76,5815.53,1.7076,0.1095,6093.86,4.786,3.37,138,40.958,0.9145,0.913,41.248,5,1,1,1.0311,1,4,0,4914.1
2797.57,3502.17,1.2519,0.1771,3820.02,9.0756,40.03,101,2.523,0.4175,0.9356,2.028,3,10,1,1.1181,0,8,2,3648.84
1039.79,1972.88,1.8974,0.1316,1663.74,-15.6693,319.58,472,1.477,1.624,0.7584,1.637,3,3,1,1.0365,1,1,0,1697.85
1904.29,3451.18,1.8123,0.2391,3107.77,-9.9506,16.7,309,18.501,0.6824,0.891,20.666,2,2,0,0.9624,0,0,0,2800.18
4110.78,5393.91,1.3121,0.1211,4765.64,-11.6477,3.42,29,8.472,1.225,0.7578,7.016,2,4,0,0.9556,0,5,2,5170.88
4376.38,7614.54,1.7399,0.233,6704.11,-11.9565,4.77,193,40.444,1.2863,0.8935,47.639,2,7,0,0.9905,0,2,0,6308.88
1117.85,1858.13,1.6622,0.1572,2156.91,16.0793,11.8,320,27.109,0.8075,0.7319,26.402,2,1,1,1.1017,1,6,1,1594.56
4785.74,6254.27,1.3069,0.1398,5318.7,-14.9589,5.86,243,41.442,0.6327,0.8044,33.5,0,7,0,1.0041,0,5,0,5552.07
1979.7,2736.39,1.3822,0.2873,3142.62,14.8454,50.16,485,9.669,0.7873,0.8911,10.583,1,6,0,1.0022,0,6,2,2582.24
3480.41,5212.4,1.4976,0.1037,4991.19,-4.2438,9.86,313,31.734,2.2218,0.9299,33.576,1,4,0,1.0081,0,4,2,4664.69
3883.21,6773.71,1.7444,0.1876,7155.21,5.632,6.25,184,29.428,0.6223,0.8122,23.609,5,9,0,1.0131,0,0,1,5932.39
4153.76,7031.96,1.6929,0.1043,6865.86,-2.362,16.52,292,17.679,0.5766,0.9582,21.628,0,7,0,0.9713,0,2,0,6027.48
4755.87,7620.81,1.6024,0.1967,7921.82,3.9498,9.34,246,26.337,1.1001,0.7188,31.939,1,10,1,1.0596,0,2,1,6534.62
1908.14,3440.66,1.8031,0.2002,3511.75,2.0662,3.92,117,29.862,0.899,0.9105,35.887,5,10,1,1.1166,0,6,0,2911.1
4363.28,7828.8,1.7942,0.1643,7618.83,-2.682,9.8,437,44.585,0.8147,0.8113,41.889,4,5,0,0.9799,0,2,1,6624.5
1092.59,1830.29,1.6752,0.1264,1665.58,-8.999,19.32,72,3.726,0.6368,0.5228,4.452,6,2,0,1.0162,1,4,2,1595.72
3672.68,6680.4,1.8189,0.1753,7831.76,17.2349,1.64,68,41.345,0.9896,0.8174,49.899,6,11,1,1.0832,0,3,2,7082.18
3838.9,5505.46,1.4341,0.2345,6421.49,16.6387,4.92,241,49.028,0.9225,0.85,63.634,4,1,1,1.0545,0,3,1,6342.01
3549.75,6741.2,1.8991,0.2565,5584.73,-17.1554,4.1,151,36.857,1.9512,0.6565,46.977,4,2,0,1.0042,0,6,0,5452.04
1635.42,2735.52,1.6727,0.2062,2432.99,-11.0592,8.56,318,37.13,0.6421,0.7161,34.52,2,9,0,0.9929,0,0,0,2273.52
4428.69,8188.7,1.849,0.218,8431.3,2.9627,40.58,474,11.681,0.7841,0.9046,9.566,4,2,0,1.0037,1,6,2,6850.25
1259.86,2033.84,1.6143,0.1401,2424.71,19.218,3.49,93,26.631,1.9006,0.6038,23.314,5,5,0,0.9693,0,7,0,1676.7
741.36,990.21,1.3357,0.1575,1080.29,9.0975,12.19,434,35.591,0.772,0.7377,35.48,3,8,0,0.9502,0,2,1,852.56
3728.59,6006.94,1.611,0.1324,6771.84,12.7335,8.85,270,30.512,0.6971,0.8816,36.104,3,8,0,0.9823,0,2,1,5130.05
2639.64,3868.25,1.4654,0.1499,3580.79,-7.4311,21.64,430,19.871,1.2503,0.9692,22.53,5,11,1,1.0487,0,3,0,3279.96
4320.94,7530.86,1.7429,0.145,6684.13,-11.2435,9.69,456,47.066,1.0825,0.9362,55.191,0,9,0,1.0087,0,5,2,6483.36
2225.29,3459.04,1.5544,0.2039,3079.88,-10.9615,16.38,429,26.185,0.8567,0.8099,24.299,6,4,0,0.9536,0,6,2,2901.05
1257.25,2339.37,1.8607,0.2125,2323.72,-0.6687,4.7,228,48.524,1.0385,0.8489,41.155,3,10,1,1.037,0,0,2,1922.79
4263.99,7361.19,1.7264,0.289,8416.72,14.3392,1.01,29,28.63,1.2677,0.5879,20.455,5,7,0,1.0156,0,3,2,8322.1
2970.09,5143.79,1.7319,0.1391,4560.22,-11.3452,2.81,112,39.876,1.0837,0.8226,42.895,6,9,0,0.9641,0,6,2,4302.88
1351.38,1803.53,1.3346,0.2283,1854.26,2.8127,8.94,334,37.359,1.3344,0.6623,43.973,5,7,0,0.9982,0,1,1,1857.17
3741.73,7433.36,1.9866,0.2635,8351.52,12.3518,4.4,147,33.38,0.9102,0.9527,41.174,6,1,1,1.1007,0,0,0,6080.57
2800.01,5223.21,1.8654,0.212,5223.95,0.0142,32.78,56,1.709,0.5976,0.8044,1.684,0,11,1,1.0456,0,0,1,4375.5
3219.41,5861.43,1.8207,0.151,5666.6,-3.3239,36.71,176,4.794,1.3274,0.6566,6.024,1,6,0,1.0024,0,9,2,5185.32
2574.04,3682.64,1.4307,0.1525,3456.57,-6.1387,10.54,311,29.493,0.8733,0.889,24.227,3,2,0,0.9538,0,5,2,2986.98
4229.19,6789.06,1.6053,0.1079,7061.84,4.0179,1.2,55,45.677,0.862,0.8056,46.071,5,7,0,0.9691,1,4,0,5672.99
4233.03,5361.29,1.2665,0.1611,6042.59,12.7076,13.4,408,30.456,1.4521,0.8823,25.225,5,9,0,1.0179,0,0,0,5727.44
3692.25,5936.05,1.6077,0.2489,7114.07,19.8452,21.01,264,12.564,2.2936,0.6329,10.212,3,7,0,1.0092,0,9,0,5110.52
974.31,1241.27,1.274,0.1095,1424.66,14.7744,14.14,236,16.691,0.4317,0.818,21.231,0,12,1,1.0633,1,2,1,1120.45
4274.84,6925.6,1.6201,0.1439,6794.7,-1.89,8.78,277,31.535,0.854,0.8364,37.547,3,8,0,0.9715,1,6,0,5822.54
3519.56,5988.22,1.7014,0.2412,4980.39,-16.8303,2.51,76,30.256,0.9623,0.6961,21.393,0,2,0,0.973,1,8,1,5127.48
3636.61,5388.24,1.4817,0.2565,4570.39,-15.1785,8.78,420,47.829,1.0562,0.7132,41.186,3,10,1,1.1154,0,8,2,5832.15
2133.42,3357.5,1.5738,0.1911,2725.39,-18.827,4.57,123,26.925,0.9129,0.716,22.162,6,5,0,0.9693,0,5,1,2869.19
4456.76,8442.46,1.8943,0.2396,7978.68,-5.4935,1.47,27,18.396,0.9567,0.8146,14.501,6,10,1,1.12,0,2,0,6927.89
3764.17,4676.15,1.2423,0.1776,4641.64,-0.7379,5.28,141,26.725,1.2014,0.8756,29.89,6,1,1,1.0903,0,0,1,5165.35
1006.66,1835.11,1.823,0.132,2070.45,12.8244,3.97,157,39.525,0.9071,0.7836,41.111,5,3,1,1.1172,0,2,1,1536.09
2335.0,3024.16,1.2951,0.1796,2523.03,-16.5706,6.04,166,27.478,0.7662,0.7975,26.718,2,1,1,1.0806,0,9,1,3066.98
4488.71,5302.07,1.1812,0.216,4725.46,-10.8752,10.84,184,16.977,0.755,0.9218,13.814,6,2,0,0.9915,1,1,0,5162.02
712.39,931.61,1.3077,0.2896,935.58,0.4261,22.05,388,17.592,1.9427,0.6685,15.245,1,12,1,1.0548,0,4,1,1014.3
4826.37,8688.86,1.8003,0.1138,9904.52,13.9911,0.29,11,38.084,2.6957,0.7298,34.796,6,4,0,0.9567,0,7,0,7409.84
3556.23,5314.28,1.4944,0.2015,4437.72,-16.4944,98.22,418,4.256,0.8444,0.6424,4.985,3,6,0,0.9848,0,4,1,4444.51
3341.19,6320.34,1.8916,0.1658,5671.71,-10.2626,11.62,168,14.463,0.8534,0.7999,18.708,5,1,1,1.1198,1,0,1,5334.0
1717.52,2741.16,1.596,0.2017,2789.3,1.7562,37.42,318,8.499,1.2165,0.5257,6.887,1,9,0,0.9623,0,2,1,2469.18
1619.56,1893.13,1.1689,0.1048,1760.13,-7.0254,8.99,425,47.289,1.069,0.9166,42.793,3,1,1,1.1102,0,4,0,1978.5
4739.26,8337.34,1.7592,0.1626,9979.46,19.6959,70.18,380,5.415,0.929,0.8698,4.701,3,8,0,1.0181,0,6,0,7226.6
1842.23,2291.17,1.2437,0.264,2247.3,-1.9147,11.74,448,38.151,0.5353,0.7092,27.714,6,1,1,1.0651,0,4,0,2517.36
3989.77,7265.27,1.821,0.2108,8460.72,16.4543,15.46,493,31.891,0.6652,0.8698,26.518,6,1,1,1.0982,1,9,2,6154.66
2269.05,2933.62,1.2929,0.1901,3450.98,17.6355,14.0,448,32.007,1.4133,0.5024,39.72,2,8,0,0.9644,0,4,0,2819.51
1126.64,1626.46,1.4436,0.1571,1469.95,-9.6227,2.73,105,38.408,0.8698,0.761,46.309,4,2,0,1.017,0,6,1,1571.78
548.22,985.19,1.7971,0.1596,916.82,-6.94,12.27,253,20.624,2.6729,0.8923,16.511,6,1,1,1.0405,0,7,2,864.05
2949.16,5783.58,1.9611,0.1766,5376.74,-7.0345,20.64,426,20.636,2.6162,0.8646,18.979,4,7,0,1.0055,0,7,0,4963.91
4891.0,7168.84,1.4657,0.2671,6986.21,-2.5475,29.25,443,15.147,0.6321,0.953,13.427,1,1,1,1.0904,0,6,0,6125.79
2161.11,4008.84,1.855,0.2934,3308.34,-17.474,13.3,403,30.29,1.9364,0.921,23.888,1,4,0,0.9791,0,2,2,3344.64
2107.37,2765.23,1.3122,0.1877,3105.19,12.2942,2.08,97,46.56,0.9355,0.7897,49.974,2,10,1,1.0677,0,1,2,3073.41
2048.41,3761.1,1.8361,0.1787,3205.74,-14.7658,2.55,118,46.275,1.0752,0.9208,47.866,6,10,1,1.0652,0,0,0,3197.04
2842.45,4857.37,1.7089,0.2693,5622.24,15.7466,6.35,225,35.445,1.4211,0.6714,33.892,6,9,0,1.0147,0,5,2,5080.44
2482.99,3262.23,1.3138,0.1854,3362.17,3.0633,9.82,446,45.403,1.6508,0.773,55.088,0,10,1,1.0875,0,8,1,3701.05
4459.62,6275.25,1.4071,0.2104,6228.78,-0.7405,7.76,374,48.212,0.6973,0.8674,51.675,1,3,1,1.0268,0,2,1,5839.03
2774.84,3501.87,1.262,0.1462,3727.09,6.4315,3.78,151,39.96,2.9883,0.9798,34.188,4,6,0,0.997,1,4,1,3874.47
2784.91,4109.2,1.4755,0.2487,4821.07,17.324,22.64,475,20.984,1.15,0.9043,19.394,2,12,1,1.104,0,8,0,3958.61
1122.67,1485.41,1.3231,0.2064,1364.6,-8.1333,8.19,202,24.678,0.3722,0.8403,19.498,0,10,1,1.1166,1,8,1,1291.78
4922.33,8355.15,1.6974,0.2618,7587.1,-9.1926,9.76,455,46.632,0.8773,0.9525,49.188,5,11,1,1.0836,0,6,2,7465.85
1624.88,3242.17,1.9953,0.2561,3073.42,-5.2049,4.79,162,33.83,2.8799,0.7491,35.589,2,9,0,1.009,1,3,1,2805.83
830.14,963.13,1.1602,0.143,958.05,-0.5277,7.18,296,41.214,0.744,0.7335,50.368,4,4,0,0.9739,0,1,2,1029.63
3484.16,5608.73,1.6098,0.2431,4656.83,-16.9718,18.09,121,6.69,3.1418,0.8795,8.118,5,12,1,1.0944,0,1,1,4738.36
3179.15,5206.23,1.6376,0.26,5581.05,7.1995,1.43,15,10.501,1.0639,0.9471,12.624,2,12,1,1.0838,0,3,2,5887.0
2368.16,4563.62,1.9271,0.1692,4601.76,0.8358,21.11,377,17.861,0.998,0.9798,18.386,6,3,1,1.1109,0,0,1,3859.95
2399.87,3792.04,1.5801,0.1345,3852.59,1.5967,32.77,335,10.224,0.5918,0.8177,11.156,6,5,0,0.9775,0,3,1,3247.22
4032.79,6501.44,1.6121,0.1005,5850.38,-10.0141,2.31,105,45.417,1.3613,0.8924,52.925,3,12,1,1.0507,0,5,1,6271.22
1380.71,2141.35,1.5509,0.1902,2433.08,13.624,22.45,261,11.628,0.8491,0.8369,8.779,6,11,1,1.1003,0,5,2,2093.2
4191.14,5777.77,1.3786,0.1705,5542.18,-4.0776,0.67,19,28.302,0.9902,0.9379,24.916,4,7,0,0.9605,0,6,2,5921.34
3419.36,4095.11,1.1976,0.211,4344.53,6.0905,84.63,439,5.187,0.8996,0.8895,4.157,0,5,0,1.0187,1,4,1,3932.27
2385.36,3571.75,1.4974,0.1376,3200.37,-10.3976,28.28,243,8.593,1.5237,0.5321,8.652,6,11,1,1.0368,0,8,2,2982.61
2561.13,3059.79,1.1947,0.2719,3446.9,12.6517,18.52,243,13.123,0.9027,0.9604,15.782,2,11,1,1.0548,0,1,2,3596.91
1654.91,2677.51,1.6179,0.1516,2463.01,-8.0114,9.32,458,49.162,0.2852,0.693,41.219,4,11,1,1.0286,0,1,0,2269.86
3884.51,5481.83,1.4112,0.1453,6406.47,16.8675,9.76,391,40.056,0.6547,0.8249,45.606,4,4,0,0.9659,0,3,1,4711.92
2807.94,4502.7,1.6036,0.1961,4421.28,-1.8083,6.21,211,34.004,0.5171,0.929,32.083,6,1,1,1.0518,0,3,2,4336.73
1943.85,2457.32,1.2642,0.1998,2108.53,-14.194,4.86,223,45.897,2.0985,0.9273,56.997,6,6,0,0.9744,0,3,2,2822.86
3182.23,6182.22,1.9427,0.143,6457.19,4.4478,7.36,352,47.854,1.3482,0.94,51.495,0,4,0,1.0131,0,0,2,5358.14
4980.81,9515.05,1.9103,0.1544,9730.6,2.2654,11.24,261,23.225,1.0243,0.7583,29.866,4,6,0,0.98,0,3,2,7862.77
2458.68,3224.55,1.3115,0.1339,3123.22,-3.1426,12.84,219,17.057,0.9069,0.9337,14.454,0,6,0,1.0001,0,4,0,2827.48
4643.11,6695.03,1.4419,0.2437,7551.22,12.7884,0.43,7,16.45,0.4929,0.7783,20.635,4,12,1,1.0652,1,8,2,6998.83
2052.58,3430.82,1.6715,0.254,3322.8,-3.1485,161.78,445,2.751,0.8933,0.7857,2.515,2,4,0,0.9935,0,2,2,2982.91
746.3,918.94,1.2313,0.1925,785.22,-14.5511,0.88,13,14.702,1.6102,0.8494,15.778,0,8,0,0.9662,0,2,0,913.68
1419.09,2059.64,1.4514,0.2428,1671.26,-18.8567,20.98,386,18.397,1.5058,0.8896,14.804,6,4,0,1.0058,0,4,1,1759.32
2384.13,3250.63,1.3634,0.2472,3760.54,15.6865,45.94,129,2.808,1.2389,0.9407,3.246,0,5,0,1.0136,0,9,1,3279.35
1488.36,2869.83,1.9282,0.1277,2831.61,-1.3319,0.47,21,44.248,0.4987,0.891,56.945,4,5,0,0.9562,0,5,0,2444.0
501.02,939.23,1.8746,0.2932,962.89,2.5185,5.27,224,42.545,0.6933,0.7882,49.882,5,11,1,1.0405,0,2,1,809.02
4617.51,7585.91,1.6429,0.2642,6416.89,-15.4104,17.56,234,13.324,1.2045,0.5288,14.249,3,2,0,1.0195,1,0,1,6551.78
4297.46,6842.82,1.5923,0.1409,6813.84,-0.4235,8.43,340,40.325,0.5633,0.8771,39.072,5,8,0,0.9956,1,9,0,5722.91
3840.32,7454.5,1.9411,0.1372,7553.99,1.3346,11.32,453,40.014,1.4346,0.8748,36.299,5,8,0,0.9622,0,7,2,6546.48
1255.17,2438.24,1.9426,0.1251,2404.35,-1.3899,27.96,487,17.416,0.5139,0.7832,16.569,0,10,1,1.0423,0,0,0,2046.6
1041.64,2056.12,1.9739,0.1277,2429.61,18.1648,5.63,198,35.156,0.5762,0.4945,31.534,3,8,0,0.983,0,1,0,1783.88
804.22,1010.56,1.2566,0.2496,1039.42,2.8554,8.75,133,15.203,0.5157,0.9405,18.238,5,1,1,1.1053,0,2,0,1156.52
3758.13,4834.74,1.2865,0.1939,5752.15,18.9755,39.83,177,4.444,0.781,0.8124,5.492,1,7,0,1.0034,0,5,0,4321.85
4679.64,8073.43,1.7252,0.2566,6953.91,-13.8667,1.67,43,25.735,0.4674,0.7472,32.678,2,3,1,1.0758,0,3,0,6873.94
2437.41,3924.77,1.6102,0.2493,4575.01,16.5676,0.31,7,22.478,0.7842,0.9161,21.377,3,1,1,1.0591,0,3,2,4477.25
1036.13,1207.82,1.1657,0.2209,1233.38,2.1169,35.91,279,7.769,0.6341,0.8192,7.985,5,5,0,0.9891,0,8,1,1202.9
2805.77,3374.44,1.2027,0.2373,3099.27,-8.1545,1.04,26,25.037,0.7101,0.581,26.192,5,4,0,1.0099,0,5,0,3785.95
2069.74,3942.59,1.9049,0.1037,4330.13,9.8297,9.18,436,47.519,1.3973,0.6593,51.827,2,7,0,1.0098,0,1,2,3264.58
2186.71,4129.69,1.8885,0.1624,4222.63,2.2505,1.36,50,36.838,0.9947,0.4906,25.841,0,1,1,1.044,0,6,0,3565.2
3295.99,4791.31,1.4537,0.2276,4936.35,3.0271,11.05,411,37.205,1.3967,0.845,44.855,5,1,1,1.0686,0,2,2,5341.85
3734.23,7122.65,1.9074,0.1019,6187.98,-13.1224,11.59,442,38.12,3.0337,0.9478,32.817,6,8,0,0.9822,0,8,1,6155.06
997.72,1650.84,1.6546,0.1066,1769.67,7.1976,1.81,68,37.487,0.43,0.7503,36.861,2,11,1,1.0294,0,5,2,1358.25
660.16,1211.4,1.835,0.2704,1111.65,-8.2344,235.93,466,1.975,0.7615,0.629,2.38,3,4,0,0.982,0,7,2,982.27
4974.49,7527.97,1.5133,0.2368,7093.65,-5.7694,9.85,456,46.31,0.5977,0.896,60.115,5,12,1,1.1153,1,0,1,6601.65
1547.28,1928.51,1.2464,0.1531,2242.14,16.2631,6.72,280,41.677,0.7063,0.693,49.051,6,11,1,1.066,0,1,1,2230.86
742.24,1127.21,1.5187,0.2376,982.7,-12.8201,2.97,43,14.454,1.2072,0.859,10.333,5,9,0,1.0047,0,5,2,1200.91
1354.44,2084.08,1.5387,0.2585,2406.4,15.4658,6.2,174,28.084,2.4229,0.7298,25.873,0,10,1,1.0942,0,2,0,2472.0
675.31,1092.86,1.6183,0.1614,1093.04,0.0167,3.79,118,31.135,1.3802,0.6559,26.413,5,10,1,1.1185,0,0,0,1045.33
2263.15,2805.73,1.2397,0.1072,2444.92,-12.8596,48.76,364,7.465,1.2746,0.9822,9.544,3,5,0,0.9879,0,5,1,2633.43
4110.81,8191.57,1.9927,0.2866,9212.57,12.464,27.89,375,13.444,1.6824,0.8958,11.542,0,11,1,1.0718,0,4,0,6980.44
2035.6,2763.36,1.3575,0.169,2931.92,6.0999,125.28,268,2.139,2.1084,0.8489,2.708,3,6,0,0.981,0,8,1,2555.76
2498.83,3295.37,1.3188,0.1213,3093.46,-6.1272,4.15,180,43.334,2.4557,0.8482,54.709,6,11,1,1.0629,0,5,2,3790.7
3540.14,5656.37,1.5978,0.1984,5205.51,-7.971,23.42,52,2.22,1.2757,0.9392,2.673,6,2,0,1.0199,0,4,2,4825.19
2790.02,4482.53,1.6066,0.2537,4340.78,-3.1623,17.57,292,16.616,0.6181,0.7812,12.609,0,11,1,1.0644,0,0,0,3924.68
4376.51,6669.13,1.5238,0.1443,5698.67,-14.5515,39.3,190,4.834,0.8439,0.9679,3.39,5,3,1,1.0428,0,0,1,5615.37
4397.16,7941.75,1.8061,0.1539,8924.14,12.37,4.91,193,39.289,0.3588,0.9015,46.217,3,7,0,0.9975,0,0,0,6711.52
544.6,865.45,1.5892,0.1485,788.83,-8.8537,7.99,370,46.324,1.4669,0.7455,55.866,1,12,1,1.0912,0,6,0,728.62
4001.21,6674.98,1.6682,0.2983,7547.71,13.0747,1.36,39,28.578,0.6532,0.5598,36.503,3,7,0,0.9579,0,5,2,5837.91
2573.3,4542.35,1.7652,0.1395,4962.62,9.2521,9.82,77,7.839,0.6989,0.6493,6.514,3,6,0,0.977,0,4,0,3964.75
4949.78,5797.54,1.1713,0.2151,6822.16,17.6734,6.63,188,28.35,1.1934,0.8187,32.316,1,11,1,1.0905,0,3,2,6823.95
2674.54,4373.01,1.635,0.2851,3671.82,-16.0343,2.43,94,38.747,0.3776,0.8958,39.19,6,4,0,0.9904,1,7,1,3714.49
4941.03,9395.69,1.9016,0.1294,8828.88,-6.0327,10.75,389,36.202,1.6752,0.7452,32.477,2,12,1,1.0684,0,7,0,7956.2
3895.56,4537.47,1.1648,0.2942,4762.32,4.9554,0.64,24,37.344,1.3201,0.9662,39.726,0,10,1,1.0342,0,4,2,5202.67
1618.72,2419.03,1.4944,0.2895,2765.99,14.3431,6.95,102,14.68,0.8053,0.6457,15.104,5,4,0,1.0125,0,3,0,2268.08
2922.78,5662.28,1.9373,0.2769,4882.31,-13.7748,65.25,301,4.613,0.9757,0.9612,4.038,6,8,0,0.9893,0,1,1,4796.45
4964.61,7199.58,1.4502,0.1429,8240.35,14.4559,19.04,158,8.299,0.715,0.9649,7.146,6,9,0,0.9748,0,6,0,6325.93
4358.89,6712.34,1.5399,0.2268,5549.69,-17.321,7.47,357,47.82,3.6774,0.7582,47.435,3,8,0,0.9959,0,4,0,5641.86
938.15,1861.58,1.9843,0.2522,1842.49,-1.0257,6.66,207,31.062,0.6322,0.8675,30.578,2,8,0,0.9785,0,2,2,1561.65
3678.67,4853.74,1.3194,0.2972,4046.94,-16.6222,12.16,446,36.667,1.1752,0.8587,32.312,4,12,1,1.0626,0,8,1,4913.18
2055.11,2477.36,1.2055,0.1361,2130.41,-14.0052,7.68,346,45.054,0.8768,0.7,38.667,2,11,1,1.0986,1,8,1,2520.67
531.42,999.34,1.8805,0.2532,1109.24,10.9968,2.17,93,42.785,1.0273,0.913,54.447,4,5,0,0.9575,0,9,1,869.26
2315.66,4372.43,1.8882,0.1678,3530.53,-19.2548,27.6,323,11.702,1.2921,0.8632,14.246,0,11,1,1.0985,1,7,0,3683.74
1556.39,2414.38,1.5513,0.1351,2467.85,2.2146,9.88,38,3.845,1.3175,0.9403,4.576,4,2,0,0.9868,0,0,2,2163.0
4184.91,6641.77,1.5871,0.1843,5574.58,-16.0679,7.23,335,46.331,0.8365,0.6704,38.389,1,10,1,1.0897,0,2,0,5683.25
2017.99,3754.34,1.8604,0.2588,4221.77,12.4505,3.32,163,49.102,0.5593,0.6102,39.948,1,2,0,0.974,1,1,0,3268.91
4223.86,7509.07,1.7778,0.193,8434.69,12.3267,13.54,390,28.8,0.6935,0.767,34.145,2,2,0,0.9693,1,3,0,6361.93
502.69,691.39,1.3754,0.2075,747.47,8.1116,7.64,340,44.532,0.7943,0.5986,36.107,1,6,0,0.9983,1,1,1,578.09
1885.19,2195.03,1.1644,0.299,2419.75,10.2375,25.97,321,12.359,0.742,0.7913,12.385,1,10,1,1.0532,0,7,2,2467.87
1585.24,2469.41,1.5577,0.1798,2559.07,3.6311,8.38,54,6.441,0.594,0.8898,5.364,2,5,0,0.977,1,0,1,2081.66
1551.05,2916.1,1.8801,0.2231,2899.17,-0.5804,2.79,71,25.491,1.2511,0.8848,23.626,3,4,0,0.9601,0,3,0,2486.44
806.84,1542.24,1.9115,0.173,1486.81,-3.5943,1.01,41,40.748,0.5077,0.8143,49.39,0,12,1,1.0833,0,4,0,1338.7
1342.06,2634.18,1.9628,0.1786,2804.16,6.4527,12.39,410,33.078,0.9746,0.6848,40.846,4,4,0,0.9906,1,9,2,2182.4
2999.97,5692.84,1.8976,0.2391,5425.95,-4.688,11.95,385,32.229,0.4422,0.8614,41.833,2,8,0,0.9675,0,3,1,4823.18
1811.12,2975.75,1.643,0.2876,2383.92,-19.8883,175.16,325,1.855,1.7255,0.7374,2.35,6,10,1,1.0211,0,7,0,2481.23
2378.28,3633.8,1.5279,0.2085,3053.48,-15.97,7.91,131,16.557,0.7354,0.6905,18.258,1,2,0,0.989,0,1,0,3105.16
2195.9,3971.56,1.8086,0.2537,4212.73,6.0726,0.43,20,47.035,0.695,0.9295,45.109,4,5,0,1.0007,0,8,2,3356.58
4441.57,7900.88,1.7788,0.1178,7473.99,-5.4031,0.0,0,7.579,0.639,0.9223,5.568,3,7,0,0.9796,0,1,0,6756.72
4573.85,7352.1,1.6074,0.1422,8791.79,19.5821,4.51,165,36.592,2.3457,0.9562,38.967,5,12,1,1.1087,1,1,1,7888.63
2718.31,3327.83,1.2242,0.2004,3133.38,-5.8432,1.54,59,38.206,1.942,0.6519,31.574,0,7,0,1.0139,0,1,1,3885.63
1985.7,3846.64,1.9372,0.104,3244.14,-15.663,2.03,75,36.909,1.0276,0.7133,44.663,0,8,0,0.9694,0,9,0,3278.68
980.6,1507.44,1.5373,0.1506,1403.96,-6.8647,1.82,90,49.475,0.778,0.9788,50.927,1,3,1,1.0582,0,7,0,1323.05
4790.31,6988.27,1.4588,0.2035,7510.57,7.474,18.86,397,21.051,2.823,0.8497,24.0,3,2,0,0.9713,0,2,0,6055.09
771.02,1299.27,1.6851,0.103,1313.97,1.131,5.98,206,34.427,1.2825,0.8384,38.011,0,8,0,0.9548,0,9,2,1094.12
1839.43,3168.89,1.7228,0.1529,3308.7,4.4118,8.29,87,10.489,0.8802,0.6362,9.528,4,9,0,0.9558,1,9,2,2650.52
1841.3,2447.24,1.3291,0.2028,2066.68,-15.5505,3.93,81,20.586,0.7554,0.9472,23.786,4,1,1,1.0786,1,7,1,2332.39
1941.81,3614.47,1.8614,0.2146,4087.22,13.0793,0.64,16,25.086,1.5052,0.8545,30.255,5,9,0,0.9605,0,6,1,3056.31
1239.29,1730.6,1.3964,0.2852,2009.15,16.0955,28.46,328,11.527,0.8956,0.9046,13.215,1,8,0,1.0198,0,9,0,1630.68
4024.23,5266.43,1.3087,0.2291,4519.33,-14.186,9.46,430,45.434,0.512,0.8565,52.98,3,7,0,0.9881,0,3,0,4764.59
1051.24,1572.07,1.4954,0.1829,1651.38,5.0455,5.79,209,36.094,1.0897,0.8356,33.062,6,8,0,0.9719,0,6,0,1345.54
3357.08,5945.31,1.771,0.2861,5302.66,-10.8094,20.87,311,14.904,1.1268,0.6974,18.872,4,3,1,1.0913,0,7,2,5352.53
1057.31,2083.57,1.9706,0.257,1818.77,-12.7091,50.18,382,7.613,1.0224,0.8036,7.268,0,2,0,0.9563,0,5,2,1757.56
817.41,1502.31,1.8379,0.14,1324.78,-11.8173,3.44,52,15.105,1.2874,0.927,18.704,4,12,1,1.0804,1,5,0,1336.14
4592.43,8952.01,1.9493,0.1262,9028.35,0.8528,4.03,127,31.526,0.8507,0.9354,38.295,5,4,0,0.9876,0,2,0,7551.54
1355.58,1720.93,1.2695,0.2352,1986.57,15.436,3.49,145,41.494,1.0035,0.8469,32.141,0,7,0,0.9626,1,4,1,1558.92
4195.63,5078.81,1.2105,0.212,5726.06,12.7442,17.62,452,25.655,0.995,0.6945,32.833,3,2,0,0.9551,1,9,2,4832.36
2950.84,4792.31,1.624,0.2579,4108.7,-14.2647,50.31,303,6.022,0.512,0.6134,7.816,1,7,0,0.994,0,1,0,4040.92
850.35,1187.73,1.3968,0.2478,1192.45,0.3968,29.66,392,13.216,1.421,0.7249,14.058,5,7,0,0.9814,1,4,2,1089.62
4799.52,8897.57,1.8538,0.225,7655.06,-13.9646,17.25,309,17.912,1.3167,0.9402,20.955,5,10,1,1.1007,0,4,0,7658.22
1611.33,2773.4,1.7212,0.2973,2704.67,-2.4781,12.99,418,32.171,1.6399,0.7936,40.542,1,9,0,1.0035,0,6,0,2338.95
4368.4,8628.12,1.9751,0.2067,8843.91,2.501,37.52,491,13.086,0.6038,0.932,9.317,6,3,1,1.066,0,3,1,7137.07
1259.65,1721.4,1.3666,0.1226,1935.94,12.4632,19.82,247,12.462,0.8095,0.7362,15.678,1,9,0,1.0064,0,5,1,1448.59
4342.74,6787.34,1.5629,0.2657,7768.26,14.4522,28.55,429,15.024,1.7412,0.8329,16.172,2,7,0,0.9562,0,8,1,5941.81
559.53,881.85,1.5761,0.1504,715.25,-18.892,0.0,0,30.034,0.7497,0.911,35.953,1,11,1,1.0415,0,3,0,720.68
2803.01,3793.32,1.3533,0.2555,4080.42,7.5686,1.59,40,25.139,2.4553,0.7818,25.753,1,8,0,0.9904,0,5,1,4375.41
3962.49,6544.37,1.6516,0.2914,6309.19,-3.5936,1.7,72,42.24,0.4585,0.7401,43.014,0,3,1,1.0579,1,8,0,5486.48
4706.58,7185.97,1.5268,0.2394,7171.47,-0.2018,4.52,159,35.199,0.7538,0.4056,43.594,5,5,0,1.0022,0,9,2,6440.47
4591.41,7023.54,1.5297,0.2192,6242.08,-11.1263,6.27,211,33.674,0.7926,0.8932,33.825,3,11,1,1.0815,0,0,2,6680.73
4188.31,6107.92,1.4583,0.1921,4970.07,-18.6292,38.7,332,8.578,1.465,0.7615,8.433,3,7,0,0.9748,0,7,0,5312.03
4496.86,5236.1,1.1644,0.1729,5938.55,13.4156,79.6,295,3.706,2.2995,0.5978,3.947,4,8,0,0.9898,0,0,1,5732.2
1396.49,2225.7,1.5938,0.1706,1985.88,-10.7749,5.31,138,25.99,1.1641,0.6469,26.28,1,6,0,0.9987,0,3,1,1854.21
1778.83,2552.55,1.435,0.2273,2940.84,15.2119,98.66,445,4.51,0.2697,0.818,4.365,3,6,0,0.9854,0,2,2,2222.02
1800.36,2072.43,1.1511,0.2503,1715.73,-17.2119,22.77,429,18.837,0.9603,0.7874,15.226,6,5,0,0.9661,0,3,0,2074.37
2196.74,3101.26,1.4118,0.2357,2987.67,-3.6627,132.92,303,2.28,1.0635,0.9062,2.139,6,4,0,0.9975,0,6,0,2604.05
2269.94,3148.03,1.3868,0.1397,3453.2,9.6938,4.35,42,9.664,1.2172,0.9541,8.4,6,7,0,0.9861,0,8,0,2992.84
2950.5,4379.81,1.4844,0.1988,3953.65,-9.7301,27.78,178,6.408,0.9615,0.7423,6.025,3,10,1,1.1148,0,8,2,3851.68
1219.46,1539.05,1.2621,0.2583,1826.8,18.6965,4.67,188,40.248,1.9217,0.5982,42.498,5,5,0,0.9869,0,9,2,1769.08
3610.61,5710.29,1.5815,0.1951,6024.35,5.4999,13.64,245,17.96,0.6414,0.8764,19.133,3,8,0,0.974,0,0,1,4841.95
1254.05,2180.26,1.7386,0.2073,1933.8,-11.3043,61.07,297,4.863,0.5973,0.7658,4.101,3,12,1,1.0808,0,9,0,1879.66
1896.39,3196.66,1.6857,0.2542,3572.09,11.7445,10.92,153,14.009,0.7363,0.8279,10.516,0,1,1,1.0749,0,0,0,2785.59
2765.05,5068.87,1.8332,0.2323,6051.36,19.3827,2.99,103,34.458,3.6727,0.9129,39.511,1,8,0,1.0178,0,8,0,4390.15
4083.98,6265.67,1.5342,0.1819,5636.84,-10.0363,0.27,10,37.536,0.914,0.8431,38.18,3,12,1,1.0981,0,3,0,6115.05
3827.61,6090.6,1.5912,0.2791,6876.3,12.9002,3.49,24,6.873,1.7761,0.6547,6.635,0,5,0,0.9809,0,2,2,5812.36
3404.9,6261.08,1.8388,0.1325,7456.36,19.0906,7.54,295,39.15,1.7594,0.8747,30.449,2,4,0,1.0075,0,8,1,5351.07
1200.98,1817.74,1.5135,0.2991,1614.68,-11.1708,1.25,24,19.157,0.4234,0.8134,18.177,4,12,1,1.0297,0,4,2,1904.01
2961.7,5172.2,1.7464,0.1238,4622.97,-10.6188,2.42,83,34.29,0.9721,0.8432,40.836,6,6,0,0.9539,1,5,1,4266.47
893.51,1357.61,1.5194,0.103,1475.51,8.6845,3.1,105,33.904,1.7509,0.8917,35.56,0,12,1,1.0474,0,0,0,1231.69
2198.13,3308.36,1.5051,0.278,3904.74,18.0264,6.02,240,39.886,4.1823,0.8947,30.097,4,7,0,0.9725,0,0,0,3236.56
2360.82,4240.45,1.7962,0.149,4571.68,7.811,3.36,118,35.162,1.7146,0.9367,31.623,4,3,1,1.0247,0,6,0,3542.08
679.15,881.95,1.2986,0.2459,883.58,0.1846,157.68,458,2.905,0.8426,0.6638,3.741,2,12,1,1.1164,0,9,0,887.9
1732.95,2491.63,1.4378,0.2622,2098.18,-15.7908,4.04,107,26.455,2.0753,0.9292,27.161,2,4,0,0.983,0,7,0,2249.7
4800.42,6435.19,1.3405,0.2718,7527.56,16.975,35.98,329,9.143,0.8061,0.9591,7.971,2,7,0,0.9645,0,7,2,6421.84
4791.35,6972.58,1.4552,0.2983,5770.78,-17.236,3.69,179,48.528,0.5679,0.7762,60.567,6,7,0,1.0002,0,6,1,6431.22
2085.47,2806.67,1.3458,0.1588,2482.82,-11.5385,27.19,368,13.536,1.4189,0.9086,12.204,0,3,1,1.0953,0,8,2,2829.14
693.95,1139.81,1.6425,0.242,1117.35,-1.9701,6.02,130,21.585,0.4838,0.783,24.563,2,9,0,0.994,0,0,0,988.36
1305.93,2387.82,1.8284,0.1231,2388.41,0.0249,27.64,294,10.638,0.7425,0.7175,8.387,5,3,1,1.1088,1,1,1,1990.8
2264.98,4119.14,1.8186,0.1814,3386.23,-17.7929,11.85,90,7.595,2.103,0.837,6.03,3,8,0,0.9659,0,2,1,3473.07
4765.01,6956.08,1.4598,0.2696,5793.86,-16.7081,13.73,418,30.446,1.4278,0.8124,31.566,0,8,0,0.9528,0,4,0,5768.21
1135.4,2259.94,1.9904,0.1735,1921.07,-14.995,9.54,240,25.166,0.6492,0.8766,21.237,1,3,1,1.0685,0,3,1,1927.12
3935.82,6512.9,1.6548,0.2182,5313.74,-18.4122,12.71,246,19.358,1.0727,0.5823,14.124,2,7,0,1.0154,0,3,2,5562.31
989.07,1473.21,1.4895,0.2008,1754.56,19.0979,32.2,167,5.186,0.9536,0.8996,6.512,0,3,1,1.0657,1,7,2,1263.31
4915.66,9144.15,1.8602,0.2292,8185.66,-10.482,5.99,222,37.062,1.5741,0.6702,27.188,2,2,0,1.0092,1,7,2,7932.38
2217.27,3925.45,1.7704,0.2946,4521.36,15.1809,363.65,468,1.287,1.2092,0.8401,1.455,4,7,0,1.0032,0,6,2,3355.89
3988.56,7127.09,1.7869,0.1111,7937.68,11.3734,11.82,277,23.425,1.0805,0.9488,21.078,3,8,0,0.9984,0,0,1,6073.54
2041.66,2688.29,1.3167,0.2148,2909.68,8.2354,5.91,189,31.996,0.9819,0.7232,40.318,4,9,0,1.0016,1,9,2,2635.73
3324.51,5146.59,1.5481,0.2726,5471.68,6.3166,0.81,18,22.105,0.577,0.7677,28.551,6,1,1,1.0441,0,3,1,5738.54
1364.07,2567.94,1.8826,0.1963,2566.52,-0.0553,1.81,13,7.184,1.9939,0.916,6.475,2,9,0,0.9673,0,0,0,2207.63
1157.09,1826.4,1.5784,0.1157,1873.03,2.5532,12.37,484,39.134,1.233,0.7823,41.273,0,2,0,1.0045,1,4,2,1534.85
4721.29,8172.24,1.7309,0.2121,9449.26,15.6263,14.34,242,16.873,0.8485,0.8105,19.637,5,3,1,1.0529,1,2,0,6777.98
4629.41,7637.34,1.6497,0.1664,8485.17,11.101,14.2,108,7.603,0.8799,0.6834,5.885,3,8,0,1.0068,0,2,2,6526.79
4493.61,8385.09,1.866,0.131,7482.28,-10.7669,15.48,433,27.963,0.9502,0.6751,31.477,4,2,0,0.998,0,3,0,7052.17
3314.45,4613.31,1.3919,0.2698,3882.98,-15.8308,97.45,189,1.939,0.6629,0.5627,2.412,6,7,0,1.005,0,1,0,3818.81
4137.21,6781.52,1.6392,0.2043,6222.0,-8.2506,27.85,470,16.879,0.7528,0.8481,13.623,3,11,1,1.077,0,6,0,5633.68
810.67,1017.18,1.2547,0.2867,867.67,-14.6989,5.74,217,37.781,1.6349,0.8486,45.46,3,8,0,1.0072,1,3,0,932.27
2006.55,3484.73,1.7367,0.2612,4118.21,18.1785,6.52,298,45.723,0.4573,0.9266,35.177,2,10,1,1.0253,0,4,0,3037.05
1911.66,3387.8,1.7722,0.2386,3228.89,-4.6907,10.34,310,29.995,2.5325,0.759,31.224,3,5,0,0.9548,0,1,1,2854.0
3360.4,3986.82,1.1864,0.101,3465.71,-13.0709,20.15,235,11.663,1.0019,0.8421,10.539,1,11,1,1.0479,0,5,1,3864.46
2101.81,3624.41,1.7244,0.1856,3801.81,4.8947,14.18,167,11.78,0.6732,0.5446,11.58,1,3,1,1.0814,0,8,2,3034.43
1168.28,1755.33,1.5025,0.1395,1683.87,-4.0708,8.73,267,30.59,0.8412,0.7006,26.931,4,11,1,1.1123,0,7,1,1492.09
3184.1,3997.58,1.2555,0.2822,3546.6,-11.2815,9.17,192,20.931,1.2343,0.7105,17.924,4,12,1,1.0686,1,7,0,4182.95
4164.73,6275.92,1.5069,0.1349,5165.51,-17.6931,24.88,241,9.686,0.7862,0.901,11.099,5,9,0,0.9718,1,1,1,5506.85
2219.56,2918.93,1.3151,0.1572,2443.11,-16.3013,4.07,161,39.582,1.3906,0.8425,33.007,0,12,1,1.1137,0,3,1,3200.68
1095.21,1646.35,1.5032,0.2034,1688.04,2.5327,33.57,363,10.812,0.5879,0.7221,10.218,2,12,1,1.0837,1,7,0,1468.81
1385.1,2045.36,1.4767,0.1527,2250.17,10.0138,20.17,338,16.76,0.6712,0.6814,14.493,4,8,0,1.011,0,0,1,1760.63
1568.67,2788.53,1.7776,0.142,3263.45,17.0314,69.33,278,4.01,1.13,0.9553,3.381,0,3,1,1.0882,1,7,0,2349.96
1849.54,3344.12,1.8081,0.2198,3458.4,3.4174,12.84,454,35.367,0.7334,0.775,38.064,5,8,0,0.9866,1,2,1,2885.91
3392.58,5651.95,1.666,0.1178,5997.2,6.1086,9.25,134,14.489,2.6634,0.888,10.537,6,3,1,1.1143,0,7,0,4999.53
3204.25,3746.68,1.1693,0.1116,3360.0,-10.3206,15.47,192,12.41,1.5139,0.614,14.562,4,6,0,0.9794,0,5,2,3684.89
3632.36,7051.75,1.9414,0.1744,6415.3,-9.0255,25.28,401,15.865,1.2919,0.8815,16.305,0,12,1,1.0592,0,6,1,5948.76
2131.26,3694.11,1.7333,0.2441,3572.3,-3.2974,8.92,391,43.832,1.0573,0.6366,52.47,6,1,1,1.0693,0,1,2,3432.52
4207.99,4961.5,1.1791,0.211,5693.29,14.7494,3.34,88,26.383,0.8408,0.7616,21.84,2,4,0,0.9519,1,0,0,4929.57
1418.39,2618.37,1.846,0.1846,2550.66,-2.586,4.69,41,8.736,0.8798,0.9794,9.834,2,8,0,0.9933,1,5,0,2209.79
2610.68,3446.69,1.3202,0.2132,3087.73,-10.4146,2.36,92,38.95,0.6587,0.8349,37.094,4,6,0,0.962,0,2,2,3560.89
4104.22,6740.52,1.6423,0.1731,7871.58,16.7799,19.08,214,11.214,1.1118,0.954,8.367,1,11,1,1.1006,0,3,0,5743.93
1310.71,2027.2,1.5466,0.2872,1955.39,-3.5426,16.41,348,21.211,0.5364,0.8398,24.425,3,5,0,0.9751,1,8,0,1738.28
994.38,1498.4,1.5069,0.111,1246.38,-16.8196,0.0,0,28.836,2.0734,0.9277,33.372,4,6,0,0.9662,0,2,0,1291.87
4476.58,8533.51,1.9063,0.2347,8688.73,1.819,11.27,334,29.638,1.031,0.5374,25.564,0,7,0,1.0022,0,1,0,7078.21
2043.18,3109.23,1.5218,0.2783,3266.48,5.0574,90.81,398,4.383,1.9835,0.8135,5.477,6,1,1,1.0506,0,1,0,2907.29
3577.42,4343.13,1.214,0.2608,5134.25,18.2154,9.78,411,42.003,1.563,0.8448,48.656,2,3,1,1.1189,0,1,0,5038.45
614.07,1200.29,1.9546,0.1368,1347.49,12.2639,6.66,163,24.492,0.9659,0.8886,21.652,4,12,1,1.1171,0,5,0,992.47
3605.21,6966.91,1.9325,0.1592,5855.3,-15.9555,2.12,105,49.474,1.2498,0.7681,41.729,2,12,1,1.0937,0,1,0,5991.21
1922.46,3329.25,1.7318,0.2434,3345.13,0.477,6.39,231,36.155,0.8081,0.7731,34.855,4,1,1,1.1029,0,6,2,3632.5
750.83,1162.07,1.5477,0.1169,1131.45,-2.6354,9.65,479,49.636,0.953,0.8127,43.465,2,9,0,0.9586,0,6,1,987.81
3244.16,3986.84,1.2289,0.2624,3816.91,-4.2623,1.94,45,23.22,0.6784,0.9852,19.278,1,4,0,0.9688,0,6,0,4161.64
1583.62,2885.57,1.8221,0.2438,2469.83,-14.4075,25.83,204,7.898,2.2998,0.896,7.42,0,2,0,0.9941,0,1,2,2401.55
2240.63,2720.48,1.2142,0.2459,2584.82,-4.9865,0.55,20,36.638,1.0986,0.8268,26.212,4,12,1,1.0523,0,6,0,3220.72
862.61,1042.31,1.2083,0.12,1029.84,-1.1964,4.5,176,39.11,1.5267,0.9088,36.797,2,11,1,1.1186,0,9,1,1159.65
1162.23,1867.45,1.6068,0.2436,1657.45,-11.2451,3.88,166,42.789,0.8034,0.9634,35.643,4,5,0,0.9636,0,7,0,1616.63
1840.9,2367.59,1.2861,0.236,2439.43,3.0342,18.58,293,15.771,2.2009,0.8322,13.541,0,2,0,0.991,0,7,2,2475.78
903.92,1045.44,1.1566,0.2662,928.89,-11.1487,10.14,264,26.024,0.6961,0.6271,19.505,4,7,0,0.9818,0,1,2,1180.78
4598.72,6942.44,1.5096,0.1083,5890.85,-15.1473,6.39,275,43.018,0.9441,0.4864,45.313,6,4,0,0.9911,0,4,1,5811.39
527.21,667.78,1.2666,0.1046,797.06,19.3594,7.82,339,43.372,0.7902,0.7487,42.644,3,5,0,1.0117,0,5,0,614.22
2677.37,3444.27,1.2864,0.1746,3703.83,7.536,3.1,7,2.259,1.1474,0.8051,2.598,2,9,0,0.9873,0,8,2,3950.54
1054.61,1281.75,1.2154,0.1298,1330.35,3.7919,7.94,269,33.875,0.7079,0.7937,43.775,0,12,1,1.0402,0,5,1,1236.42
1884.56,2495.77,1.3243,0.2117,2323.57,-6.8998,10.4,317,30.483,1.3435,0.7212,23.524,5,2,0,1.0021,0,9,1,2423.2
4667.27,8205.81,1.7582,0.2835,7248.49,-11.6664,41.51,211,5.084,1.1406,0.3431,4.389,1,11,1,1.048,0,5,0,7243.35
1227.63,2255.87,1.8376,0.1783,1923.35,-14.7402,3.48,162,46.577,0.9235,0.9266,51.676,3,5,0,0.9838,0,9,2,1916.26
4846.25,7437.31,1.5347,0.269,6136.15,-17.495,13.58,310,22.823,0.587,0.8764,19.226,4,4,0,0.9502,0,9,0,6210.19
1426.07,2254.01,1.5806,0.1,2434.07,7.9885,1.29,44,34.039,0.9604,0.8052,24.443,5,3,1,1.0379,0,5,0,1984.23
3837.05,4519.11,1.1778,0.1337,4114.56,-8.9519,9.13,404,44.257,0.9487,0.9208,33.896,4,11,1,1.0942,0,8,0,4736.0
2960.05,3578.46,1.2089,0.1061,3318.13,-7.275,31.45,232,7.376,1.5655,0.8637,7.082,3,1,1,1.0377,0,9,2,3729.16
4480.15,6133.03,1.3689,0.1656,5301.37,-13.5604,1.21,52,42.936,0.8653,0.6172,41.153,6,12,1,1.0746,0,6,1,6797.84
2992.97,4825.61,1.6123,0.2816,4086.64,-15.3134,6.36,232,36.491,0.6128,0.7207,46.832,1,6,0,0.9588,1,0,0,4226.66
2905.52,5167.81,1.7786,0.1194,5157.46,-0.2002,10.37,437,42.14,0.4125,0.6783,41.279,1,7,0,0.9663,0,0,0,4376.13
1379.56,2295.94,1.6643,0.2213,2504.88,9.1006,13.51,341,25.247,1.7764,0.7307,27.944,4,1,1,1.1087,0,3,2,2301.22
1248.03,1851.22,1.4833,0.1903,2214.75,19.6373,64.38,170,2.641,0.9146,0.6446,2.628,4,6,0,0.9584,0,1,0,1556.61
4624.2,5782.91,1.2506,0.2877,5411.64,-6.4201,0.15,5,33.855,1.1787,0.7434,29.182,6,1,1,1.1171,0,2,1,6775.18
1975.27,3582.47,1.8137,0.1245,3817.24,6.5535,22.63,438,19.352,0.7728,0.8794,14.771,1,6,0,0.9978,0,6,0,3035.44
2174.37,3172.88,1.4592,0.1424,2685.61,-15.3574,2.08,43,20.718,0.7412,0.7181,25.182,1,4,0,0.9974,0,6,1,2683.82
3919.21,6959.12,1.7756,0.1059,7114.11,2.2271,3.98,90,22.622,0.9533,0.8461,17.907,1,6,0,1.0112,0,2,0,5819.43
2024.71,3211.25,1.586,0.1868,3234.47,0.7233,7.75,195,25.153,0.6585,0.9473,19.069,5,1,1,1.0811,1,1,0,2725.05
4784.28,8505.79,1.7779,0.1556,6913.71,-18.7177,0.09,3,33.435,0.8321,0.7973,27.694,4,1,1,1.0496,0,0,0,6992.83
3820.67,7340.27,1.9212,0.274,7290.31,-0.6805,3.28,120,36.612,1.4294,0.871,25.683,2,3,1,1.0811,0,8,1,6744.71
3188.43,6162.84,1.9329,0.221,6151.58,-0.1827,1.59,62,39.065,1.4204,0.6407,29.032,3,6,0,1.0081,1,9,0,5311.26
4464.03,7164.05,1.6048,0.2228,6797.31,-5.1192,2.68,91,33.909,0.7777,0.7326,36.659,1,3,1,1.0349,0,2,0,6329.92
723.23,1146.16,1.5848,0.2064,1179.87,2.9419,6.09,246,40.37,0.8917,0.6941,34.159,6,7,0,0.9837,1,8,0,954.22
1656.78,2279.45,1.3758,0.1184,1865.1,-18.1774,31.21,218,6.985,0.3819,0.6465,6.308,4,11,1,1.0735,0,3,1,1965.2
2592.66,5043.84,1.9454,0.189,5738.78,13.7779,10.5,441,42.004,0.4338,0.7537,50.454,0,4,0,1.0017,0,9,0,4379.33
1521.4,2341.79,1.5392,0.2999,2361.01,0.8205,21.88,437,19.977,0.7732,0.7243,23.248,4,12,1,1.0592,0,5,2,2331.61
3847.57,4841.99,1.2585,0.267,3935.86,-18.714,12.49,336,26.91,1.0221,0.8404,26.785,2,9,0,0.9847,0,6,1,4607.85
4636.44,7037.18,1.5178,0.2787,8398.92,19.3507,10.33,230,22.255,0.5297,0.8682,23.764,2,7,0,1.0043,0,9,2,6927.51
2406.97,3027.95,1.258,0.2646,2884.73,-4.7299,12.05,293,24.31,1.4218,0.8044,18.269,5,4,0,1.0096,1,5,0,2861.77
2039.6,3216.75,1.5772,0.1206,3843.03,19.4691,12.48,187,14.986,1.5305,0.8678,17.338,6,9,0,0.9524,0,0,1,2716.61
4826.98,7853.9,1.6271,0.1455,6849.64,-12.7867,32.91,307,9.328,0.656,0.9548,9.418,6,5,0,0.9945,0,5,1,6308.39
2501.84,3595.37,1.4371,0.1006,2919.4,-18.8011,67.1,412,6.14,0.6417,0.9352,6.401,1,4,0,1.0119,0,5,0,3064.03
2700.72,3270.31,1.2109,0.1607,3549.44,8.5354,7.22,167,23.119,1.2284,0.9783,25.415,3,2,0,1.0004,0,4,2,3738.83
2082.42,4064.85,1.952,0.1217,4789.08,17.817,63.61,454,7.138,2.3038,0.8414,7.139,4,9,0,1.0041,0,2,1,3394.88
4592.97,8301.1,1.8074,0.1946,6898.52,-16.8963,20.22,263,13.004,0.8116,0.8658,13.174,3,12,1,1.1185,0,9,1,7005.67
3060.3,5701.49,1.863,0.2354,6238.63,9.4211,13.78,104,7.547,1.5971,0.6919,7.546,0,10,1,1.1081,0,2,1,4952.61
3929.79,5744.71,1.4618,0.2749,4754.79,-17.2318,75.63,480,6.347,0.9868,0.8496,6.335,3,8,0,1.015,0,9,1,4936.09
4153.13,7461.96,1.7967,0.2498,8339.21,11.7563,5.04,223,44.241,1.031,0.7156,50.882,6,6,0,1.0134,0,6,1,6220.19
2038.32,3185.01,1.5626,0.2877,3288.54,3.2506,12.28,418,34.027,0.9104,0.6947,32.541,3,1,1,1.0239,0,7,0,2850.46
2451.62,3238.4,1.3209,0.1108,3603.47,11.2729,10.05,465,46.264,1.5971,0.6883,32.465,1,8,0,0.9744,0,2,1,3013.09
4318.12,5422.53,1.2558,0.1024,5143.77,-5.1407,3.5,114,32.557,2.6935,0.7869,34.746,6,4,0,0.9758,0,2,2,5715.72
2134.65,3080.92,1.4433,0.2323,3580.51,16.2154,8.92,378,42.354,1.5334,0.8007,53.857,6,1,1,1.1117,0,6,1,3530.85
4072.71,5159.79,1.2669,0.1579,4752.5,-7.8935,8.3,234,28.21,0.5544,0.9628,24.096,0,3,1,1.0417,1,9,0,4683.61
4734.47,9461.96,1.9985,0.1507,8641.44,-8.6719,11.45,271,23.669,0.8806,0.9854,28.159,5,6,0,0.9896,0,6,0,8178.82
3304.45,3938.27,1.1918,0.1662,4663.92,18.4254,10.15,273,26.895,0.3777,0.7174,26.177,2,2,0,0.9933,0,8,2,4082.61
3837.32,5851.81,1.525,0.154,4968.93,-15.0874,26.48,442,16.691,2.7945,0.7134,18.123,3,8,0,1.001,0,5,1,5114.85
4122.94,6325.74,1.5343,0.2023,6559.94,3.7023,6.89,229,33.241,1.1925,0.8388,41.036,6,5,0,0.9546,0,6,2,5760.14
4302.68,6047.57,1.4055,0.188,6226.6,2.9603,4.8,216,44.962,0.6695,0.7256,52.273,6,5,0,0.9547,0,9,2,5773.77
2277.74,3725.58,1.6356,0.2025,3333.26,-10.5305,0.84,33,39.335,1.1402,0.7965,48.412,0,1,1,1.0959,1,0,2,3270.22
730.69,933.44,1.2775,0.2345,865.14,-7.3168,16.37,387,23.638,2.5669,0.6238,16.682,0,9,0,1.0021,0,6,2,967.72
2308.44,4192.88,1.8163,0.1774,3834.96,-8.5365,4.11,196,47.742,0.6583,0.8758,38.785,2,11,1,1.0723,1,1,1,3632.09
3531.9,5059.74,1.4326,0.1503,5760.14,13.8427,7.75,382,49.286,0.7519,0.9542,47.023,1,2,0,0.9517,1,6,0,4359.04
2526.58,4175.52,1.6526,0.1332,3991.06,-4.4179,18.32,461,25.162,0.5561,0.8804,30.413,0,9,0,0.9927,0,2,0,3580.65
3870.33,6805.18,1.7583,0.1699,6420.56,-5.6519,10.33,448,43.367,1.3279,0.6876,52.172,2,10,1,1.0494,0,8,1,5753.12
2106.42,4014.18,1.9057,0.2484,4233.71,5.4688,256.13,316,1.234,0.9326,0.7715,1.001,4,10,1,1.0509,0,4,2,3472.99
3356.35,6244.22,1.8604,0.2513,6232.99,-0.1797,49.93,213,4.266,0.3399,0.8045,3.35,0,11,1,1.0466,0,6,1,5239.25
1338.89,2232.01,1.6671,0.2334,2165.92,-2.9611,21.46,45,2.097,1.1838,0.8811,2.518,6,1,1,1.0266,1,7,2,1843.3
3872.16,5731.32,1.4801,0.1468,6211.42,8.3768,10.39,404,38.885,1.6076,0.8352,39.852,4,10,1,1.1044,0,1,2,6282.64
2955.63,4663.17,1.5777,0.2176,4500.18,-3.4952,67.63,332,4.909,0.7662,0.9538,5.283,4,8,0,0.9578,0,0,1,3809.26
1418.29,2557.78,1.8034,0.2141,2273.52,-11.1137,130.21,239,1.835,0.9776,0.9146,2.176,6,3,1,1.0924,0,6,1,2135.71
1813.6,3438.43,1.8959,0.1969,3771.06,9.6739,30.77,253,8.224,0.904,0.6076,6.801,0,3,1,1.1128,0,5,2,2909.01
3868.74,4790.33,1.2382,0.21,3962.2,-17.2874,14.18,227,16.008,1.4102,0.7851,12.517,2,7,0,0.9762,0,5,2,4881.48
2671.71,3946.45,1.4771,0.1984,4735.23,19.9871,9.26,220,23.77,0.4369,0.8978,28.891,6,7,0,0.989,0,1,2,3481.22
1472.14,2664.13,1.8097,0.2131,2767.11,3.8652,89.9,378,4.205,0.7201,0.6666,3.225,6,7,0,0.9944,0,2,2,2257.06
4852.72,7361.11,1.5169,0.2431,6525.78,-11.3479,6.48,165,25.45,0.8581,0.7864,19.162,4,11,1,1.0409,0,3,1,7199.36
3718.06,5325.73,1.4324,0.1219,4682.77,-12.0727,5.47,72,13.155,1.4701,0.8378,11.395,1,7,0,0.9972,0,2,0,4463.89
4807.11,7208.85,1.4996,0.2499,6556.35,-9.0514,15.51,224,14.444,1.0011,0.919,12.857,3,3,1,1.0904,0,1,0,6289.5
2421.97,4026.33,1.6624,0.1272,4637.16,15.1709,2.06,85,41.273,0.5197,0.9073,34.863,5,8,0,1.0195,0,2,2,3809.82
2637.95,5275.47,1.9998,0.1133,5964.84,13.0675,1.62,80,49.359,0.7498,0.6492,56.515,4,1,1,1.0429,1,5,0,4490.33
4540.8,7124.71,1.569,0.2952,6111.66,-14.2189,18.67,443,23.729,1.8774,0.7713,30.469,4,3,1,1.1098,1,8,0,6013.14
2862.72,3799.46,1.3272,0.2914,3951.5,4.0016,12.76,214,16.767,0.516,0.7509,13.745,3,8,0,1.01,0,3,0,3540.55
3682.76,4744.93,1.2884,0.1121,5524.82,16.4361,3.49,163,46.641,1.6716,0.7509,54.528,2,2,0,0.9618,1,5,0,4235.17
1634.78,1938.84,1.186,0.1887,2119.65,9.3254,15.24,389,25.522,1.5967,0.9466,18.543,1,7,0,0.9813,1,0,0,1891.8
2510.27,4079.17,1.625,0.1372,4221.88,3.4983,6.5,239,36.787,1.8394,0.8538,28.376,1,4,0,0.9939,0,5,0,3466.74
1055.52,1702.44,1.6129,0.1971,1504.02,-11.6548,19.84,422,21.273,1.7332,0.6779,21.466,4,6,0,0.96,1,2,2,1425.54
1426.91,1889.87,1.3244,0.266,2225.15,17.7411,37.71,412,10.925,1.9764,0.8744,14.2,6,9,0,0.9538,0,8,2,2032.37
504.25,877.91,1.741,0.2901,1015.49,15.6722,12.39,410,33.089,0.4075,0.7725,42.011,0,8,0,0.9778,0,3,2,763.11
676.69,1204.47,1.7799,0.2269,1118.34,-7.151,2.03,68,33.577,1.9241,0.8681,25.759,0,4,0,0.9745,1,6,1,1033.27
4897.78,6711.1,1.3702,0.1708,6704.88,-0.0926,5.78,136,23.549,1.2809,0.7021,19.871,5,7,0,1.0021,0,3,0,6623.42
1590.59,2294.4,1.4425,0.2207,1910.63,-16.7264,10.61,151,14.228,0.7512,0.8458,18.033,4,3,1,1.0279,0,5,0,1950.13
3484.9,6941.57,1.9919,0.1624,7306.58,5.2582,10.68,446,41.759,0.5542,0.9195,33.008,5,9,0,0.9516,0,6,1,5922.11
4275.95,6277.63,1.4681,0.282,5158.65,-17.8248,27.74,402,14.491,1.0153,0.6092,16.601,0,12,1,1.0207,0,1,0,5372.38
2977.97,5350.47,1.7967,0.2741,6219.42,16.2407,2.88,96,33.292,3.2889,0.7866,23.327,1,2,0,1.0103,0,9,2,5797.09
1189.15,1825.13,1.5348,0.2116,2102.83,15.2157,19.08,378,19.815,1.2979,0.7898,21.381,1,6,0,0.9552,0,5,2,1552.62
3776.52,6889.68,1.8243,0.165,6287.39,-8.7419,6.5,157,24.152,0.7844,0.9557,24.073,3,5,0,0.9678,0,7,1,5617.18
3201.13,5773.78,1.8037,0.1587,6332.8,9.682,16.29,185,11.359,3.2686,0.9663,11.161,1,4,0,0.9937,1,5,2,4882.47
3790.63,6510.75,1.7176,0.1067,6352.82,-2.4257,5.09,167,32.825,1.3809,0.9406,39.308,5,2,0,0.9626,0,1,1,5408.01
3963.86,7438.43,1.8766,0.2632,8466.01,13.8145,20.14,243,12.065,1.4033,0.8895,9.03,2,9,0,1.0182,1,3,2,6232.91
4889.35,9526.09,1.9483,0.1901,7855.1,-17.5412,4.76,118,24.8,1.1561,0.7032,22.975,1,5,0,0.9794,1,0,0,8010.91
3081.03,5062.1,1.643,0.165,5073.65,0.2283,11.41,195,17.095,1.2933,0.841,16.541,6,1,1,1.0713,0,6,2,4771.7
2037.39,2754.24,1.3518,0.1942,2641.19,-4.1045,5.95,287,48.217,0.2914,0.7106,37.337,6,5,0,0.9858,0,7,1,2342.99
3418.09,5088.97,1.4888,0.2637,4601.18,-9.5853,7.49,368,49.129,1.0796,0.8097,36.915,4,7,0,0.9716,1,9,0,4289.23
807.98,1449.97,1.7946,0.1249,1281.36,-11.6288,1.69,64,37.921,1.4888,0.743,30.631,5,3,1,1.065,0,1,1,1214.73
4538.29,7729.84,1.7033,0.2715,8275.67,7.0613,3.27,161,49.212,2.2038,0.7374,41.566,0,7,0,0.9833,0,9,0,7016.9
1037.21,1349.55,1.3011,0.2795,1188.63,-11.9241,12.8,84,6.564,3.1493,0.9223,8.4,0,6,0,0.9945,0,4,0,1352.76
1975.29,2357.62,1.1936,0.2893,2482.28,5.2878,8.34,414,49.624,1.7373,0.8324,48.898,1,7,0,0.9775,1,7,2,2685.56
4170.85,7217.74,1.7305,0.1795,6899.32,-4.4116,9.55,58,6.074,1.1121,0.9454,6.112,1,9,0,1.0198,0,7,2,6236.17
3187.91,4346.45,1.3634,0.1434,3898.96,-10.2955,21.59,461,21.357,1.0358,0.7624,24.01,0,2,0,0.9645,0,4,0,3666.09
